5.00000000000000e+04	5.20265010209469e+02     2.51969180512149e+01
5.01152619038950e+04	5.20355954380506e+02     2.52261652698127e+01
5.02307895139198e+04	5.20447291381422e+02     2.52552730330805e+01
5.03465834425902e+04	5.20539022732760e+02     2.52842395108282e+01
5.04626443038342e+04	5.20631149958756e+02     2.53130628574322e+01
5.05789727129949e+04	5.20723674587323e+02     2.53417412117158e+01
5.06955692868340e+04	5.20816598150025e+02     2.53702726968281e+01
5.08124346435348e+04	5.20909922182055e+02     2.53986554201217e+01
5.09295694027058e+04	5.21003648222211e+02     2.54268874730306e+01
5.10469741853840e+04	5.21097777812869e+02     2.54549669309458e+01
5.11646496140377e+04	5.21192312499961e+02     2.54828918530906e+01
5.12825963125704e+04	5.21287253832946e+02     2.55106602823953e+01
5.14008149063237e+04	5.21382603364784e+02     2.55382702453706e+01
5.15193060220808e+04	5.21478362651911e+02     2.55657197519796e+01
5.16380702880699e+04	5.21574533254207e+02     2.55930067955098e+01
5.17571083339672e+04	5.21671116734972e+02     2.56201293524435e+01
5.18764207909006e+04	5.21768114660891e+02     2.56470853823271e+01
5.19960082914530e+04	5.21865528602011e+02     2.56738728276402e+01
5.21158714696652e+04	5.21963360131702e+02     2.57004896136626e+01
5.22360109610400e+04	5.22061610826634e+02     2.57269336483416e+01
5.23564274025450e+04	5.22160282266738e+02     2.57532028221570e+01
5.24771214326161e+04	5.22259376035176e+02     2.57792950079860e+01
5.25980936911611e+04	5.22358893718308e+02     2.58052080609670e+01
5.27193448195629e+04	5.22458836905656e+02     2.58309398183619e+01
5.28408754606829e+04	5.22559207189870e+02     2.58564880994175e+01
5.29626862588644e+04	5.22660006166691e+02     2.58818507052267e+01
5.30847778599362e+04	5.22761235434914e+02     2.59070254185873e+01
5.32071509112158e+04	5.22862896596352e+02     2.59320100038609e+01
5.33298060615129e+04	5.22964991255795e+02     2.59568022068301e+01
5.34527439611329e+04	5.23067521020975e+02     2.59813997545549e+01
5.35759652618803e+04	5.23170487502521e+02     2.60058003552280e+01
5.36994706170622e+04	5.23273892313920e+02     2.60300016980290e+01
5.38232606814917e+04	5.23377737071477e+02     2.60540014529776e+01
5.39473361114914e+04	5.23482023394271e+02     2.60777972707856e+01
5.40716975648969e+04	5.23586752904108e+02     2.61013867827076e+01
5.41963457010602e+04	5.23691927225484e+02     2.61247676003914e+01
5.43212811808533e+04	5.23797547985532e+02     2.61479373157262e+01
5.44465046666717e+04	5.23903616813981e+02     2.61708935006908e+01
5.45720168224378e+04	5.24010135343105e+02     2.61936337071994e+01
5.46978183136047e+04	5.24117105207677e+02     2.62161554669478e+01
5.48239098071593e+04	5.24224528044920e+02     2.62384562912568e+01
5.49502919716261e+04	5.24332405494454e+02     2.62605336709162e+01
5.50769654770707e+04	5.24440739198249e+02     2.62823850760260e+01
5.52039309951037e+04	5.24549530800568e+02     2.63040079558378e+01
5.53311891988833e+04	5.24658781947919e+02     2.63253997385939e+01
5.54587407631201e+04	5.24768494288995e+02     2.63465578313661e+01
5.55865863640796e+04	5.24878669474623e+02     2.63674796198933e+01
5.57147266795865e+04	5.24989309157707e+02     2.63881624684167e+01
5.58431623890281e+04	5.25100414993168e+02     2.64086037195157e+01
5.59718941733576e+04	5.25211988637888e+02     2.64288006939412e+01
5.61009227150982e+04	5.25324031750647e+02     2.64487506904477e+01
5.62302486983463e+04	5.25436545992066e+02     2.64684509856256e+01
5.63598728087755e+04	5.25549533024543e+02     2.64878988337303e+01
5.64897957336399e+04	5.25662994512190e+02     2.65070914665117e+01
5.66200181617779e+04	5.25776932120767e+02     2.65260260930415e+01
5.67505407836158e+04	5.25891347517620e+02     2.65446998995396e+01
5.68813642911715e+04	5.26006242371609e+02     2.65631100491994e+01
5.70124893780584e+04	5.26121618353046e+02     2.65812536820115e+01
5.71439167394886e+04	5.26237477133620e+02     2.65991279145866e+01
5.72756470722768e+04	5.26353820386329e+02     2.66167298399764e+01
5.74076810748441e+04	5.26470649785409e+02     2.66340565274940e+01
5.75400194472218e+04	5.26587967006259e+02     2.66511050225325e+01
5.76726628910546e+04	5.26705773725366e+02     2.66678723463825e+01
5.78056121096049e+04	5.26824071620233e+02     2.66843554960487e+01
5.79388678077563e+04	5.26942862369294e+02     2.67005514440640e+01
5.80724306920171e+04	5.27062147651844e+02     2.67164571383037e+01
5.82063014705246e+04	5.27181929147954e+02     2.67320695017976e+01
5.83404808530481e+04	5.27302208538389e+02     2.67473854325407e+01
5.84749695509935e+04	5.27422987504526e+02     2.67624018033031e+01
5.86097682774065e+04	5.27544267728273e+02     2.67771154614381e+01
5.87448777469765e+04	5.27666050891976e+02     2.67915232286888e+01
5.88802986760404e+04	5.27788338678339e+02     2.68056219009944e+01
5.90160317825865e+04	5.27911132770328e+02     2.68194082482935e+01
5.91520777862582e+04	5.28034434851087e+02     2.68328790143276e+01
5.92884374083580e+04	5.28158246603840e+02     2.68460309164419e+01
5.94251113718509e+04	5.28282569711801e+02     2.68588606453862e+01
5.95621004013687e+04	5.28407405858079e+02     2.68713648651125e+01
5.96994052232137e+04	5.28532756725577e+02     2.68835402125732e+01
5.98370265653622e+04	5.28658623996898e+02     2.68953832975164e+01
5.99749651574689e+04	5.28785009354242e+02     2.69068907022806e+01
6.01132217308706e+04	5.28911914479303e+02     2.69180589815874e+01
6.02517970185899e+04	5.29039341053169e+02     2.69288846623337e+01
6.03906917553390e+04	5.29167290756212e+02     2.69393642433813e+01
6.05299066775241e+04	5.29295765267983e+02     2.69494941953459e+01
6.06694425232489e+04	5.29424766267104e+02     2.69592709603842e+01
6.08093000323184e+04	5.29554295431154e+02     2.69686909519803e+01
6.09494799462433e+04	5.29684354436557e+02     2.69777505547291e+01
6.10899830082436e+04	5.29814944958470e+02     2.69864461241204e+01
6.12308099632524e+04	5.29946068670661e+02     2.69947739863193e+01
6.13719615579204e+04	5.30077727245396e+02     2.70027304379468e+01
6.15134385406191e+04	5.30209922353315e+02     2.70103117458582e+01
6.16552416614455e+04	5.30342655663309e+02     2.70175141469200e+01
6.17973716722255e+04	5.30475928842399e+02     2.70243338477854e+01
6.19398293265185e+04	5.30609743555604e+02     2.70307670246685e+01
6.20826153796206e+04	5.30744101465817e+02     2.70368098231166e+01
6.22257305885693e+04	5.30879004233671e+02     2.70424583577813e+01
6.23691757121472e+04	5.31014453517409e+02     2.70477087121881e+01
6.25129515108860e+04	5.31150450972745e+02     2.70525569385041e+01
6.26570587470708e+04	5.31286998252730e+02     2.70569990573046e+01
6.28014981847437e+04	5.31424097007610e+02     2.70610310573382e+01
6.29462705897084e+04	5.31561748884686e+02     2.70646488952897e+01
6.30913767295335e+04	5.31699955528169e+02     2.70678484955422e+01
6.32368173735576e+04	5.31838718579031e+02     2.70706257499375e+01
6.33825932928923e+04	5.31978039674863e+02     2.70729765175345e+01
6.35287052604271e+04	5.32117920449715e+02     2.70748966243667e+01
6.36751540508331e+04	5.32258362533951e+02     2.70763818631976e+01
6.38219404405672e+04	5.32399367554084e+02     2.70774279932745e+01
6.39690652078762e+04	5.32540937132626e+02     2.70780307400816e+01
6.41165291328011e+04	5.32683072887922e+02     2.70781857950903e+01
6.42643329971808e+04	5.32825776433985e+02     2.70778888155087e+01
6.44124775846567e+04	5.32969049380335e+02     2.70771354240293e+01
6.45609636806767e+04	5.33112893331827e+02     2.70759212085752e+01
6.47097920724993e+04	5.33257309888477e+02     2.70742417220447e+01
6.48589635491978e+04	5.33402300645293e+02     2.70720924820540e+01
6.50084789016645e+04	5.33547867192095e+02     2.70694689706787e+01
6.51583389226150e+04	5.33694011113334e+02     2.70663666341935e+01
6.53085444065921e+04	5.33840733987915e+02     2.70627808828103e+01
6.54590961499703e+04	5.33988037389004e+02     2.70587070904150e+01
6.56099949509602e+04	5.34135922883846e+02     2.70541405943021e+01
6.57612416096119e+04	5.34284392033569e+02     2.70490766949078e+01
6.59128369278204e+04	5.34433446392996e+02     2.70435106555425e+01
6.60647817093288e+04	5.34583087510440e+02     2.70374377021200e+01
6.62170767597332e+04	5.34733316927511e+02     2.70308530228864e+01
6.63697228864870e+04	5.34884136178907e+02     2.70237517681468e+01
6.65227208989046e+04	5.35035546792214e+02     2.70161290499906e+01
6.66760716081662e+04	5.35187550287688e+02     2.70079799420151e+01
6.68297758273221e+04	5.35340148178051e+02     2.69992994790471e+01
6.69838343712967e+04	5.35493341968268e+02     2.69900826568639e+01
6.71382480568932e+04	5.35647133155333e+02     2.69803244319112e+01
6.72930177027974e+04	5.35801523228041e+02     2.69700197210209e+01
6.74481441295827e+04	5.35956513666767e+02     2.69591634011261e+01
6.76036281597139e+04	5.36112105943234e+02     2.69477503089750e+01
6.77594706175518e+04	5.36268301520280e+02     2.69357752408434e+01
6.79156723293577e+04	5.36425101851621e+02     2.69232329522448e+01
6.80722341232975e+04	5.36582508381614e+02     2.69101181576396e+01
6.82291568294462e+04	5.36740522545010e+02     2.68964255301426e+01
6.83864412797925e+04	5.36899145766707e+02     2.68821497012284e+01
6.85440883082427e+04	5.37058379461501e+02     2.68672852604354e+01
6.87020987506258e+04	5.37218225033829e+02     2.68518267550688e+01
6.88604734446973e+04	5.37378683877512e+02     2.68357686899010e+01
6.90192132301442e+04	5.37539757375493e+02     2.68191055268710e+01
6.91783189485890e+04	5.37701446899568e+02     2.68018316847819e+01
6.93377914435944e+04	5.37863753810116e+02     2.67839415389972e+01
6.94976315606677e+04	5.38026679455828e+02     2.67654294211351e+01
6.96578401472652e+04	5.38190225173425e+02     2.67462896187611e+01
6.98184180527969e+04	5.38354392287377e+02     2.67265163750798e+01
6.99793661286309e+04	5.38519182109615e+02     2.67061038886241e+01
7.01406852280979e+04	5.38684595939244e+02     2.66850463129435e+01
7.03023762064957e+04	5.38850635062240e+02     2.66633377562903e+01
7.04644399210937e+04	5.39017300751158e+02     2.66409722813052e+01
7.06268772311377e+04	5.39184594264824e+02     2.66179439047001e+01
7.07896889978541e+04	5.39352516848028e+02     2.65942465969401e+01
7.09528760844546e+04	5.39521069731210e+02     2.65698742819240e+01
7.11164393561410e+04	5.39690254130142e+02     2.65448208366627e+01
7.12803796801094e+04	5.39860071245608e+02     2.65190800909567e+01
7.14446979255551e+04	5.40030522263074e+02     2.64926458270719e+01
7.16093949636772e+04	5.40201608352360e+02     2.64655117794135e+01
7.17744716676828e+04	5.40373330667299e+02     2.64376716341987e+01
7.19399289127923e+04	5.40545690345401e+02     2.64091190291286e+01
7.21057675762434e+04	5.40718688507499e+02     2.63798475530570e+01
7.22719885372964e+04	5.40892326257408e+02     2.63498507456593e+01
7.24385926772381e+04	5.41066604681558e+02     2.63191220970992e+01
7.26055808793871e+04	5.41241524848641e+02     2.62876550476941e+01
7.27729540290983e+04	5.41417087809237e+02     2.62554429875790e+01
7.29407130137674e+04	5.41593294595448e+02     2.62224792563694e+01
7.31088587228359e+04	5.41770146220518e+02     2.61887571428219e+01
7.32773920477956e+04	5.41947643678448e+02     2.61542698844945e+01
7.34463138821933e+04	5.42125787943612e+02     2.61190106674049e+01
7.36156251216359e+04	5.42304579970361e+02     2.60829726256877e+01
7.37853266637947e+04	5.42484020692623e+02     2.60461488412499e+01
7.39554194084104e+04	5.42664111023498e+02     2.60085323434256e+01
7.41259042572977e+04	5.42844851854849e+02     2.59701161086292e+01
7.42967821143504e+04	5.43026244056882e+02     2.59308930600071e+01
7.44680538855458e+04	5.43208288477727e+02     2.58908560670886e+01
7.46397204789498e+04	5.43390985943007e+02     2.58499979454352e+01
7.48117828047217e+04	5.43574337255403e+02     2.58083114562892e+01
7.49842417751187e+04	5.43758343194214e+02     2.57657893062199e+01
7.51570983045011e+04	5.43943004514910e+02     2.57224241467706e+01
7.53303533093371e+04	5.44128321948680e+02     2.56782085741025e+01
7.55040077082074e+04	5.44314296201969e+02     2.56331351286388e+01
7.56780624218104e+04	5.44500927956013e+02     2.55871962947073e+01
7.58525183729668e+04	5.44688217866369e+02     2.55403845001818e+01
7.60273764866248e+04	5.44876166562432e+02     2.54926921161225e+01
7.62026376898646e+04	5.45064774646950e+02     2.54441114564158e+01
7.63783029119036e+04	5.45254042695534e+02     2.53946347774129e+01
7.65543730841015e+04	5.45443971256153e+02     2.53442542775670e+01
7.67308491399647e+04	5.45634560848632e+02     2.52929620970704e+01
7.69077320151517e+04	5.45825811964136e+02     2.52407503174904e+01
7.70850226474780e+04	5.46017725064650e+02     2.51876109614041e+01
7.72627219769207e+04	5.46210300582451e+02     2.51335359920327e+01
7.74408309456241e+04	5.46403538919571e+02     2.50785173128753e+01
7.76193504979041e+04	5.46597440447258e+02     2.50225467673410e+01
7.77982815802537e+04	5.46792005505422e+02     2.49656161383818e+01
7.79776251413477e+04	5.46987234402079e+02     2.49077171481233e+01
7.81573821320477e+04	5.47183127412786e+02     2.48488414574961e+01
7.83375535054075e+04	5.47379684780067e+02     2.47889806658657e+01
7.85181402166776e+04	5.47576906712830e+02     2.47281263106625e+01
7.86991432233110e+04	5.47774793385783e+02     2.46662698670110e+01
7.88805634849674e+04	5.47973344938832e+02     2.46034027473588e+01
7.90624019635192e+04	5.48172561476481e+02     2.45395163011049e+01
7.92446596230557e+04	5.48372443067211e+02     2.44746018142280e+01
7.94273374298889e+04	5.48572989742865e+02     2.44086505089146e+01
7.96104363525585e+04	5.48774201498017e+02     2.43416535431864e+01
7.97939573618366e+04	5.48976078289330e+02     2.42736020105279e+01
7.99779014307334e+04	5.49178620034909e+02     2.42044869395139e+01
8.01622695345021e+04	5.49381826613650e+02     2.41342992934368e+01
8.03470626506439e+04	5.49585697864568e+02     2.40630299699339e+01
8.05322817589135e+04	5.49790233586127e+02     2.39906698006152e+01
8.07179278413243e+04	5.49995433535558e+02     2.39172095506901e+01
8.09040018821533e+04	5.50201297428165e+02     2.38426399185961e+01
8.10905048679465e+04	5.50407824936621e+02     2.37669515356262e+01
8.12774377875242e+04	5.50615015690263e+02     2.36901349655574e+01
8.14648016319861e+04	5.50822869274368e+02     2.36121807042791e+01
8.16525973947167e+04	5.51031385229424e+02     2.35330791794227e+01
8.18408260713904e+04	5.51240563050389e+02     2.34528207499910e+01
8.20294886599770e+04	5.51450402185944e+02     2.33713957059885e+01
8.22185861607466e+04	5.51660902037732e+02     2.32887942680522e+01
8.24081195762754e+04	5.51872061959590e+02     2.32050065870837e+01
8.25980899114507e+04	5.52083881256765e+02     2.31200227438813e+01
8.27884981734764e+04	5.52296359185133e+02     2.30338327487738e+01
8.29793453718780e+04	5.52509494950389e+02     2.29464265412545e+01
8.31706325185085e+04	5.52723287707242e+02     2.28577939896173e+01
8.33623606275531e+04	5.52937736558591e+02     2.27679248905929e+01
8.35545307155354e+04	5.53152840554696e+02     2.26768089689871e+01
8.37471438013219e+04	5.53368598692331e+02     2.25844358773201e+01
8.39402009061280e+04	5.53585009913932e+02     2.24907951954669e+01
8.41337030535234e+04	5.53802073106731e+02     2.23958764303000e+01
8.43276512694371e+04	5.54019787101883e+02     2.22996690153334e+01
8.45220465821632e+04	5.54238150673572e+02     2.22021623103678e+01
8.47168900223664e+04	5.54457162538115e+02     2.21033456011389e+01
8.49121826230872e+04	5.54676821353054e+02     2.20032080989662e+01
8.51079254197475e+04	5.54897125716228e+02     2.19017389404051e+01
8.53041194501562e+04	5.55118074164841e+02     2.17989271869001e+01
8.55007657545144e+04	5.55339665174516e+02     2.16947618244415e+01
8.56978653754213e+04	5.55561897158336e+02     2.15892317632235e+01
8.58954193578794e+04	5.55784768465871e+02     2.14823258373050e+01
8.60934287493004e+04	5.56008277382197e+02     2.13740328042735e+01
8.62918945995102e+04	5.56232422126901e+02     2.12643413449117e+01
8.64908179607551e+04	5.56457200853069e+02     2.11532400628660e+01
8.66901998877069e+04	5.56682611646266e+02     2.10407174843200e+01
8.68900414374688e+04	5.56908652523505e+02     2.09267620576688e+01
8.70903436695807e+04	5.57135321432194e+02     2.08113621531989e+01
8.72911076460252e+04	5.57362616249080e+02     2.06945060627695e+01
8.74923344312329e+04	5.57590534779173e+02     2.05761819994992e+01
8.76940250920881e+04	5.57819074754660e+02     2.04563780974549e+01
8.78961806979346e+04	5.58048233833802e+02     2.03350824113456e+01
8.80988023205815e+04	5.58278009599821e+02     2.02122829162199e+01
8.83018910343082e+04	5.58508399559772e+02     2.00879675071676e+01
8.85054479158711e+04	5.58739401143397e+02     1.99621239990260e+01
8.87094740445083e+04	5.58971011701974e+02     1.98347401260899e+01
8.89139705019461e+04	5.59203228507139e+02     1.97058035418275e+01
8.91189383724045e+04	5.59436048749706e+02     1.95753018186002e+01
8.93243787426025e+04	5.59669469538465e+02     1.94432224473876e+01
8.95302927017647e+04	5.59903487898965e+02     1.93095528375184e+01
8.97366813416263e+04	5.60138100772289e+02     1.91742803164054e+01
8.99435457564394e+04	5.60373305013804e+02     1.90373921292873e+01
9.01508870429784e+04	5.60609097391905e+02     1.88988754389759e+01
9.03587063005464e+04	5.60845474586738e+02     1.87587173256086e+01
9.05670046309801e+04	5.61082433188910e+02     1.86169047864082e+01
9.07757831386568e+04	5.61319969698182e+02     1.84734247354479e+01
9.09850429304992e+04	5.61558080522148e+02     1.83282640034239e+01
9.11947851159819e+04	5.61796761974896e+02     1.81814093374342e+01
9.14050108071371e+04	5.62036010275656e+02     1.80328474007643e+01
9.16157211185606e+04	5.62275821547427e+02     1.78825647726804e+01
9.18269171674173e+04	5.62516191815594e+02     1.77305479482301e+01
9.20386000734478e+04	5.62757117006521e+02     1.75767833380505e+01
9.22507709589737e+04	5.62998592946138e+02     1.74212572681841e+01
9.24634309489039e+04	5.63240615358498e+02     1.72639559799035e+01
9.26765811707406e+04	5.63483179864327e+02     1.71048656295438e+01
9.28902227545849e+04	5.63726281979555e+02     1.69439722883436e+01
9.31043568331434e+04	5.63969917113827e+02     1.67812619422956e+01
9.33189845417335e+04	5.64214080569000e+02     1.66167204920054e+01
9.35341070182900e+04	5.64458767537617e+02     1.64503337525607e+01
9.37497254033709e+04	5.64703973101374e+02     1.62820874534091e+01
9.39658408401634e+04	5.64949692229557e+02     1.61119672382469e+01
9.41824544744900e+04	5.65195919777468e+02     1.59399586649170e+01
9.43995674548147e+04	5.65442650484834e+02     1.57660472053184e+01
9.46171809322488e+04	5.65689878974193e+02     1.55902182453259e+01
9.48352960605573e+04	5.65937599749265e+02     1.54124570847208e+01
9.50539139961650e+04	5.66185807193305e+02     1.52327489371335e+01
9.52730358981624e+04	5.66434495567434e+02     1.50510789299970e+01
9.54926629283119e+04	5.66683659008955e+02     1.48674321045134e+01
9.57127962510543e+04	5.66933291529649e+02     1.46817934156321e+01
9.59334370335145e+04	5.67183387014050e+02     1.44941477320403e+01
9.61545864455079e+04	5.67433939217704e+02     1.43044798361677e+01
9.63762456595468e+04	5.67684941765408e+02     1.41127744242033e+01
9.65984158508462e+04	5.67936388149425e+02     1.39190161061264e+01
9.68210981973304e+04	5.68188271727691e+02     1.37231894057518e+01
9.70442938796389e+04	5.68440585721985e+02     1.35252787607887e+01
9.72680040811331e+04	5.68693323216097e+02     1.33252685229153e+01
9.74922299879023e+04	5.68946477153965e+02     1.31231429578676e+01
9.77169727887697e+04	5.69200040337797e+02     1.29188862455442e+01
9.79422336752995e+04	5.69454005426167e+02     1.27124824801268e+01
9.81680138418023e+04	5.69708364932098e+02     1.25039156702168e+01
9.83943144853422e+04	5.69963111221124e+02     1.22931697389892e+01
9.86211368057427e+04	5.70218236509323e+02     1.20802285243624e+01
9.88484820055930e+04	5.70473732861342e+02     1.18650757791867e+01
9.90763512902549e+04	5.70729592188387e+02     1.16476951714499e+01
9.93047458678686e+04	5.70985806246209e+02     1.14280702845013e+01
9.95336669493593e+04	5.71242366633055e+02     1.12061846172949e+01
9.97631157484440e+04	5.71499264787604e+02     1.09820215846511e+01
9.99930934816372e+04	5.71756491986880e+02     1.07555645175388e+01
1.00223601368258e+05	5.72014039344150e+02     1.05267966633767e+01
1.00454640630436e+05	5.72271897806788e+02     1.02957011863560e+01
1.00686212493119e+05	5.72530058154135e+02     1.00622611677837e+01
1.00918318184078e+05	5.72788510995321e+02     9.82645960644715e+00
1.01150958933914e+05	5.73047246767073e+02     9.58827941900138e+00
1.01384135976064e+05	5.73306255731506e+02     9.34770344037807e+00
1.01617850546811e+05	5.73565527973885e+02     9.10471442421800e+00
1.01852103885286e+05	5.73825053400365e+02     8.85929504332688e+00
1.02086897233476e+05	5.74084821735716e+02     8.61142789015520e+00
1.02322231836234e+05	5.74344822521024e+02     8.36109547730264e+00
1.02558108941278e+05	5.74605045111361e+02     8.10828023804756e+00
1.02794529799207e+05	5.74865478673451e+02     7.85296452690216e+00
1.03031495663500e+05	5.75126112183295e+02     7.59513062019379e+00
1.03269007790526e+05	5.75386934423788e+02     7.33476071667304e+00
1.03507067439552e+05	5.75647933982308e+02     7.07183693814919e+00
1.03745675872745e+05	5.75909099248285e+02     6.80634133015350e+00
1.03984834355185e+05	5.76170418410744e+02     6.53825586263110e+00
1.04224544154864e+05	5.76431879455832e+02     6.26756243066187e+00
1.04464806542702e+05	5.76693470164320e+02     5.99424285521116e+00
1.04705622792545e+05	5.76955178109084e+02     5.71827888391070e+00
1.04946994181176e+05	5.77216990652559e+02     5.43965219187061e+00
1.05188921988324e+05	5.77478894944182e+02     5.15834438252288e+00
1.05431407496664e+05	5.77740877917802e+02     4.87433698849718e+00
1.05674451991832e+05	5.78002926289072e+02     4.58761147252954e+00
1.05918056762425e+05	5.78265026552825e+02     4.29814922840456e+00
1.06162223100011e+05	5.78527164980419e+02     4.00593158193190e+00
1.06406952299136e+05	5.78789327617066e+02     3.71093979195769e+00
1.06652245657329e+05	5.79051500279137e+02     3.41315505141152e+00
1.06898104475112e+05	5.79313668551447e+02     3.11255848838977e+00
1.07144530056003e+05	5.79575817784521e+02     2.80913116727600e+00
1.07391523706527e+05	5.79837933091830e+02     2.50285408989905e+00
1.07639086736219e+05	5.80099999347016e+02     2.19370819672967e+00
1.07887220457633e+05	5.80362001181093e+02     1.88167436811632e+00
1.08135926186351e+05	5.80623922979619e+02     1.56673342556107e+00
1.08385205240985e+05	5.80885748879861e+02     1.24886613303609e+00
1.08635058943187e+05	5.81147462767928e+02     9.28053198341815e-01
1.08885488617658e+05	5.81409048275892e+02     6.04275274507319e-01
1.09136495592150e+05	5.81670488778878e+02     2.77512961233800e-01
1.09388081197478e+05	5.81931767392149e+02     -5.22531936180270e-02
1.09640246767522e+05	5.82192866968157e+02     -3.85042692495824e-01
1.09892993639241e+05	5.82453770093580e+02     -7.20875086578008e-01
1.10146323152673e+05	5.82714459086345e+02     -1.05976997414976e+00
1.10400236650945e+05	5.82974915992622e+02     -1.40174699893183e+00
1.10654735480282e+05	5.83235122583804e+02     -1.74682584836128e+00
1.10909820990011e+05	5.83495060353474e+02     -2.09502625182335e+00
1.11165494532570e+05	5.83754710514340e+02     -2.44636797883346e+00
1.11421757463515e+05	5.84014053995166e+02     -2.80087083716863e+00
1.11678611141527e+05	5.84273071437677e+02     -3.15855467094729e+00
1.11936056928417e+05	5.84531743193452e+02     -3.51943935865668e+00
1.12194096189138e+05	5.84790049320795e+02     -3.88354481112681e+00
1.12452730291789e+05	5.85047969581589e+02     -4.25089096945020e+00
1.12711960607621e+05	5.85305483438147e+02     -4.62149780284645e+00
1.12971788511049e+05	5.85562570050024e+02     -4.99538530647053e+00
1.13232215379653e+05	5.85819208270837e+02     -5.37257349916410e+00
1.13493242594191e+05	5.86075376645055e+02     -5.75308242114875e+00
1.13754871538604e+05	5.86331053404783e+02     -6.13693213166022e+00
1.14017103600021e+05	5.86586216466526e+02     -6.52414270652263e+00
1.14279940168771e+05	5.86840843427942e+02     -6.91473423566180e+00
1.14543382638389e+05	5.87094911564586e+02     -7.30872682055655e+00
1.14807432405618e+05	5.87348397826639e+02     -7.70614057162712e+00
1.15072090870425e+05	5.87601278835621e+02     -8.10699560555963e+00
1.15337359436003e+05	5.87853530881100e+02     -8.51131204256552e+00
1.15603239508780e+05	5.88105129917387e+02     -8.91911000357512e+00
1.15869732498424e+05	5.88356051560221e+02     -9.33040960736407e+00
1.16136839817855e+05	5.88606271083449e+02     -9.74523096761189e+00
1.16404562883250e+05	5.88855763415689e+02     -1.01635941898912e+01
1.16672903114050e+05	5.89104503136998e+02     -1.05855193685873e+01
1.16941861932968e+05	5.89352464475519e+02     -1.10110265837456e+01
1.17211440765996e+05	5.89599621304134e+02     -1.14401358978484e+01
1.17481641042415e+05	5.89845947137103e+02     -1.18728673525164e+01
1.17752464194800e+05	5.90091415126706e+02     -1.23092409651377e+01
1.18023911659029e+05	5.90335998059876e+02     -1.27492767254200e+01
1.18295984874288e+05	5.90579668354828e+02     -1.31929945918671e+01
1.18568685283083e+05	5.90822398057696e+02     -1.36404144881771e+01
1.18842014331244e+05	5.91064158839154e+02     -1.40915562995628e+01
1.19115973467935e+05	5.91304921991054e+02     -1.45464398689912e+01
1.19390564145659e+05	5.91544658423050e+02     -1.50050849933433e+01
1.19665787820269e+05	5.91783338659236e+02     -1.54675114194909e+01
1.19941645950975e+05	5.92020932834779e+02     -1.59337388402911e+01
1.20218140000347e+05	5.92257410692562e+02     -1.64037868904959e+01
1.20495271434330e+05	5.92492741579829e+02     -1.68776751425773e+01
1.20773041722247e+05	5.92726894444840e+02     -1.73554231024656e+01
1.21051452336809e+05	5.92959837833528e+02     -1.78370502052002e+01
1.21330504754121e+05	5.93191539886175e+02     -1.83225758104919e+01
1.21610200453691e+05	5.93421968334089e+02     -1.88120191981956e+01
1.21890540918438e+05	5.93651090496299e+02     -1.93053995636923e+01
1.22171527634699e+05	5.93878873276257e+02     -1.98027360131790e+01
1.22453162092237e+05	5.94105283158564e+02     -2.03040475588659e+01
1.22735445784252e+05	5.94330286205704e+02     -2.08093531140795e+01
1.23018380207381e+05	5.94553848054795e+02     -2.13186714882704e+01
1.23301966861717e+05	5.94775933914368e+02     -2.18320213819254e+01
1.23586207250807e+05	5.94996508561156e+02     -2.23494213813818e+01
1.23871102881664e+05	5.95215536336912e+02     -2.28708899535438e+01
1.24156655264779e+05	5.95432981145250e+02     -2.33964454404990e+01
1.24442865914120e+05	5.95648806448504e+02     -2.39261060540355e+01
1.24729736347148e+05	5.95862975264630e+02     -2.44598898700565e+01
1.25017268084822e+05	5.96075450164119e+02     -2.49978148228929e+01
1.25305462651606e+05	5.96286193266954e+02     -2.55398986995124e+01
1.25594321575479e+05	5.96495166239591e+02     -2.60861591336243e+01
1.25883846387943e+05	5.96702330291985e+02     -2.66366135996785e+01
1.26174038624029e+05	5.96907646174637e+02     -2.71912794067583e+01
1.26464899822307e+05	5.97111074175697e+02     -2.77501736923656e+01
1.26756431524895e+05	5.97312574118094e+02     -2.83133134160982e+01
1.27048635277465e+05	5.97512105356714e+02     -2.88807153532174e+01
1.27341512629252e+05	5.97709626775624e+02     -2.94523960881057e+01
1.27635065133062e+05	5.97905096785340e+02     -3.00283720076137e+01
1.27929294345282e+05	5.98098473320149e+02     -3.06086592942942e+01
1.28224201825886e+05	5.98289713835471e+02     -3.11932739195250e+01
1.28519789138443e+05	5.98478775305294e+02     -3.17822316365170e+01
1.28816057850129e+05	5.98665614219642e+02     -3.23755479732087e+01
1.29113009531730e+05	5.98850186582124e+02     -3.29732382250451e+01
1.29410645757655e+05	5.99032447907527e+02     -3.35753174476412e+01
1.29708968105941e+05	5.99212353219482e+02     -3.41818004493291e+01
1.30007978158264e+05	5.99389857048192e+02     -3.47927017835874e+01
1.30307677499945e+05	5.99564913428232e+02     -3.54080357413535e+01
1.30608067719960e+05	5.99737475896418e+02     -3.60278163432168e+01
1.30909150410949e+05	5.99907497489751e+02     -3.66520573314937e+01
1.31210927169222e+05	6.00074930743436e+02     -3.72807721621823e+01
1.31513399594769e+05	6.00239727688989e+02     -3.79139739967983e+01
1.31816569291269e+05	6.00401839852414e+02     -3.85516756940889e+01
1.32120437866097e+05	6.00561218252477e+02     -3.91938898016273e+01
1.32425006930335e+05	6.00717813399064e+02     -3.98406285472854e+01
1.32730278098777e+05	6.00871575291628e+02     -4.04919038305853e+01
1.33036252989940e+05	6.01022453417737e+02     -4.11477272139283e+01
1.33342933226074e+05	6.01170396751718e+02     -4.18081099137034e+01
1.33650320433166e+05	6.01315353753398e+02     -4.24730627912720e+01
1.33958416240952e+05	6.01457272366958e+02     -4.31425963438320e+01
1.34267222282925e+05	6.01596100019883e+02     -4.38167206951581e+01
1.34576740196346e+05	6.01731783622039e+02     -4.44954455862213e+01
1.34886971622246e+05	6.01864269564848e+02     -4.51787803656851e+01
1.35197918205442e+05	6.01993503720595e+02     -4.58667339802804e+01
1.35509581594542e+05	6.02119431441848e+02     -4.65593149650579e+01
1.35821963441954e+05	6.02241997561006e+02     -4.72565314335197e+01
1.36135065403896e+05	6.02361146389979e+02     -4.79583910676288e+01
1.36448889140402e+05	6.02476821719993e+02     -4.86649011076984e+01
1.36763436315336e+05	6.02588966821543e+02     -4.93760683421608e+01
1.37078708596394e+05	6.02697524444473e+02     -5.00918990972160e+01
1.37394707655120e+05	6.02802436818210e+02     -5.08123992263615e+01
1.37711435166908e+05	6.02903645652141e+02     -5.15375740998037e+01
1.38028892811017e+05	6.03001092136143e+02     -5.22674285937515e+01
1.38347082270576e+05	6.03094716941269e+02     -5.30019670795928e+01
1.38666005232592e+05	6.03184460220595e+02     -5.37411934129563e+01
1.38985663387964e+05	6.03270261610226e+02     -5.44851109226570e+01
1.39306058431489e+05	6.03352060230479e+02     -5.52337223995292e+01
1.39627192061867e+05	6.03429794687224e+02     -5.59870300851470e+01
1.39949065981718e+05	6.03503403073422e+02     -5.67450356604332e+01
1.40271681897586e+05	6.03572822970818e+02     -5.75077402341599e+01
1.40595041519947e+05	6.03637991451843e+02     -5.82751443313394e+01
1.40919146563223e+05	6.03698845081688e+02     -5.90472478815103e+01
1.41243998745785e+05	6.03755319920581e+02     -5.98240502069182e+01
1.41569599789969e+05	6.03807351526256e+02     -6.06055500105940e+01
1.41895951422078e+05	6.03854874956628e+02     -6.13917453643313e+01
1.42223055372396e+05	6.03897824772674e+02     -6.21826336965654e+01
1.42550913375195e+05	6.03936135041522e+02     -6.29782117801559e+01
1.42879527168747e+05	6.03969739339762e+02     -6.37784757200751e+01
1.43208898495329e+05	6.03998570756968e+02     -6.45834209410053e+01
1.43539029101235e+05	6.04022561899451e+02     -6.53930421748462e+01
1.43869920736783e+05	6.04041644894244e+02     -6.62073334481374e+01
1.44201575156330e+05	6.04055751393308e+02     -6.70262880693965e+01
1.44533994118274e+05	6.04064812577992e+02     -6.78498986163771e+01
1.44867179385066e+05	6.04068759163723e+02     -6.86781569232499e+01
1.45201132723223e+05	6.04067521404951e+02     -6.95110540677091e+01
1.45535855903330e+05	6.04061029100343e+02     -7.03485803580093e+01
1.45871350700058e+05	6.04049211598233e+02     -7.11907253199343e+01
1.46207618892167e+05	6.04031997802333e+02     -7.20374776837034e+01
1.46544662262516e+05	6.04009316177712e+02     -7.28888253708175e+01
1.46882482598077e+05	6.03981094757045e+02     -7.37447554808508e+01
1.47221081689938e+05	6.03947261147130e+02     -7.46052542781903e+01
1.47560461333319e+05	6.03907742535697e+02     -7.54703071787286e+01
1.47900623327577e+05	6.03862465698486e+02     -7.63398987365143e+01
1.48241569476217e+05	6.03811357006623e+02     -7.72140126303646e+01
1.48583301586901e+05	6.03754342434290e+02     -7.80926316504446e+01
1.48925821471459e+05	6.03691347566682e+02     -7.89757376848187e+01
1.49269130945898e+05	6.03622297608273e+02     -7.98633117059789e+01
1.49613231830409e+05	6.03547117391389e+02     -8.07553337573556e+01
1.49958125949383e+05	6.03465731385086e+02     -8.16517829398156e+01
1.50303815131412e+05	6.03378063704345e+02     -8.25526373981546e+01
1.50650301209306e+05	6.03284038119581e+02     -8.34578743075877e+01
1.50997586020101e+05	6.03183578066487e+02     -8.43674698602461e+01
1.51345671405065e+05	6.03076606656184e+02     -8.52813992516847e+01
1.51694559209714e+05	6.02963046685724e+02     -8.61996366674072e+01
1.52044251283814e+05	6.02842820648909e+02     -8.71221552694163e+01
1.52394749481399e+05	6.02715850747458e+02     -8.80489271827934e+01
1.52746055660776e+05	6.02582058902514e+02     -8.89799234823180e+01
1.53098171684534e+05	6.02441366766494e+02     -8.99151141791300e+01
1.53451099419558e+05	6.02293695735292e+02     -9.08544682074452e+01
1.53804840737035e+05	6.02138966960827e+02     -9.17979534113306e+01
1.54159397512468e+05	6.01977101363958e+02     -9.27455365315457e+01
1.54514771625680e+05	6.01808019647743e+02     -9.36971831924595e+01
1.54870964960829e+05	6.01631642311075e+02     -9.46528578890503e+01
1.55227979406418e+05	6.01447889662671e+02     -9.56125239739961e+01
1.55585816855301e+05	6.01256681835432e+02     -9.65761436448648e+01
1.55944479204697e+05	6.01057938801177e+02     -9.75436779314117e+01
1.56303968356198e+05	6.00851580385738e+02     -9.85150866829942e+01
1.56664286215779e+05	6.00637526284448e+02     -9.94903285561111e+01
1.57025434693811e+05	6.00415696077984e+02     -1.00469361002077e+02
1.57387415705066e+05	6.00186009248607e+02     -1.01452140254839e+02
1.57750231168731e+05	5.99948385196768e+02     -1.02438621318950e+02
1.58113883008419e+05	5.99702743258110e+02     -1.03428757957698e+02
1.58478373152175e+05	5.99449002720837e+02     -1.04422502681416e+02
1.58843703532489e+05	5.99187082843484e+02     -1.05419806735964e+02
1.59209876086306e+05	5.98916902873056e+02     -1.06420620091416e+02
1.59576892755038e+05	5.98638382063568e+02     -1.07424891430937e+02
1.59944755484570e+05	5.98351439694958e+02     -1.08432568139879e+02
1.60313466225273e+05	5.98055995092400e+02     -1.09443596295101e+02
1.60683026932016e+05	5.97751967645988e+02     -1.10457920654520e+02
1.61053439564172e+05	5.97439276830820e+02     -1.11475484646910e+02
1.61424706085632e+05	5.97117842227461e+02     -1.12496230361952e+02
1.61796828464814e+05	5.96787583542791e+02     -1.13520098540555e+02
1.62169808674675e+05	5.96448420631241e+02     -1.14547028565456e+02
1.62543648692717e+05	5.96100273516405e+02     -1.15576958452102e+02
1.62918350501004e+05	5.95743062413037e+02     -1.16609824839845e+02
1.63293916086168e+05	5.95376707749426e+02     -1.17645562983435e+02
1.63670347439419e+05	5.95001130190152e+02     -1.18684106744850e+02
1.64047646556560e+05	5.94616250659202e+02     -1.19725388585452e+02
1.64425815437992e+05	5.94221990363478e+02     -1.20769339558499e+02
1.64804856088729e+05	5.93818270816650e+02     -1.21815889302008e+02
1.65184770518407e+05	5.93405013863396e+02     -1.22864966032000e+02
1.65565560741296e+05	5.92982141703981e+02     -1.23916496536116e+02
1.65947228776305e+05	5.92549576919208e+02     -1.24970406167642e+02
1.66329776647002e+05	5.92107242495714e+02     -1.26026618839933e+02
1.66713206381617e+05	5.91655061851611e+02     -1.27085057021259e+02
1.67097520013057e+05	5.91192958862469e+02     -1.28145641730088e+02
1.67482719578914e+05	5.90720857887641e+02     -1.29208292530809e+02
1.67868807121477e+05	5.90238683796905e+02     -1.30272927529913e+02
1.68255784687745e+05	5.89746361997441e+02     -1.31339463372646e+02
1.68643654329434e+05	5.89243818461115e+02     -1.32407815240142e+02
1.69032418102991e+05	5.88730979752074e+02     -1.33477896847047e+02
1.69422078069601e+05	5.88207773054648e+02     -1.34549620439658e+02
1.69812636295204e+05	5.87674126201533e+02     -1.35622896794568e+02
1.70204094850500e+05	5.87129967702268e+02     -1.36697635217854e+02
1.70596455810964e+05	5.86575226771987e+02     -1.37773743544799e+02
1.70989721256854e+05	5.86009833360427e+02     -1.38851128140171e+02
1.71383893273225e+05	5.85433718181207e+02     -1.39929693899071e+02
1.71778973949937e+05	5.84846812741339e+02     -1.41009344248356e+02
1.72174965381669e+05	5.84249049370983e+02     -1.42089981148650e+02
1.72571869667928e+05	5.83640361253428e+02     -1.43171505096964e+02
1.72969688913061e+05	5.83020682455275e+02     -1.44253815129921e+02
1.73368425226266e+05	5.82389947956831e+02     -1.45336808827607e+02
1.73768080721603e+05	5.81748093682691e+02     -1.46420382318058e+02
1.74168657518006e+05	5.81095056532488e+02     -1.47504430282393e+02
1.74570157739293e+05	5.80430774411816e+02     -1.48588845960600e+02
1.74972583514179e+05	5.79755186263292e+02     -1.49673521157991e+02
1.75375936976284e+05	5.79068232097761e+02     -1.50758346252333e+02
1.75780220264149e+05	5.78369853025616e+02     -1.51843210201668e+02
1.76185435521244e+05	5.77659991288226e+02     -1.52928000552819e+02
1.76591584895978e+05	5.76938590289455e+02     -1.54012603450617e+02
1.76998670541717e+05	5.76205594627249e+02     -1.55096903647826e+02
1.77406694616788e+05	5.75460950125292e+02     -1.56180784515804e+02
1.77815659284493e+05	5.74704603864693e+02     -1.57264128055886e+02
1.78225566713122e+05	5.73936504215701e+02     -1.58346814911508e+02
1.78636419075964e+05	5.73156600869434e+02     -1.59428724381082e+02
1.79048218551318e+05	5.72364844869584e+02     -1.60509734431617e+02
1.79460967322503e+05	5.71561188644104e+02     -1.61589721713105e+02
1.79874667577871e+05	5.70745586036843e+02     -1.62668561573676e+02
1.80289321510821e+05	5.69917992339119e+02     -1.63746128075516e+02
1.80704931319807e+05	5.69078364321195e+02     -1.64822294011576e+02
1.81121499208349e+05	5.68226660263667e+02     -1.65896930923048e+02
1.81539027385051e+05	5.67362839988711e+02     -1.66969909117642e+02
1.81957518063604e+05	5.66486864891194e+02     -1.68041097688648e+02
1.82376973462804e+05	5.65598697969616e+02     -1.69110364534789e+02
1.82797395806562e+05	5.64698303856865e+02     -1.70177576380880e+02
1.83218787323917e+05	5.63785648850761e+02     -1.71242598799274e+02
1.83641150249042e+05	5.62860700944381e+02     -1.72305296232123e+02
1.84064486821266e+05	5.61923429856116e+02     -1.73365532014430e+02
1.84488799285075e+05	5.60973807059471e+02     -1.74423168397909e+02
1.84914089890133e+05	5.60011805812561e+02     -1.75478066575646e+02
1.85340360891288e+05	5.59037401187287e+02     -1.76530086707566e+02
1.85767614548586e+05	5.58050570098184e+02     -1.77579087946689e+02
1.86195853127284e+05	5.57051291330889e+02     -1.78624928466199e+02
1.86625078897860e+05	5.56039545570238e+02     -1.79667465487299e+02
1.87055294136027e+05	5.55015315427945e+02     -1.80706555307862e+02
1.87486501122742e+05	5.53978585469855e+02     -1.81742053331865e+02
1.87918702144222e+05	5.52929342242736e+02     -1.82773814099617e+02
1.88351899491954e+05	5.51867574300599e+02     -1.83801691318754e+02
1.88786095462708e+05	5.50793272230510e+02     -1.84825537896012e+02
1.89221292358547e+05	5.49706428677883e+02     -1.85845205969760e+02
1.89657492486841e+05	5.48607038371219e+02     -1.86860546943297e+02
1.90094698160281e+05	5.47495098146279e+02     -1.87871411518891e+02
1.90532911696887e+05	5.46370606969659e+02     -1.88877649732561e+02
1.90972135420023e+05	5.45233565961745e+02     -1.89879110989585e+02
1.91412371658411e+05	5.44083978419034e+02     -1.90875644100733e+02
1.91853622746139e+05	5.42921849835783e+02     -1.91867097319202e+02
1.92295891022677e+05	5.41747187924977e+02     -1.92853318378248e+02
1.92739178832886e+05	5.40560002638585e+02     -1.93834154529500e+02
1.93183488527035e+05	5.39360306187085e+02     -1.94809452581946e+02
1.93628822460809e+05	5.38148113058238e+02     -1.95779058941563e+02
1.94075182995324e+05	5.36923440035080e+02     -1.96742819651600e+02
1.94522572497140e+05	5.35686306213123e+02     -1.97700580433473e+02
1.94970993338272e+05	5.34436733016738e+02     -1.98652186728268e+02
1.95420447896201e+05	5.33174744214688e+02     -1.99597483738834e+02
1.95870938553892e+05	5.31900365934819e+02     -2.00536316472451e+02
1.96322467699800e+05	5.30613626677855e+02     -2.01468529784037e+02
1.96775037727889e+05	5.29314557330300e+02     -2.02393968419896e+02
1.97228651037639e+05	5.28003191176424e+02     -2.03312477061974e+02
1.97683310034064e+05	5.26679563909302e+02     -2.04223900372609e+02
1.98139017127720e+05	5.25343713640910e+02     -2.05128083039736e+02
1.98595774734720e+05	5.23995680911237e+02     -2.06024869822554e+02
1.99053585276749e+05	5.22635508696407e+02     -2.06914105597603e+02
1.99512451181071e+05	5.21263242415803e+02     -2.07795635405243e+02
1.99972374880549e+05	5.19878929938155e+02     -2.08669304496509e+02
2.00433358813651e+05	5.18482621586603e+02     -2.09534958380307e+02
2.00895405424470e+05	5.17074370142691e+02     -2.10392442870943e+02
2.01358517162730e+05	5.15654230849314e+02     -2.11241604135937e+02
2.01822696483802e+05	5.14222261412566e+02     -2.12082288744116e+02
2.02287945848721e+05	5.12778522002507e+02     -2.12914343713939e+02
2.02754267724192e+05	5.11323075252825e+02     -2.13737616562045e+02
2.03221664582606e+05	5.09855986259378e+02     -2.14551955351981e+02
2.03690138902056e+05	5.08377322577617e+02     -2.15357208743083e+02
2.04159693166346e+05	5.06887154218872e+02     -2.16153226039493e+02
2.04630329865005e+05	5.05385553645495e+02     -2.16939857239262e+02
2.05102051493303e+05	5.03872595764857e+02     -2.17716953083525e+02
2.05574860552261e+05	5.02348357922182e+02     -2.18484365105712e+02
2.06048759548665e+05	5.00812919892229e+02     -2.19241945680765e+02
2.06523750995081e+05	4.99266363869798e+02     -2.19989548074317e+02
2.06999837409865e+05	4.97708774459071e+02     -2.20727026491832e+02
2.07477021317181e+05	4.96140238661778e+02     -2.21454236127636e+02
2.07955305247011e+05	4.94560845864189e+02     -2.22171033213837e+02
2.08434691735168e+05	4.92970687822930e+02     -2.22877275069090e+02
2.08915183323311e+05	4.91369858649622e+02     -2.23572820147166e+02
2.09396782558959e+05	4.89758454794351e+02     -2.24257528085315e+02
2.09879491995504e+05	4.88136575027955e+02     -2.24931259752362e+02
2.10363314192222e+05	4.86504320423158e+02     -2.25593877296534e+02
2.10848251714291e+05	4.84861794334522e+02     -2.26245244192957e+02
2.11334307132801e+05	4.83209102377252e+02     -2.26885225290806e+02
2.11821483024771e+05	4.81546352404845e+02     -2.27513686860079e+02
2.12309781973156e+05	4.79873654485590e+02     -2.28130496637946e+02
2.12799206566872e+05	4.78191120877930e+02     -2.28735523874655e+02
2.13289759400796e+05	4.76498866004708e+02     -2.29328639378963e+02
2.13781443075793e+05	4.74797006426275e+02     -2.29909715563045e+02
2.14274260198720e+05	4.73085660812511e+02     -2.30478626486868e+02
2.14768213382444e+05	4.71364949913745e+02     -2.31035247901986e+02
2.15263305245855e+05	4.69634996530588e+02     -2.31579457294731e+02
2.15759538413883e+05	4.67895925482716e+02     -2.32111133928767e+02
2.16256915517504e+05	4.66147863576590e+02     -2.32630158886972e+02
2.16755439193764e+05	4.64390939572147e+02     -2.33136415112631e+02
2.17255112085786e+05	4.62625284148475e+02     -2.33629787449899e+02
2.17755936842784e+05	4.60851029868495e+02     -2.34110162683501e+02
2.18257916120083e+05	4.59068311142653e+02     -2.34577429577660e+02
2.18761052579126e+05	4.57277264191667e+02     -2.35031478914207e+02
2.19265348887493e+05	4.55478027008332e+02     -2.35472203529847e+02
2.19770807718912e+05	4.53670739318406e+02     -2.35899498352568e+02
2.20277431753277e+05	4.51855542540612e+02     -2.36313260437151e+02
2.20785223676656e+05	4.50032579745768e+02     -2.36713388999768e+02
2.21294186181313e+05	4.48201995615075e+02     -2.37099785451630e+02
2.21804321965716e+05	4.46363936397585e+02     -2.37472353431680e+02
2.22315633734554e+05	4.44518549866878e+02     -2.37830998838287e+02
2.22828124198752e+05	4.42665985276981e+02     -2.38175629859935e+02
2.23341796075482e+05	4.40806393317535e+02     -2.38506157004877e+02
2.23856652088181e+05	4.38939926068269e+02     -2.38822493129737e+02
2.24372694966566e+05	4.37066736952784e+02     -2.39124553467040e+02
2.24889927446644e+05	4.35186980691690e+02     -2.39412255651648e+02
2.25408352270730e+05	4.33300813255121e+02     -2.39685519746087e+02
2.25927972187461e+05	4.31408391814664e+02     -2.39944268264754e+02
2.26448789951810e+05	4.29509874694725e+02     -2.40188426196972e+02
2.26970808325102e+05	4.27605421323373e+02     -2.40417921028896e+02
2.27494030075024e+05	4.25695192182685e+02     -2.40632682764246e+02
2.28018457975648e+05	4.23779348758631e+02     -2.40832643943855e+02
2.28544094807438e+05	4.21858053490533e+02     -2.41017739664023e+02
2.29070943357267e+05	4.19931469720122e+02     -2.41187907593666e+02
2.29599006418434e+05	4.17999761640239e+02     -2.41343087990246e+02
2.30128286790678e+05	4.16063094243202e+02     -2.41483223714481e+02
2.30658787280190e+05	4.14121633268885e+02     -2.41608260243814e+02
2.31190510699630e+05	4.12175545152531e+02     -2.41718145684660e+02
2.31723459868144e+05	4.10224996972344e+02     -2.41812830783388e+02
2.32257637611375e+05	4.08270156396886e+02     -2.41892268936074e+02
2.32793046761479e+05	4.06311191632321e+02     -2.41956416196986e+02
2.33329690157144e+05	4.04348271369535e+02     -2.42005231285833e+02
2.33867570643599e+05	4.02381564731171e+02     -2.42038675593740e+02
2.34406691072633e+05	4.00411241218606e+02     -2.42056713187985e+02
2.34947054302608e+05	3.98437470658917e+02     -2.42059310815474e+02
2.35488663198476e+05	3.96460423151857e+02     -2.42046437904965e+02
2.36031520631795e+05	3.94480269016886e+02     -2.42018066568044e+02
2.36575629480740e+05	3.92497178740283e+02     -2.41974171598866e+02
2.37120992630122e+05	3.90511322922377e+02     -2.41914730472641e+02
2.37667612971403e+05	3.88522872224932e+02     -2.41839723342905e+02
2.38215493402708e+05	3.86531997318711e+02     -2.41749133037557e+02
2.38764636828845e+05	3.84538868831267e+02     -2.41642945053680e+02
2.39315046161319e+05	3.82543657294974e+02     -2.41521147551162e+02
2.39866724318345e+05	3.80546533095347e+02     -2.41383731345113e+02
2.40419674224864e+05	3.78547666419674e+02     -2.41230689897106e+02
2.40973898812564e+05	3.76547227205992e+02     -2.41062019305235e+02
2.41529401019886e+05	3.74545385092445e+02     -2.40877718293026e+02
2.42086183792050e+05	3.72542309367033e+02     -2.40677788197193e+02
2.42644250081061e+05	3.70538168917818e+02     -2.40462232954267e+02
2.43203602845731e+05	3.68533132183574e+02     -2.40231059086118e+02
2.43764245051693e+05	3.66527367104944e+02     -2.39984275684368e+02
2.44326179671417e+05	3.64521041076110e+02     -2.39721894393735e+02
2.44889409684223e+05	3.62514320897017e+02     -2.39443929394304e+02
2.45453938076302e+05	3.60507372726163e+02     -2.39150397382772e+02
2.46019767840725e+05	3.58500362033997e+02     -2.38841317552651e+02
2.46586901977468e+05	3.56493453556936e+02     -2.38516711573486e+02
2.47155343493418e+05	3.54486811252035e+02     -2.38176603569079e+02
2.47725095402395e+05	3.52480598252329e+02     -2.37821020094764e+02
2.48296160725168e+05	3.50474976822864e+02     -2.37449990113735e+02
2.48868542489468e+05	3.48470108317454e+02     -2.37063544972472e+02
2.49442243730006e+05	3.46466153136171e+02     -2.36661718375263e+02
2.50017267488489e+05	3.44463270683592e+02     -2.36244546357870e+02
2.50593616813636e+05	3.42461619327828e+02     -2.35812067260349e+02
2.51171294761194e+05	3.40461356360343e+02     -2.35364321699052e+02
2.51750304393952e+05	3.38462637956592e+02     -2.34901352537838e+02
2.52330648781764e+05	3.36465619137488e+02     -2.34423204858520e+02
2.52912331001557e+05	3.34470453731712e+02     -2.33929925930570e+02
2.53495354137352e+05	3.32477294338887e+02     -2.33421565180108e+02
2.54079721280280e+05	3.30486292293630e+02     -2.32898174158209e+02
2.54665435528598e+05	3.28497597630484e+02     -2.32359806508547e+02
2.55252499987703e+05	3.26511359049760e+02     -2.31806517934404e+02
2.55840917770154e+05	3.24527723884287e+02     -2.31238366165083e+02
2.56430691995682e+05	3.22546838067085e+02     -2.30655410921728e+02
2.57021825791213e+05	3.20568846099967e+02     -2.30057713882606e+02
2.57614322290878e+05	3.18593891023091e+02     -2.29445338647862e+02
2.58208184636035e+05	3.16622114385451e+02     -2.28818350703777e+02
2.58803415975284e+05	3.14653656216331e+02     -2.28176817386561e+02
2.59400019464481e+05	3.12688654997714e+02     -2.27520807845708e+02
2.59997998266758e+05	3.10727247637669e+02     -2.26850393006939e+02
2.60597355552540e+05	3.08769569444694e+02     -2.26165645534756e+02
2.61198094499560e+05	3.06815754103053e+02     -2.25466639794646e+02
2.61800218292875e+05	3.04865933649069e+02     -2.24753451814957e+02
2.62403730124886e+05	3.02920238448416e+02     -2.24026159248468e+02
2.63008633195353e+05	3.00978797174381e+02     -2.23284841333687e+02
2.63614930711411e+05	2.99041736787107e+02     -2.22529578855904e+02
2.64222625887590e+05	2.97109182513820e+02     -2.21760454108024e+02
2.64831721945829e+05	2.95181257830029e+02     -2.20977550851201e+02
2.65442222115494e+05	2.93258084441710e+02     -2.20180954275314e+02
2.66054129633397e+05	2.91339782268458e+02     -2.19370750959295e+02
2.66667447743810e+05	2.89426469427609e+02     -2.18547028831346e+02
2.67282179698486e+05	2.87518262219331e+02     -2.17709877129062e+02
2.67898328756671e+05	2.85615275112672e+02     -2.16859386359494e+02
2.68515898185126e+05	2.83717620732566e+02     -2.15995648259170e+02
2.69134891258144e+05	2.81825409847784e+02     -2.15118755754099e+02
2.69755311257564e+05	2.79938751359833e+02     -2.14228802919788e+02
2.70377161472790e+05	2.78057752292776e+02     -2.13325884941285e+02
2.71000445200812e+05	2.76182517783994e+02     -2.12410098073280e+02
2.71625165746217e+05	2.74313151075853e+02     -2.11481539600287e+02
2.72251326421211e+05	2.72449753508281e+02     -2.10540307796919e+02
2.72878930545635e+05	2.70592424512245e+02     -2.09586501888288e+02
2.73507981446986e+05	2.68741261604112e+02     -2.08620222010553e+02
2.74138482460427e+05	2.66896360380888e+02     -2.07641569171618e+02
2.74770436928812e+05	2.65057814516320e+02     -2.06650645212032e+02
2.75403848202702e+05	2.63225715757853e+02     -2.05647552766075e+02
2.76038719640379e+05	2.61400153924423e+02     -2.04632395223078e+02
2.76675054607868e+05	2.59581216905082e+02     -2.03605276688980e+02
2.77312856478955e+05	2.57768990658435e+02     -2.02566301948145e+02
2.77952128635202e+05	2.55963559212881e+02     -2.01515576425455e+02
2.78592874465965e+05	2.54165004667635e+02     -2.00453206148701e+02
2.79235097368415e+05	2.52373407194530e+02     -1.99379297711278e+02
2.79878800747555e+05	2.50588845040572e+02     -1.98293958235210e+02
2.80523988016235e+05	2.48811394531241e+02     -1.97197295334517e+02
2.81170662595175e+05	2.47041130074521e+02     -1.96089417078937e+02
2.81818827912977e+05	2.45278124165645e+02     -1.94970431958019e+02
2.82468487406151e+05	2.43522447392528e+02     -1.93840448845599e+02
2.83119644519127e+05	2.41774168441900e+02     -1.92699576964673e+02
2.83772302704274e+05	2.40033354106085e+02     -1.91547925852685e+02
2.84426465421921e+05	2.38300069290447e+02     -1.90385605327226e+02
2.85082136140374e+05	2.36574377021457e+02     -1.89212725452176e+02
2.85739318335933e+05	2.34856338455387e+02     -1.88029396504283e+02
2.86398015492915e+05	2.33146012887602e+02     -1.86835728940200e+02
2.87058231103664e+05	2.31443457762433e+02     -1.85631833363981e+02
2.87719968668578e+05	2.29748728683621e+02     -1.84417820495056e+02
2.88383231696125e+05	2.28061879425316e+02     -1.83193801136679e+02
2.89048023702859e+05	2.26382961943602e+02     -1.81959886144873e+02
2.89714348213441e+05	2.24712026388549e+02     -1.80716186397867e+02
2.90382208760656e+05	2.23049121116758e+02     -1.79462812766034e+02
2.91051608885436e+05	2.21394292704398e+02     -1.78199876082351e+02
2.91722552136872e+05	2.19747585960703e+02     -1.76927487113357e+02
2.92395042072240e+05	2.18109043941928e+02     -1.75645756530651e+02
2.93069082257014e+05	2.16478707965734e+02     -1.74354794882899e+02
2.93744676264888e+05	2.14856617625990e+02     -1.73054712568386e+02
2.94421827677794e+05	2.13242810807985e+02     -1.71745619808096e+02
2.95100540085922e+05	2.11637323704014e+02     -1.70427626619327e+02
2.95780817087737e+05	2.10040190829341e+02     -1.69100842789854e+02
2.96462662290000e+05	2.08451445038511e+02     -1.67765377852632e+02
2.97146079307786e+05	2.06871117542000e+02     -1.66421341061047e+02
2.97831071764505e+05	2.05299237923188e+02     -1.65068841364709e+02
2.98517643291918e+05	2.03735834155633e+02     -1.63707987385800e+02
2.99205797530160e+05	2.02180932620637e+02     -1.62338887395970e+02
2.99895538127755e+05	2.00634558125090e+02     -1.60961649293778e+02
3.00586868741639e+05	1.99096733919565e+02     -1.59576380582691e+02
3.01279793037179e+05	1.97567481716665e+02     -1.58183188349629e+02
3.01974314688190e+05	1.96046821709599e+02     -1.56782179244053e+02
3.02670437376957e+05	1.94534772590964e+02     -1.55373459457613e+02
3.03368164794253e+05	1.93031351571741e+02     -1.53957134704331e+02
3.04067500639359e+05	1.91536574400465e+02     -1.52533310201337e+02
3.04768448620085e+05	1.90050455382579e+02     -1.51102090650140e+02
3.05471012452786e+05	1.88573007399936e+02     -1.49663580218446e+02
3.06175195862387e+05	1.87104241930452e+02     -1.48217882522511e+02
3.06881002582397e+05	1.85644169067894e+02     -1.46765100610025e+02
3.07588436354934e+05	1.84192797541779e+02     -1.45305336943532e+02
3.08297500930741e+05	1.82750134737387e+02     -1.43838693384374e+02
3.09008200069208e+05	1.81316186715867e+02     -1.42365271177164e+02
3.09720537538391e+05	1.79890958234416e+02     -1.40885170934768e+02
3.10434517115032e+05	1.78474452766543e+02     -1.39398492623815e+02
3.11150142584580e+05	1.77066672522380e+02     -1.37905335550711e+02
3.11867417741210e+05	1.75667618469042e+02     -1.36405798348155e+02
3.12586346387843e+05	1.74277290351025e+02     -1.34899978962166e+02
3.13306932336168e+05	1.72895686710628e+02     -1.33387974639599e+02
3.14029179406659e+05	1.71522804908386e+02     -1.31869881916150e+02
3.14753091428599e+05	1.70158641143515e+02     -1.30345796604855e+02
3.15478672240097e+05	1.68803190474340e+02     -1.28815813785053e+02
3.16205925688110e+05	1.67456446838719e+02     -1.27280027791841e+02
3.16934855628463e+05	1.66118403074427e+02     -1.25738532205978e+02
3.17665465925872e+05	1.64789050939520e+02     -1.24191419844264e+02
3.18397760453958e+05	1.63468381132648e+02     -1.22638782750367e+02
3.19131743095274e+05	1.62156383313315e+02     -1.21080712186099e+02
3.19867417741324e+05	1.60853046122080e+02     -1.19517298623134e+02
3.20604788292581e+05	1.59558357200688e+02     -1.17948631735167e+02
3.21343858658510e+05	1.58272303212128e+02     -1.16374800390488e+02
3.22084632757589e+05	1.56994869860602e+02     -1.14795892644995e+02
3.22827114517328e+05	1.55726041911402e+02     -1.13211995735606e+02
3.23571307874292e+05	1.54465803210693e+02     -1.11623196074092e+02
3.24317216774119e+05	1.53214136705183e+02     -1.10029579241302e+02
3.25064845171545e+05	1.51971024461689e+02     -1.08431229981783e+02
3.25814197030421e+05	1.50736447686578e+02     -1.06828232198793e+02
3.26565276323736e+05	1.49510386745084e+02     -1.05220668949685e+02
3.27318087033637e+05	1.48292821180495e+02     -1.03608622441669e+02
3.28072633151453e+05	1.47083729733210e+02     -1.01992174027940e+02
3.28828918677710e+05	1.45883090359640e+02     -1.00371404204156e+02
3.29586947622161e+05	1.44690880250977e+02     -9.87463926052777e+01
3.30346724003798e+05	1.43507075851803e+02     -9.71172180027415e+01
3.31108251850881e+05	1.42331652878546e+02     -9.54839583019763e+01
3.31871535200954e+05	1.41164586337771e+02     -9.38466905402446e+01
3.32636578100871e+05	1.40005850544315e+02     -9.22054908848070e+01
3.33403384606811e+05	1.38855419139241e+02     -9.05604346314006e+01
3.34171958784307e+05	1.37713265107630e+02     -8.89115962030247e+01
3.34942304708263e+05	1.36579360796192e+02     -8.72590491490264e+01
3.35714426462976e+05	1.35453677930694e+02     -8.56028661444797e+01
3.36488328142159e+05	1.34336187633215e+02     -8.39431189898487e+01
3.37264013848961e+05	1.33226860439202e+02     -8.22798786109315e+01
3.38041487695991e+05	1.32125666314353e+02     -8.06132150590737e+01
3.38820753805338e+05	1.31032574671291e+02     -7.89431975116480e+01
3.39601816308592e+05	1.29947554386063e+02     -7.72698942727902e+01
3.40384679346871e+05	1.28870573814430e+02     -7.55933727743870e+01
3.41169347070835e+05	1.27801600807961e+02     -7.39136995773067e+01
3.41955823640715e+05	1.26740602729937e+02     -7.22309403728675e+01
3.42744113226331e+05	1.25687546471041e+02     -7.05451599845361e+01
3.43534220007116e+05	1.24642398464853e+02     -6.88564223698501e+01
3.44326148172138e+05	1.23605124703138e+02     -6.71647906225572e+01
3.45119901920121e+05	1.22575690750931e+02     -6.54703269749652e+01
3.45915485459468e+05	1.21554061761413e+02     -6.37730928004963e+01
3.46712903008285e+05	1.20540202490579e+02     -6.20731486164390e+01
3.47512158794398e+05	1.19534077311703e+02     -6.03705540868913e+01
3.48313257055384e+05	1.18535650229586e+02     -5.86653680258900e+01
3.49116202038586e+05	1.17544884894604e+02     -5.69576484007181e+01
3.49920998001137e+05	1.16561744616538e+02     -5.52474523353863e+01
3.50727649209986e+05	1.15586192378201e+02     -5.35348361142807e+01
3.51536159941917e+05	1.14618190848848e+02     -5.18198551859728e+01
3.52346534483573e+05	1.13657702397385e+02     -5.01025641671842e+01
3.53158777131481e+05	1.12704689105357e+02     -4.83830168469016e+01
3.53972892192069e+05	1.11759112779738e+02     -4.66612661906354e+01
3.54788883981694e+05	1.10820934965502e+02     -4.49373643448177e+01
3.55606756826664e+05	1.09890116957990e+02     -4.32113626413333e+01
3.56426515063260e+05	1.08966619815069e+02     -4.14833116021778e+01
3.57248163037757e+05	1.08050404369081e+02     -3.97532609442398e+01
3.58071705106451e+05	1.07141431238585e+02     -3.80212595841992e+01
3.58897145635681e+05	1.06239660839896e+02     -3.62873556435391e+01
3.59724489001850e+05	1.05345053398414e+02     -3.45515964536640e+01
3.60553739591450e+05	1.04457568959752e+02     -3.28140285611216e+01
3.61384901801085e+05	1.03577167400661e+02     -3.10746977329219e+01
3.62217980037495e+05	1.02703808439749e+02     -2.93336489619496e+01
3.63052978717577e+05	1.01837451648004e+02     -2.75909264724647e+01
3.63889902268412e+05	1.00978056459114e+02     -2.58465737256877e+01
3.64728755127284e+05	1.00125582179587e+02     -2.41006334254639e+01
3.65569541741709e+05	9.92799879986802e+01     -2.23531475240030e+01
3.66412266569452e+05	9.84412329981292e+01     -2.06041572276906e+01
3.67256934078557e+05	9.76092761616815e+01     -1.88537030029654e+01
3.68103548747368e+05	9.67840763844420e+01     -1.71018245822602e+01
3.68952115064550e+05	9.59655924820243e+01     -1.53485609700017e+01
3.69802637529119e+05	9.51537831995148e+01     -1.35939504486653e+01
3.70655120650459e+05	9.43486072202474e+01     -1.18380305848810e+01
3.71509568948351e+05	9.35500231743943e+01     -1.00808382355879e+01
3.72365986952995e+05	9.27579896473709e+01     -8.32240955423129e+00
3.73224379205033e+05	9.19724651880604e+01     -6.56277999700186e+00
3.74084750255577e+05	9.11934083168561e+01     -4.80198432911107e+00
3.74947104666228e+05	9.04207775335268e+01     -3.04005663110075e+00
3.75811447009103e+05	8.96545313249051e+01     -1.27703030518323e+00
3.76677781866859e+05	8.88946281724005e+01     4.87061918391047e-01
3.77546113832717e+05	8.81410265593408e+01     2.25218797494158e+00
3.78416447510487e+05	8.73936849781420e+01     4.01831645894446e+00
3.79288787514592e+05	8.66525619373102e+01     5.78541661760057e+00
3.80163138470091e+05	8.59176159682766e+01     7.55345834438809e+00
3.81039505012706e+05	8.51888056320677e+01     9.32241217260213e+00
3.81917891788845e+05	8.44660895258131e+01     1.10922492688842e+01
3.82798303455628e+05	8.37494262890932e+01     1.28629414267438e+01
3.83680744680909e+05	8.30387746101279e+01     1.46344610600754e+01
3.84565220143305e+05	8.23340932318100e+01     1.64067811966720e+01
3.85451734532215e+05	8.16353409575830e+01     1.81798754717392e+01
3.86340292547851e+05	8.09424766571682e+01     1.99537181214106e+01
3.87230898901259e+05	8.02554592721413e+01     2.17282839762676e+01
3.88123558314346e+05	7.95742478213613e+01     2.35035484548658e+01
3.89018275519902e+05	7.88988014062533e+01     2.52794875572698e+01
3.89915055261629e+05	7.82290792159485e+01     2.70560778585977e+01
3.90813902294165e+05	7.75650405322824e+01     2.88332965025793e+01
3.91714821383106e+05	7.69066447346536e+01     3.06111211951275e+01
3.92617817305036e+05	7.62538513047451e+01     3.23895301979264e+01
3.93522894847549e+05	7.56066198311120e+01     3.41685023220370e+01
3.94430058809277e+05	7.49649100136341e+01     3.59480169215224e+01
3.95339313999913e+05	7.43286816678397e+01     3.77280538870943e+01
3.96250665240236e+05	7.36978947290991e+01     3.95085936397825e+01
3.97164117362141e+05	7.30725092566928e+01     4.12896171246281e+01
3.98079675208659e+05	7.24524854377538e+01     4.30711058044027e+01
3.98997343633988e+05	7.18377835910889e+01     4.48530416533549e+01
3.99917127503514e+05	7.12283641708782e+01     4.66354071509848e+01
4.00839031693840e+05	7.06241877702573e+01     4.84181852758490e+01
4.01763061092809e+05	7.00252151247828e+01     5.02013594993952e+01
4.02689220599533e+05	6.94314071157833e+01     5.19849137798307e+01
4.03617515124419e+05	6.88427247735986e+01     5.37688325560229e+01
4.04547949589191e+05	6.82591292807084e+01     5.55531007414345e+01
4.05480528926920e+05	6.76805819747529e+01     5.73377037180946e+01
4.06415258082050e+05	6.71070443514468e+01     5.91226273306052e+01
4.07352142010420e+05	6.65384780673893e+01     6.09078578801862e+01
4.08291185679296e+05	6.59748449427718e+01     6.26933821187578e+01
4.09232394067395e+05	6.54161069639846e+01     6.44791872430623e+01
4.10175772164909e+05	6.48622262861259e+01     6.62652608888257e+01
4.11121324973536e+05	6.43131652354131e+01     6.80515911249599e+01
4.12069057506501e+05	6.37688863115005e+01     6.98381664478068e+01
4.13018974788589e+05	6.32293521897027e+01     7.16249757754237e+01
4.13971081856167e+05	6.26945257231285e+01     7.34120084419119e+01
4.14925383757211e+05	6.21643699447241e+01     7.51992541917885e+01
4.15881885551335e+05	6.16388480692296e+01     7.69867031744023e+01
4.16840592309817e+05	6.11179234950494e+01     7.87743459383940e+01
4.17801509115624e+05	6.06015598060392e+01     8.05621734262010e+01
4.18764641063441e+05	6.00897207732104e+01     8.23501769686085e+01
4.19729993259699e+05	5.95823703563535e+01     8.41383482793456e+01
4.20697570822598e+05	5.90794727055841e+01     8.59266794497278e+01
4.21667378882138e+05	5.85809921628101e+01     8.77151629433469e+01
4.22639422580145e+05	5.80868932631251e+01     8.95037915908068e+01
4.23613707070298e+05	5.75971407361262e+01     9.12925585845073e+01
4.24590237518157e+05	5.71116995071613e+01     9.30814574734754e+01
4.25569019101188e+05	5.66305346985047e+01     9.48704821582439e+01
4.26550057008795e+05	5.61536116304638e+01     9.66596268857788e+01
4.27533356442342e+05	5.56808958224183e+01     9.84488862444546e+01
4.28518922615185e+05	5.52123529937942e+01     1.00238255159078e+02
4.29506760752698e+05	5.47479490649718e+01     1.02027728885961e+02
4.30496876092300e+05	5.42876501581320e+01     1.03817303008039e+02
4.31489273883485e+05	5.38314225980406e+01     1.05606973430047e+02
4.32483959387847e+05	5.33792329127726e+01     1.07396736373731e+02
4.33480937879108e+05	5.29310478343774e+01     1.09186588373122e+02
4.34480214643151e+05	5.24868342994875e+01     1.10976526269849e+02
4.35481794978040e+05	5.20465594498709e+01     1.12766547208507e+02
4.36485684194056e+05	5.16101906329286e+01     1.14556648632072e+02
4.37491887613718e+05	5.11776954021397e+01     1.16346828277363e+02
4.38500410571817e+05	5.07490415174540e+01     1.18137084170559e+02
4.39511258415442e+05	5.03241969456341e+01     1.19927414622757e+02
4.40524436504007e+05	4.99031298605488e+01     1.21717818225586e+02
4.41539950209281e+05	4.94858086434171e+01     1.23508293846866e+02
4.42557804915418e+05	4.90722018830069e+01     1.25298840626314e+02
4.43578006018980e+05	4.86622783757873e+01     1.27089457971307e+02
4.44600558928974e+05	4.82560071260361e+01     1.28880145552682e+02
4.45625469066873e+05	4.78533573459050e+01     1.30670903300591e+02
4.46652741866648e+05	4.74542984554418e+01     1.32461731400407e+02
4.47682382774797e+05	4.70588000825723e+01     1.34252630288670e+02
4.48714397250374e+05	4.66668320630420e+01     1.36043600649087e+02
4.49748790765018e+05	4.62783644403188e+01     1.37834643408577e+02
4.50785568802978e+05	4.58933674654586e+01     1.39625759733364e+02
4.51824736861151e+05	4.55118115969337e+01     1.41416951025120e+02
4.52866300449100e+05	4.51336675004260e+01     1.43208218917146e+02
4.53910265089093e+05	4.47589060485849e+01     1.44999565270615e+02
4.54956636316126e+05	4.43874983207531e+01     1.46790992170846e+02
4.56005419677955e+05	4.40194156026575e+01     1.48582501923633e+02
4.57056620735125e+05	4.36546293860708e+01     1.50374097051617e+02
4.58110245061000e+05	4.32931113684405e+01     1.52165780290709e+02
4.59166298241790e+05	4.29348334524895e+01     1.53957554586549e+02
4.60224785876586e+05	4.25797677457867e+01     1.55749423091016e+02
4.61285713577382e+05	4.22278865602902e+01     1.57541389158788e+02
4.62349086969111e+05	4.18791624118635e+01     1.59333456343933e+02
4.63414911689675e+05	4.15335680197648e+01     1.61125628396559e+02
4.64483193389968e+05	4.11910763061113e+01     1.62917909259495e+02
4.65553937733915e+05	4.08516603953190e+01     1.64710303065029e+02
4.66627150398495e+05	4.05152936135183e+01     1.66502814131675e+02
4.67702837073776e+05	4.01819494879466e+01     1.68295446960997e+02
4.68781003462940e+05	3.98516017463191e+01     1.70088206234463e+02
4.69861655282319e+05	3.95242243161774e+01     1.71881096810351e+02
4.70944798261421e+05	3.91997913242181e+01     1.73674123720693e+02
4.72030438142962e+05	3.88782770956005e+01     1.75467292168260e+02
4.73118580682896e+05	3.85596561532359e+01     1.77260607523591e+02
4.74209231650449e+05	3.82439032170575e+01     1.79054075322059e+02
4.75302396828141e+05	3.79309932032727e+01     1.80847701260983e+02
4.76398082011826e+05	3.76209012235982e+01     1.82641491196773e+02
4.77496293010718e+05	3.73136025844781e+01     1.84435451142126e+02
4.78597035647422e+05	3.70090727862865e+01     1.86229587263247e+02
4.79700315757967e+05	3.67072875225139e+01     1.88023905877123e+02
4.80806139191832e+05	3.64082226789402e+01     1.89818413448828e+02
4.81914511811985e+05	3.61118543327920e+01     1.91613116588865e+02
4.83025439494907e+05	3.58181587518873e+01     1.93408022050557e+02
4.84138928130625e+05	3.55271123937670e+01     1.95203136727461e+02
4.85254983622745e+05	3.52386919048136e+01     1.96998467650830e+02
4.86373611888483e+05	3.49528741193583e+01     1.98794021987107e+02
4.87494818858693e+05	3.46696360587769e+01     2.00589807035459e+02
4.88618610477905e+05	3.43889549305742e+01     2.02385830225345e+02
4.89744992704349e+05	3.41108081274586e+01     2.04182099114119e+02
4.90873971509992e+05	3.38351732264067e+01     2.05978621384672e+02
4.92005552880567e+05	3.35620279877185e+01     2.07775404843105e+02
4.93139742815605e+05	3.32913503540634e+01     2.09572457416442e+02
4.94276547328469e+05	3.30231184495187e+01     2.11369787150369e+02
4.95415972446384e+05	3.27573105785986e+01     2.13167402207017e+02
4.96558024210467e+05	3.24939052252772e+01     2.14965310862775e+02
4.97702708675763e+05	3.22328810520034e+01     2.16763521506129e+02
4.98850031911277e+05	3.19742168987095e+01     2.18562042635545e+02
5.00000000000000e+05	3.17178917818132e+01     2.20360882857382e+02
5.01152619038950e+05	3.14638848932142e+01     2.22160050883827e+02
5.02307895139198e+05	3.12121755992847e+01     2.23959555530879e+02
5.03465834425902e+05	3.09627434398554e+01     2.25759405716350e+02
5.04626443038342e+05	3.07155681271960e+01     2.27559610457902e+02
5.05789727129949e+05	3.04706295449924e+01     2.29360178871120e+02
5.06955692868340e+05	3.02279077473185e+01     2.31161120167605e+02
5.08124346435348e+05	2.99873829576052e+01     2.32962443653106e+02
5.09295694027058e+05	2.97490355676060e+01     2.34764158725679e+02
5.10469741853840e+05	2.95128461363594e+01     2.36566274873870e+02
5.11646496140377e+05	2.92787953891482e+01     2.38368801674939e+02
5.12825963125704e+05	2.90468642164571e+01     2.40171748793098e+02
5.14008149063237e+05	2.88170336729276e+01     2.41975125977790e+02
5.15193060220808e+05	2.85892849763112e+01     2.43778943061987e+02
5.16380702880699e+05	2.83635995064215e+01     2.45583209960521e+02
5.17571083339672e+05	2.81399588040844e+01     2.47387936668440e+02
5.18764207909006e+05	2.79183445700876e+01     2.49193133259390e+02
5.19960082914530e+05	2.76987386641294e+01     2.50998809884028e+02
5.21158714696652e+05	2.74811231037670e+01     2.52804976768452e+02
5.22360109610400e+05	2.72654800633643e+01     2.54611644212672e+02
5.23564274025450e+05	2.70517918730401e+01     2.56418822589088e+02
5.24771214326161e+05	2.68400410176165e+01     2.58226522341009e+02
5.25980936911611e+05	2.66302101355675e+01     2.60034753981188e+02
5.27193448195629e+05	2.64222820179681e+01     2.61843528090387e+02
5.28408754606829e+05	2.62162396074452e+01     2.63652855315959e+02
5.29626862588644e+05	2.60120659971286e+01     2.65462746370463e+02
5.30847778599362e+05	2.58097444296039e+01     2.67273212030295e+02
5.32071509112158e+05	2.56092582958666e+01     2.69084263134347e+02
5.33298060615129e+05	2.54105911342783e+01     2.70895910582687e+02
5.34527439611329e+05	2.52137266295243e+01     2.72708165335262e+02
5.35759652618803e+05	2.50186486115732e+01     2.74521038410626e+02
5.36994706170622e+05	2.48253410546398e+01     2.76334540884681e+02
5.38232606814917e+05	2.46337880761486e+01     2.78148683889456e+02
5.39473361114914e+05	2.44439739357018e+01     2.79963478611889e+02
5.40716975648969e+05	2.42558830340483e+01     2.81778936292645e+02
5.41963457010602e+05	2.40694999120567e+01     2.83595068224947e+02
5.43212811808533e+05	2.38848092496912e+01     2.85411885753429e+02
5.44465046666717e+05	2.37017958649898e+01     2.87229400273010e+02
5.45720168224378e+05	2.35204447130472e+01     2.89047623227792e+02
5.46978183136047e+05	2.33407408849996e+01     2.90866566109968e+02
5.48239098071593e+05	2.31626696070145e+01     2.92686240458759e+02
5.49502919716261e+05	2.29862162392830e+01     2.94506657859366e+02
5.50769654770707e+05	2.28113662750167e+01     2.96327829941941e+02
5.52039309951037e+05	2.26381053394483e+01     2.98149768380577e+02
5.53311891988833e+05	2.24664191888361e+01     2.99972484892318e+02
5.54587407631201e+05	2.22962937094727e+01     3.01795991236185e+02
5.55865863640796e+05	2.21277149166980e+01     3.03620299212218e+02
5.57147266795865e+05	2.19606689539169e+01     3.05445420660544e+02
5.58431623890280e+05	2.17951420916205e+01     3.07271367460451e+02
5.59718941733576e+05	2.16311207264131e+01     3.09098151529488e+02
5.61009227150982e+05	2.14685913800429e+01     3.10925784822578e+02
5.62302486983463e+05	2.13075406984375e+01     3.12754279331149e+02
5.63598728087755e+05	2.11479554507449e+01     3.14583647082276e+02
5.64897957336399e+05	2.09898225283789e+01     3.16413900137852e+02
5.66200181617778e+05	2.08331289440691e+01     3.18245050593758e+02
5.67505407836157e+05	2.06778618309168e+01     3.20077110579064e+02
5.68813642911715e+05	2.05240084414551e+01     3.21910092255235e+02
5.70124893780584e+05	2.03715561467154e+01     3.23744007815357e+02
5.71439167394886e+05	2.02204924352978e+01     3.25578869483376e+02
5.72756470722768e+05	2.00708049124474e+01     3.27414689513354e+02
5.74076810748441e+05	1.99224812991366e+01     3.29251480188738e+02
5.75400194472218e+05	1.97755094311517e+01     3.31089253821641e+02
5.76726628910546e+05	1.96298772581858e+01     3.32928022752143e+02
5.78056121096049e+05	1.94855728429371e+01     3.34767799347600e+02
5.79388678077563e+05	1.93425843602124e+01     3.36608596001967e+02
5.80724306920171e+05	1.92009000960368e+01     3.38450425135143e+02
5.82063014705246e+05	1.90605084467688e+01     3.40293299192315e+02
5.83404808530481e+05	1.89213979182211e+01     3.42137230643326e+02
5.84749695509935e+05	1.87835571247875e+01     3.43982231982054e+02
5.86097682774065e+05	1.86469747885751e+01     3.45828315725798e+02
5.87448777469765e+05	1.85116397385429e+01     3.47675494414682e+02
5.88802986760404e+05	1.83775409096460e+01     3.49523780611073e+02
5.90160317825865e+05	1.82446673419859e+01     3.51373186899001e+02
5.91520777862582e+05	1.81130081799665e+01     3.53223725883603e+02
5.92884374083580e+05	1.79825526714563e+01     3.55075410190569e+02
5.94251113718509e+05	1.78532901669569e+01     3.56928252465606e+02
5.95621004013687e+05	1.77252101187770e+01     3.58782265373911e+02
5.96994052232137e+05	1.75983020802128e+01     3.60637461599651e+02
5.98370265653622e+05	1.74725557047347e+01     3.62493853845462e+02
5.99749651574689e+05	1.73479607451795e+01     3.64351454831952e+02
6.01132217308706e+05	1.72245070529497e+01     3.66210277297215e+02
6.02517970185899e+05	1.71021845772181e+01     3.68070333996363e+02
6.03906917553390e+05	1.69809833641392e+01     3.69931637701056e+02
6.05299066775241e+05	1.68608935560664e+01     3.71794201199051e+02
6.06694425232489e+05	1.67419053907759e+01     3.73658037293760e+02
6.08093000323184e+05	1.66240092006961e+01     3.75523158803811e+02
6.09494799462433e+05	1.65071954121446e+01     3.77389578562630e+02
6.10899830082436e+05	1.63914545445698e+01     3.79257309418017e+02
6.12308099632524e+05	1.62767772098003e+01     3.81126364231750e+02
6.13719615579204e+05	1.61631541112997e+01     3.82996755879177e+02
6.15134385406191e+05	1.60505760434279e+01     3.84868497248839e+02
6.16552416614454e+05	1.59390338907092e+01     3.86741601242079e+02
6.17973716722255e+05	1.58285186271062e+01     3.88616080772680e+02
6.19398293265185e+05	1.57190213153002e+01     3.90491948766497e+02
6.20826153796206e+05	1.56105331059782e+01     3.92369218161107e+02
6.22257305885692e+05	1.55030452371259e+01     3.94247901905455e+02
6.23691757121471e+05	1.53965490333277e+01     3.96128012959526e+02
6.25129515108860e+05	1.52910359050721e+01     3.98009564294005e+02
6.26570587470708e+05	1.51864973480647e+01     3.99892568889958e+02
6.28014981847437e+05	1.50829249425465e+01     4.01777039738519e+02
6.29462705897084e+05	1.49803103526196e+01     4.03662989840578e+02
6.30913767295335e+05	1.48786453255782e+01     4.05550432206478e+02
6.32368173735576e+05	1.47779216912472e+01     4.07439379855730e+02
6.33825932928923e+05	1.46781313613266e+01     4.09329845816716e+02
6.35287052604271e+05	1.45792663287420e+01     4.11221843126417e+02
6.36751540508331e+05	1.44813186670024e+01     4.13115384830132e+02
6.38219404405672e+05	1.43842805295637e+01     4.15010483981219e+02
6.39690652078762e+05	1.42881441491992e+01     4.16907153640828e+02
6.41165291328011e+05	1.41929018373759e+01     4.18805406877651e+02
6.42643329971808e+05	1.40985459836379e+01     4.20705256767672e+02
6.44124775846567e+05	1.40050690549958e+01     4.22606716393925e+02
6.45609636806767e+05	1.39124635953229e+01     4.24509798846258e+02
6.47097920724993e+05	1.38207222247576e+01     4.26414517221105e+02
6.48589635491978e+05	1.37298376391123e+01     4.28320884621255e+02
6.50084789016645e+05	1.36398026092887e+01     4.30228914155640e+02
6.51583389226150e+05	1.35506099807000e+01     4.32138618939117e+02
6.53085444065921e+05	1.34622526726991e+01     4.34050012092260e+02
6.54590961499703e+05	1.33747236780132e+01     4.35963106741158e+02
6.56099949509602e+05	1.32880160621856e+01     4.37877916017212e+02
6.57612416096119e+05	1.32021229630228e+01     4.39794453056948e+02
6.59128369278204e+05	1.31170375900496e+01     4.41712731001824e+02
6.60647817093288e+05	1.30327532239692e+01     4.43632762998046e+02
6.62170767597332e+05	1.29492632161306e+01     4.45554562196390e+02
6.63697228864870e+05	1.28665609880028e+01     4.47478141752027e+02
6.65227208989045e+05	1.27846400306546e+01     4.49403514824348e+02
6.66760716081662e+05	1.27034939042414e+01     4.51330694576803e+02
6.68297758273221e+05	1.26231162374988e+01     4.53259694176734e+02
6.69838343712967e+05	1.25435007272423e+01     4.55190526795221e+02
6.71382480568932e+05	1.24646411378735e+01     4.57123205606920e+02
6.72930177027974e+05	1.23865313008934e+01     4.59057743789919e+02
6.74481441295827e+05	1.23091651144214e+01     4.60994154525586e+02
6.76036281597139e+05	1.22325365427216e+01     4.62932450998427e+02
6.77594706175518e+05	1.21566396157355e+01     4.64872646395945e+02
6.79156723293577e+05	1.20814684286208e+01     4.66814753908501e+02
6.80722341232975e+05	1.20070171412974e+01     4.68758786729183e+02
6.82291568294462e+05	1.19332799779998e+01     4.70704758053670e+02
6.83864412797924e+05	1.18602512268360e+01     4.72652681080109e+02
6.85440883082427e+05	1.17879252393530e+01     4.74602569008985e+02
6.87020987506258e+05	1.17162964301094e+01     4.76554435043000e+02
6.88604734446973e+05	1.16453592762537e+01     4.78508292386952e+02
6.90192132301442e+05	1.15751083171105e+01     4.80464154247619e+02
6.91783189485890e+05	1.15055381537725e+01     4.82422033833640e+02
6.93377914435944e+05	1.14366434486994e+01     4.84381944355406e+02
6.94976315606677e+05	1.13684189253237e+01     4.86343899024944e+02
6.96578401472652e+05	1.13008593676633e+01     4.88307911055810e+02
6.98184180527969e+05	1.12339596199403e+01     4.90273993662983e+02
6.99793661286309e+05	1.11677145862074e+01     4.92242160062756e+02
7.01406852280979e+05	1.11021192299807e+01     4.94212423472634e+02
7.03023762064957e+05	1.10371685738791e+01     4.96184797111231e+02
7.04644399210937e+05	1.09728576992709e+01     4.98159294198167e+02
7.06268772311377e+05	1.09091817459275e+01     5.00135927953973e+02
7.07896889978541e+05	1.08461359116833e+01     5.02114711599983e+02
7.09528760844546e+05	1.07837154521033e+01     5.04095658358245e+02
7.11164393561410e+05	1.07219156801570e+01     5.06078781451420e+02
7.12803796801094e+05	1.06607319659001e+01     5.08064094102683e+02
7.14446979255551e+05	1.06001597361624e+01     5.10051609535631e+02
7.16093949636772e+05	1.05401944742434e+01     5.12041340974188e+02
7.17744716676828e+05	1.04808317196148e+01     5.14033301642505e+02
7.19399289127923e+05	1.04220670676299e+01     5.16027504764869e+02
7.21057675762434e+05	1.03638961692406e+01     5.18023963565608e+02
7.22719885372964e+05	1.03063147307215e+01     5.20022691268993e+02
7.24385926772381e+05	1.02493185134009e+01     5.22023701099147e+02
7.26055808793871e+05	1.01929033334001e+01     5.24027006279944e+02
7.27729540290983e+05	1.01370650613786e+01     5.26032620034916e+02
7.29407130137674e+05	1.00817996222880e+01     5.28040555587157e+02
7.31088587228359e+05	1.00271029951327e+01     5.30050826159222e+02
7.32773920477956e+05	9.97297121273847e+00     5.32063444973027e+02
7.34463138821933e+05	9.91940036152806e+00     5.34078425249754e+02
7.36156251216359e+05	9.86638658130495e+00     5.36095780209745e+02
7.37853266637947e+05	9.81392606504451e+00     5.38115523072400e+02
7.39554194084104e+05	9.76201505869296e+00     5.40137667056072e+02
7.41259042572977e+05	9.71064986097407e+00     5.42162225377960e+02
7.42967821143503e+05	9.65982682320378e+00     5.44189211254000e+02
7.44680538855458e+05	9.60954234911264e+00     5.46218637898755e+02
7.46397204789498e+05	9.55979289467630e+00     5.48250518525300e+02
7.48117828047217e+05	9.51057496795404e+00     5.50284866345104e+02
7.49842417751187e+05	9.46188512893539e+00     5.52321694567915e+02
7.51570983045011e+05	9.41371998939494e+00     5.54361016401634e+02
7.53303533093371e+05	9.36607621275544e+00     5.56402845052189e+02
7.55040077082074e+05	9.31895051395917e+00     5.58447193723408e+02
7.56780624218104e+05	9.27233965934784e+00     5.60494075616885e+02
7.58525183729668e+05	9.22624046655086e+00     5.62543503931843e+02
7.60273764866248e+05	9.18064980438226e+00     5.64595491864992e+02
7.62026376898646e+05	9.13556459274625e+00     5.66650052610381e+02
7.63783029119036e+05	9.09098180255152e+00     5.68707199359255e+02
7.65543730841015e+05	9.04689845563442e+00     5.70766945299888e+02
7.67308491399647e+05	9.00331162469099e+00     5.72829303617434e+02
7.69077320151517e+05	8.96021843321805e+00     5.74894287493750e+02
7.70850226474780e+05	8.91761605546342e+00     5.76961910107229e+02
7.72627219769207e+05	8.87550171638533e+00     5.79032184632622e+02
7.74408309456241e+05	8.83387269162114e+00     5.81105124240849e+02
7.76193504979041e+05	8.79272630746542e+00     5.83180742098811e+02
7.77982815802537e+05	8.75205994085767e+00     5.85259051369187e+02
7.79776251413477e+05	8.71187101937951e+00     5.87340065210230e+02
7.81573821320477e+05	8.67215702126168e+00     5.89423796775551e+02
7.83375535054074e+05	8.63291547540087e+00     5.91510259213898e+02
7.85181402166776e+05	8.59414396138645e+00     5.93599465668921e+02
7.86991432233110e+05	8.55584010953725e+00     5.95691429278936e+02
7.88805634849674e+05	8.51800160094860e+00     5.97786163176672e+02
7.90624019635192e+05	8.48062616754950e+00     5.99883680489013e+02
7.92446596230557e+05	8.44371159217033e+00     6.01983994336724e+02
7.94273374298889e+05	8.40725570862102e+00     6.04087117834177e+02
7.96104363525585e+05	8.37125640177978e+00     6.06193064089054e+02
7.97939573618366e+05	8.33571160769273e+00     6.08301846202043e+02
7.99779014307334e+05	8.30061931368430e+00     6.10413477266525e+02
8.01622695345021e+05	8.26597755847862e+00     6.12527970368243e+02
8.03470626506439e+05	8.23178443233214e+00     6.14645338584961e+02
8.05322817589135e+05	8.19803807717732e+00     6.16765594986108e+02
8.07179278413243e+05	8.16473668677782e+00     6.18888752632407e+02
8.09040018821533e+05	8.13187850689511e+00     6.21014824575489e+02
8.10905048679465e+05	8.09946183546669e+00     6.23143823857493e+02
8.12774377875242e+05	8.06748502279604e+00     6.25275763510649e+02
8.14648016319861e+05	8.03594647175442e+00     6.27410656556840e+02
8.16525973947167e+05	8.00484463799458e+00     6.29548516007155e+02
8.18408260713904e+05	7.97417803017660e+00     6.31689354861412e+02
8.20294886599770e+05	7.94394521020591e+00     6.33833186107671e+02
8.22185861607466e+05	7.91414479348356e+00     6.35980022721726e+02
8.24081195762754e+05	7.88477544916891e+00     6.38129877666568e+02
8.25980899114507e+05	7.85583590045490e+00     6.40282763891836e+02
8.27884981734764e+05	7.82732492485574e+00     6.42438694333239e+02
8.29793453718780e+05	7.79924135450751e+00     6.44597681911958e+02
8.31706325185085e+05	7.77158407648136e+00     6.46759739534023e+02
8.33623606275531e+05	7.74435203310964e+00     6.48924880089659e+02
8.35545307155354e+05	7.71754422232499e+00     6.51093116452616e+02
8.37471438013219e+05	7.69115969801232e+00     6.53264461479458e+02
8.39402009061280e+05	7.66519757037392e+00     6.55438928008835e+02
8.41337030535234e+05	7.63965700630761e+00     6.57616528860717e+02
8.43276512694371e+05	7.61453722979800e+00     6.59797276835602e+02
8.45220465821632e+05	7.58983752232088e+00     6.61981184713685e+02
8.47168900223664e+05	7.56555722326077e+00     6.64168265254002e+02
8.49121826230872e+05	7.54169573034152e+00     6.66358531193529e+02
8.51079254197475e+05	7.51825250007007e+00     6.68551995246250e+02
8.53041194501562e+05	7.49522704819316e+00     6.70748670102186e+02
8.55007657545144e+05	7.47261895016707e+00     6.72948568426384e+02
8.56978653754213e+05	7.45042784164021e+00     6.75151702857861e+02
8.58954193578794e+05	7.42865341894837e+00     6.77358086008510e+02
8.60934287493003e+05	7.40729543962272e+00     6.79567730461959e+02
8.62918945995102e+05	7.38635372291008e+00     6.81780648772381e+02
8.64908179607551e+05	7.36582815030547e+00     6.83996853463256e+02
8.66901998877069e+05	7.34571866609665e+00     6.86216357026085e+02
8.68900414374688e+05	7.32602527792023e+00     6.88439171919050e+02
8.70903436695807e+05	7.30674805732924e+00     6.90665310565613e+02
8.72911076460252e+05	7.28788714037164e+00     6.92894785353068e+02
8.74923344312328e+05	7.26944272817938e+00     6.95127608631026e+02
8.76940250920881e+05	7.25141508756754e+00     6.97363792709836e+02
8.78961806979346e+05	7.23380455164307e+00     6.99603349858951e+02
8.80988023205815e+05	7.21661152042246e+00     7.01846292305215e+02
8.83018910343082e+05	7.19983646145771e+00     7.04092632231088e+02
8.85054479158711e+05	7.18347991046991e+00     7.06342381772794e+02
8.87094740445083e+05	7.16754247198956e+00     7.08595553018395e+02
8.89139705019461e+05	7.15202482000274e+00     7.10852158005782e+02
8.91189383724045e+05	7.13692769860225e+00     7.13112208720588e+02
8.93243787426025e+05	7.12225192264240e+00     7.15375717094012e+02
8.95302927017647e+05	7.10799837839658e+00     7.17642695000555e+02
8.97366813416263e+05	7.09416802421605e+00     7.19913154255661e+02
8.99435457564394e+05	7.08076189118858e+00     7.22187106613265e+02
9.01508870429784e+05	7.06778108379552e+00     7.24464563763234e+02
9.03587063005463e+05	7.05522678056541e+00     7.26745537328706e+02
9.05670046309801e+05	7.04310023472237e+00     7.29030038863321e+02
9.07757831386568e+05	7.03140277482727e+00     7.31318079848335e+02
9.09850429304992e+05	7.02013580540945e+00     7.33609671689618e+02
9.11947851159819e+05	7.00930080758660e+00     7.35904825714524e+02
9.14050108071371e+05	6.99889933967017e+00     7.38203553168637e+02
9.16157211185606e+05	6.98893303775362e+00     7.40505865212381e+02
9.18269171674173e+05	6.97940361628034e+00     7.42811772917492e+02
9.20386000734478e+05	6.97031286858797e+00     7.45121287263339e+02
9.22507709589737e+05	6.96166266742556e+00     7.47434419133105e+02
9.24634309489039e+05	6.95345496543972e+00     7.49751179309801e+02
9.26765811707406e+05	6.94569179562544e+00     7.52071578472118e+02
9.28902227545849e+05	6.93837527173729e+00     7.54395627190115e+02
9.31043568331434e+05	6.93150758865589e+00     7.56723335920726e+02
9.33189845417335e+05	6.92509102270448e+00     7.59054715003078e+02
9.35341070182900e+05	6.91912793190987e+00     7.61389774653629e+02
9.37497254033709e+05	6.91362075620168e+00     7.63728524961099e+02
9.39658408401634e+05	6.90857201754310e+00     7.66070975881191e+02
9.41824544744900e+05	6.90398431998622e+00     7.68417137231112e+02
9.43995674548147e+05	6.89986034964413e+00     7.70767018683853e+02
9.46171809322488e+05	6.89620287457146e+00     7.73120629762248e+02
9.48352960605573e+05	6.89301474454460e+00     7.75477979832789e+02
9.50539139961650e+05	6.89029889073182e+00     7.77839078099195e+02
9.52730358981624e+05	6.88805832524318e+00     7.80203933595711e+02
9.54926629283119e+05	6.88629614054887e+00     7.82572555180149e+02
9.57127962510543e+05	6.88501550875434e+00     7.84944951526649e+02
9.59334370335145e+05	6.88421968071910e+00     7.87321131118138e+02
9.61545864455079e+05	6.88391198500573e+00     7.89701102238509e+02
9.63762456595468e+05	6.88409582664399e+00     7.92084872964468e+02
9.65984158508462e+05	6.88477468569441e+00     7.94472451157081e+02
9.68210981973304e+05	6.88595211559422e+00     7.96863844452968e+02
9.70442938796389e+05	6.88763174126721e+00     7.99259060255168e+02
9.72680040811331e+05	6.88981725697821e+00     8.01658105723641e+02
9.74922299879023e+05	6.89251242391087e+00     8.04060987765407e+02
9.77169727887697e+05	6.89572106744633e+00     8.06467713024300e+02
9.79422336752995e+05	6.89944707411872e+00     8.08878287870338e+02
9.81680138418023e+05	6.90369438822148e+00     8.11292718388688e+02
9.83943144853422e+05	6.90846700803693e+00     8.13711010368217e+02
9.86211368057427e+05	6.91376898165939e+00     8.16133169289619e+02
9.88484820055930e+05	6.91960440238026e+00     8.18559200313097e+02
9.90763512902549e+05	6.92597740360109e+00     8.20989108265614e+02
9.93047458678686e+05	6.93289215323834e+00     8.23422897627665e+02
9.95336669493593e+05	6.94035284758139e+00     8.25860572519594e+02
9.97631157484440e+05	6.94836370456210e+00     8.28302136687426e+02
9.99930934816372e+05	6.95692895639212e+00     8.30747593488210e+02
1.00223601368258e+06	6.96605284152072e+00     8.33196945874874e+02
1.00454640630436e+06	6.97573959586286e+00     8.35650196380563e+02
1.00686212493119e+06	6.98599344324426e+00     8.38107347102480e+02
1.00918318184078e+06	6.99681858500617e+00     8.40568399685208e+02
1.01150958933914e+06	7.00821918870949e+00     8.43033355303513e+02
1.01384135976064e+06	7.02019937587354e+00     8.45502214644637e+02
1.01617850546811e+06	7.03276320868087e+00     8.47974977890063e+02
1.01852103885286e+06	7.04591467557555e+00     8.50451644696778e+02
1.02086897233476e+06	7.05965767567728e+00     8.52932214178024e+02
1.02322231836234e+06	7.07399600192967e+00     8.55416684883557e+02
1.02558108941278e+06	7.08893332289572e+00     8.57905054779412e+02
1.02794529799207e+06	7.10447316310867e+00     8.60397321227220e+02
1.03031495663500e+06	7.12061888188117e+00     8.62893480963067e+02
1.03269007790526e+06	7.13737365047011e+00     8.65393530075944e+02
1.03507067439552e+06	7.15474042748917e+00     8.67897463985815e+02
1.03745675872745e+06	7.17272193245511e+00     8.70405277421338e+02
1.03984834355185e+06	7.19132061734820e+00     8.72916964397297e+02
1.04224544154864e+06	7.21053863606105e+00     8.75432518191792e+02
1.04464806542702e+06	7.23037781160436e+00     8.77951931323247e+02
1.04705622792545e+06	7.25083960093171e+00     8.80475195527328e+02
1.04946994181176e+06	7.27192505723990e+00     8.83002301733832e+02
1.05188921988324e+06	7.29363478959525e+00     8.85533240043671e+02
1.05431407496664e+06	7.31596891973053e+00     8.88067999706029e+02
1.05674451991832e+06	7.33892703585184e+00     8.90606569095858e+02
1.05918056762425e+06	7.36250814328958e+00     8.93148935691812e+02
1.06162223100011e+06	7.38671061182299e+00     8.95695086054810e+02
1.06406952299136e+06	7.41153211950362e+00     8.98245005807395e+02
1.06652245657329e+06	7.43696959280001e+00     9.00798679614076e+02
1.06898104475112e+06	7.46301914288320e+00     9.03356091162905e+02
1.07144530056003e+06	7.48967599787162e+00     9.05917223148498e+02
1.07391523706527e+06	7.51693443085386e+00     9.08482057256806e+02
1.07639086736219e+06	7.54478768350965e+00     9.11050574151920e+02
1.07887220457633e+06	7.57322788515278e+00     9.13622753465247e+02
1.08135926186351e+06	7.60224596702546e+00     9.16198573787425e+02
1.08385205240985e+06	7.63183157168201e+00     9.18778012663382e+02
1.08635058943187e+06	7.66197295731087e+00     9.21361046590966e+02
1.08885488617658e+06	7.69265689685860e+00     9.23947651023645e+02
1.09136495592150e+06	7.72386857183785e+00     9.26537800377785e+02
1.09388081197478e+06	7.75559146072420e+00     9.29131468045081e+02
1.09640246767522e+06	7.78780722187444e+00     9.31728626410746e+02
1.09892993639241e+06	7.82049557093189e+00     9.34329246878135e+02
1.10146323152673e+06	7.85363415272407e+00     9.36933299900506e+02
1.10400236650945e+06	7.88719840770409e+00     9.39540755020683e+02
1.10654735480282e+06	7.92116143304087e+00     9.42151580919443e+02
1.10909820990011e+06	7.95549383852587e+00     9.44765745473499e+02
1.11165494532570e+06	7.99016359753484e+00     9.47383215823982e+02
1.11421757463515e+06	8.02513589336493e+00     9.50003958456427e+02
1.11678611141527e+06	8.06037296135888e+00     9.52627939293249e+02
1.11936056928417e+06	8.09583392733215e+00     9.55255123799801e+02
1.12194096189138e+06	8.13147464293412e+00     9.57885477105113e+02
1.12452730291789e+06	8.16724751870354e+00     9.60518964138446e+02
1.12711960607621e+06	8.20310135572034e+00     9.63155549782843e+02
1.12971788511049e+06	8.23898117691238e+00     9.65795199046838e+02
1.13232215379653e+06	8.27482805924592e+00     9.68437877255539e+02
1.13493242594191e+06	8.31057896821336e+00     9.71083550262225e+02
1.13754871538604e+06	8.34616659623048e+00     9.73732184681630e+02
1.14017103600021e+06	8.38151920676764e+00     9.76383748145987e+02
1.14279940168771e+06	8.41656048626389e+00     9.79038209584863e+02
1.14543382638389e+06	8.45120940610856e+00     9.81695539529691e+02
1.14807432405618e+06	8.48538009721928e+00     9.84355710443787e+02
1.15072090870425e+06	8.51898173999583e+00     9.87018697078450e+02
1.15337359436003e+06	8.55191847268246e+00     9.89684476855562e+02
1.15603239508780e+06	8.58408932142284e+00     9.92353030276825e+02
1.15869732498424e+06	8.61538815553643e+00     9.95024341359482e+02
1.16136839817855e+06	8.64570367177664e+00     9.97698398098037e+02
1.16404562883250e+06	8.67491941154250e+00     1.00037519295105e+03
1.16672903114050e+06	8.70291381519861e+00     1.00305472335170e+03
1.16941861932968e+06	8.72956031780288e+00     1.00573699224015e+03
1.17211440765996e+06	8.75472749063876e+00     1.00842200861540e+03
1.17481641042415e+06	8.77827923298631e+00     1.01110978810351e+03
1.17752464194800e+06	8.80007501853266e+00     1.01380035353843e+03
1.18023911659029e+06	8.81997020070507e+00     1.01649373555108e+03
1.18295984874288e+06	8.83781638099560e+00     1.01918997316143e+03
1.18568685283083e+06	8.85346184402304e+00     1.02188911436763e+03
1.18842014331244e+06	8.86675206263305e+00     1.02459121672539e+03
1.19115973467935e+06	8.87753027575995e+00     1.02729634791014e+03
1.19390564145659e+06	8.88563814105517e+00     1.03000458625361e+03
1.19665787820269e+06	8.89091646341980e+00     1.03271602124567e+03
1.19941645950975e+06	8.89320599955935e+00     1.03543075399209e+03
1.20218140000347e+06	8.89234833750806e+00     1.03814889761757e+03
1.20495271434330e+06	8.88818684875246e+00     1.04087057760375e+03
1.20773041722247e+06	8.88056770913074e+00     1.04359593205106e+03
1.21051452336809e+06	8.86934098311261e+00     1.04632511185361e+03
1.21330504754121e+06	8.85436176439658e+00     1.04905828077621e+03
1.21610200453691e+06	8.83549136403016e+00     1.05179561542314e+03
1.21890540918438e+06	8.81259853549887e+00     1.05453730508897e+03
1.22171527634699e+06	8.78556072448853e+00     1.05728355148278e+03
1.22453162092237e+06	8.75426532935094e+00     1.06003456831815e+03
1.22735445784252e+06	8.71861095675242e+00     1.06279058076331e+03
1.23018380207381e+06	8.67850865561516e+00     1.06555182474730e+03
1.23301966861717e+06	8.63388311133526e+00     1.06831854612061e+03
1.23586207250807e+06	8.58467378143611e+00     1.07109099967085e+03
1.23871102881664e+06	8.53083595334980e+00     1.07386944799686e+03
1.24156655264779e+06	8.47234170496026e+00     1.07665416024756e+03
1.24442865914120e+06	8.40918074893286e+00     1.07944541073443e+03
1.24729736347148e+06	8.34136114272272e+00     1.08224347742987e+03
1.25017268084822e+06	8.26890984751427e+00     1.08504864036611e+03
1.25305462651606e+06	8.19187312119367e+00     1.08786117995232e+03
1.25594321575479e+06	8.11031673277395e+00     1.09068137522988e+03
1.25883846387943e+06	8.02432598844081e+00     1.09350950208781e+03
1.26174038624029e+06	7.93400556250694e+00     1.09634583146218e+03
1.26464899822307e+06	7.83947912998015e+00     1.09919062754417e+03
1.26756431524895e+06	7.74088880107516e+00     1.10204414602243e+03
1.27048635277465e+06	7.63839436172989e+00     1.10490663238508e+03
1.27341512629252e+06	7.53217232791403e+00     1.10777832030618e+03
1.27635065133062e+06	7.42241482512910e+00     1.11065943014037e+03
1.27929294345282e+06	7.30932830788324e+00     1.11355016754737e+03
1.28224201825886e+06	7.19313213697650e+00     1.11645072226588e+03
1.28519789138443e+06	7.07405703506063e+00     1.11936126705337e+03
1.28816057850129e+06	6.95234344306230e+00     1.12228195680542e+03
1.29113009531730e+06	6.82823980162291e+00     1.12521292786420e+03
1.29410645757655e+06	6.70200078267227e+00     1.12815429752268e+03
1.29708968105941e+06	6.57388549660302e+00     1.13110616372688e+03
1.30007978158264e+06	6.44415570025388e+00     1.13406860497504e+03
1.30307677499945e+06	6.31307403007193e+00     1.13704168040909e+03
1.30608067719960e+06	6.18090228345416e+00     1.14002543009028e+03
1.30909150410949e+06	6.04789976943088e+00     1.14301987544825e+03
1.31210927169222e+06	5.91432174762595e+00     1.14602501988968e+03
1.31513399594769e+06	5.78041797189549e+00     1.14904084955138e+03
1.31816569291269e+06	5.64643135229975e+00     1.15206733418003e+03
1.32120437866097e+06	5.51259674619270e+00     1.15510442812066e+03
1.32425006930335e+06	5.37913988630789e+00     1.15815207139452e+03
1.32730278098777e+06	5.24627645086077e+00     1.16121019084710e+03
1.33036252989940e+06	5.11421127794778e+00     1.16427870134750e+03
1.33342933226074e+06	4.98313772396445e+00     1.16735750702045e+03
1.33650320433166e+06	4.85323716343764e+00     1.17044650249374e+03
1.33958416240952e+06	4.72467862560853e+00     1.17354557414479e+03
1.34267222282925e+06	4.59761856133726e+00     1.17665460133145e+03
1.34576740196346e+06	4.47220073244071e+00     1.17977345759398e+03
1.34886971622246e+06	4.34855621442329e+00     1.18290201181665e+03
1.35197918205442e+06	4.22680350270914e+00     1.18604012933907e+03
1.35509581594542e+06	4.10704871191818e+00     1.18918767300943e+03
1.35821963441954e+06	3.98938585742560e+00     1.19234450417308e+03
1.36135065403896e+06	3.87389720837832e+00     1.19551048359180e+03
1.36448889140402e+06	3.76065370148458e+00     1.19868547229059e+03
1.36763436315336e+06	3.64971540521154e+00     1.20186933233001e+03
1.37078708596394e+06	3.54113202449088e+00     1.20506192750351e+03
1.37394707655120e+06	3.43494343661271e+00     1.20826312396030e+03
1.37711435166908e+06	3.33118024965518e+00     1.21147279075510e+03
1.38028892811017e+06	3.22986437552376e+00     1.21469080032706e+03
1.38347082270576e+06	3.13100961043735e+00     1.21791702891076e+03
1.38666005232592e+06	3.03462221647590e+00     1.22115135688262e+03
1.38985663387964e+06	2.94070149857926e+00     1.22439366904664e+03
1.39306058431489e+06	2.84924037214357e+00     1.22764385486338e+03
1.39627192061867e+06	2.76022591708839e+00     1.23090180862665e+03
1.39949065981718e+06	2.67363991495525e+00     1.23416742959203e+03
1.40271681897586e+06	2.58945936623936e+00     1.23744062206170e+03
1.40595041519947e+06	2.50765698574711e+00     1.24072129542986e+03
1.40919146563223e+06	2.42820167430868e+00     1.24400936419283e+03
1.41243998745785e+06	2.35105896565800e+00     1.24730474792793e+03
1.41569599789969e+06	2.27619144772046e+00     1.25060737124497e+03
1.41895951422078e+06	2.20355915792450e+00     1.25391716371386e+03
1.42223055372396e+06	2.13311995247837e+00     1.25723405977187e+03
1.42550913375195e+06	2.06482984983053e+00     1.26055799861358e+03
1.42879527168747e+06	1.99864334876544e+00     1.26388892406648e+03
1.43208898495329e+06	1.93451372177844e+00     1.26722678445474e+03
1.43539029101235e+06	1.87239328452909e+00     1.27057153245380e+03
1.43869920736783e+06	1.81223364229356e+00     1.27392312493764e+03
1.44201575156330e+06	1.75398591442956e+00     1.27728152282094e+03
1.44533994118274e+06	1.69760093793314e+00     1.28064669089771e+03
1.44867179385066e+06	1.64302945121025e+00     1.28401859767792e+03
1.45201132723223e+06	1.59022225921017e+00     1.28739721522353e+03
1.45535855903330e+06	1.53913038107496e+00     1.29078251898504e+03
1.45871350700058e+06	1.48970518145305e+00     1.29417448763953e+03
1.46207618892167e+06	1.44189848660664e+00     1.29757310293107e+03
1.46544662262516e+06	1.39566268641548e+00     1.30097834951421e+03
1.46882482598077e+06	1.35095082334481e+00     1.30439021480116e+03
1.47221081689938e+06	1.30771666940451e+00     1.30780868881302e+03
1.47560461333319e+06	1.26591479208211e+00     1.31123376403568e+03
1.47900623327577e+06	1.22550061018417e+00     1.31466543528040e+03
1.48241569476217e+06	1.18643044047096e+00     1.31810369954954e+03
1.48583301586901e+06	1.14866153591886e+00     1.32154855590744e+03
1.48925821471459e+06	1.11215211639358e+00     1.32500000535655e+03
1.49269130945898e+06	1.07686139246716e+00     1.32845805071898e+03
1.49613231830409e+06	1.04274958306168e+00     1.33192269652333e+03
1.49958125949383e+06	1.00977792755453e+00     1.33539394889677e+03
1.50303815131412e+06	9.77908692933231e-01     1.33887181546244e+03
1.50650301209306e+06	9.47105176542920e-01     1.34235630524191e+03
1.50997586020101e+06	9.17331704926906e-01     1.34584742856267e+03
1.51345671405065e+06	8.88553629219793e-01     1.34934519697052e+03
1.51694559209714e+06	8.60737317514390e-01     1.35284962314666e+03
1.52044251283814e+06	8.33850144587303e-01     1.35636072082943e+03
1.52394749481399e+06	8.07860479334114e-01     1.35987850474034e+03
1.52746055660776e+06	7.82737670233297e-01     1.36340299051446e+03
1.53098171684534e+06	7.58452029128398e-01     1.36693419463484e+03
1.53451099419558e+06	7.34974813590466e-01     1.37047213437079e+03
1.53804840737035e+06	7.12278208097246e-01     1.37401682771996e+03
1.54159397512468e+06	6.90335304242057e-01     1.37756829335387e+03
1.54514771625680e+06	6.69120080163538e-01     1.38112655056690e+03
1.54870964960829e+06	6.48607379367456e-01     1.38469161922846e+03
1.55227979406418e+06	6.28772889093424e-01     1.38826351973816e+03
1.55585816855301e+06	6.09593118362542e-01     1.39184227298397e+03
1.55944479204697e+06	5.91045375826638e-01     1.39542790030303e+03
1.56303968356198e+06	5.73107747525728e-01     1.39902042344504e+03
1.56664286215779e+06	5.55759074647595e-01     1.40261986453815e+03
1.57025434693811e+06	5.38978931371747e-01     1.40622624605711e+03
1.57387415705066e+06	5.22747602869523e-01     1.40983959079359e+03
1.57750231168731e+06	5.07046063522574e-01     1.41345992182854e+03
1.58113883008419e+06	4.91855955413362e-01     1.41708726250654e+03
1.58478373152175e+06	4.77159567133536e-01     1.42072163641182e+03
1.58843703532489e+06	4.62939812949086e-01     1.42436306734614e+03
1.59209876086306e+06	4.49180212354898e-01     1.42801157930812e+03
1.59576892755038e+06	4.35864870045714e-01     1.43166719647419e+03
1.59944755484570e+06	4.22978456325471e-01     1.43532994318084e+03
1.60313466225273e+06	4.10506187972532e-01     1.43899984390824e+03
1.60683026932016e+06	3.98433809574324e-01     1.44267692326512e+03
1.61053439564172e+06	3.86747575341356e-01     1.44636120597468e+03
1.61424706085632e+06	3.75434231407477e-01     1.45005271686175e+03
1.61796828464814e+06	3.64480998620470e-01     1.45375148084081e+03
1.62169808674675e+06	3.53875555824637e-01     1.45745752290501e+03
1.62543648692717e+06	3.43606023634956e-01     1.46117086811609e+03
1.62918350501004e+06	3.33660948700478e-01     1.46489154159510e+03
1.63293916086168e+06	3.24029288453092e-01     1.46861956851384e+03
1.63670347439419e+06	3.14700396336359e-01     1.47235497408712e+03
1.64047646556560e+06	3.05664007507974e-01     1.47609778356557e+03
1.64425815437992e+06	2.96910225008362e-01     1.47984802222915e+03
1.64804856088729e+06	2.88429506387134e-01     1.48360571538121e+03
1.65184770518407e+06	2.80212650778357e-01     1.48737088834307e+03
1.65565560741296e+06	2.72250786415076e-01     1.49114356644912e+03
1.65947228776305e+06	2.64535358573025e-01     1.49492377504240e+03
1.66329776647002e+06	2.57058117933129e-01     1.49871153947058e+03
1.66713206381617e+06	2.49811109352095e-01     1.50250688508235e+03
1.67097520013057e+06	2.42786661030235e-01     1.50630983722420e+03
1.67482719578914e+06	2.35977374065491e-01     1.51012042123751e+03
1.67868807121477e+06	2.29376112382621e-01     1.51393866245601e+03
1.68255784687745e+06	2.22975993026432e-01     1.51776458620350e+03
1.68643654329434e+06	2.16770376808031e-01     1.52159821779183e+03
1.69032418102991e+06	2.10752859293111e-01     1.52543958251919e+03
1.69422078069601e+06	2.04917262121393e-01     1.52928870566862e+03
1.69812636295204e+06	1.99257624646512e-01     1.53314561250665e+03
1.70204094850500e+06	1.93768195885753e-01     1.53701032828228e+03
1.70596455810964e+06	1.88443426769261e-01     1.54088287822607e+03
1.70989721256854e+06	1.83277962678537e-01     1.54476328754939e+03
1.71383893273225e+06	1.78266636264242e-01     1.54865158144383e+03
1.71778973949937e+06	1.73404460533566e-01     1.55254778508083e+03
1.72174965381669e+06	1.68686622197650e-01     1.55645192361132e+03
1.72571869667928e+06	1.64108475269786e-01     1.56036402216562e+03
1.72969688913061e+06	1.59665534905381e-01     1.56428410585330e+03
1.73368425226266e+06	1.55353471474919e-01     1.56821219976327e+03
1.73768080721603e+06	1.51168104861384e-01     1.57214832896394e+03
1.74168657518006e+06	1.47105398973897e-01     1.57609251850338e+03
1.74570157739293e+06	1.43161456469557e-01     1.58004479340966e+03
1.74972583514179e+06	1.39332513675711e-01     1.58400517869125e+03
1.75375936976284e+06	1.35614935705155e-01     1.58797369933740e+03
1.75780220264149e+06	1.32005211756997e-01     1.59195038031866e+03
1.76185435521244e+06	1.28499950596164e-01     1.59593524658745e+03
1.76591584895978e+06	1.25095876204765e-01     1.59992832307866e+03
1.76998670541717e+06	1.21789823598755e-01     1.60392963471025e+03
1.77406694616788e+06	1.18578734803603e-01     1.60793920638396e+03
1.77815659284493e+06	1.15459654982829e-01     1.61195706298603e+03
1.78225566713122e+06	1.12429728713573e-01     1.61598322938796e+03
1.78636419075964e+06	1.09486196403494e-01     1.62001773044722e+03
1.79048218551318e+06	1.06626390843565e-01     1.62406059100811e+03
1.79460967322503e+06	1.03847733891495e-01     1.62811183590257e+03
1.79874667577871e+06	1.01147733280717e-01     1.63217148995099e+03
1.80289321510821e+06	9.85239795500696e-02     1.63623957796307e+03
1.80704931319807e+06	9.59741430894868e-02     1.64031612473869e+03
1.81121499208349e+06	9.34959712971778e-02     1.64440115506880e+03
1.81539027385051e+06	9.10872858439635e-02     1.64849469373628e+03
1.81957518063604e+06	8.87459800405929e-02     1.65259676551685e+03
1.82376973462804e+06	8.64700163040297e-02     1.65670739517994e+03
1.82797395806562e+06	8.42574237188498e-02     1.66082660748962e+03
1.83218787323917e+06	8.21062956900443e-02     1.66495442720551e+03
1.83641150249042e+06	8.00147876836640e-02     1.66909087908363e+03
1.84064486821266e+06	7.79811150518825e-02     1.67323598787737e+03
1.84488799285075e+06	7.60035509391870e-02     1.67738977833835e+03
1.84914089890133e+06	7.40804242665401e-02     1.68155227521734e+03
1.85340360891288e+06	7.22101177904724e-02     1.68572350326514e+03
1.85767614548586e+06	7.03910662341948e-02     1.68990348723349e+03
1.86195853127284e+06	6.86217544879269e-02     1.69409225187595e+03
1.86625078897860e+06	6.69007158757532e-02     1.69828982194878e+03
1.87055294136027e+06	6.52265304864250e-02     1.70249622221184e+03
1.87486501122742e+06	6.35978235656261e-02     1.70671147742942e+03
1.87918702144222e+06	6.20132639673231e-02     1.71093561237113e+03
1.88351899491954e+06	6.04715626619110e-02     1.71516865181275e+03
1.88786095462708e+06	5.89714712989608e-02     1.71941062053709e+03
1.89221292358547e+06	5.75117808224585e-02     1.72366154333480e+03
1.89657492486841e+06	5.60913201365133e-02     1.72792144500523e+03
1.90094698160281e+06	5.47089548195905e-02     1.73219035035723e+03
1.90532911696887e+06	5.33635858854026e-02     1.73646828421000e+03
1.90972135420023e+06	5.20541485886688e-02     1.74075527139384e+03
1.91412371658411e+06	5.07796112740196e-02     1.74505133675098e+03
1.91853622746139e+06	4.95389742663986e-02     1.74935650513637e+03
1.92295891022677e+06	4.83312688013720e-02     1.75367080141843e+03
1.92739178832886e+06	4.71555559938258e-02     1.75799425047983e+03
1.93183488527035e+06	4.60109258435869e-02     1.76232687721827e+03
1.93628822460809e+06	4.48964962765650e-02     1.76666870654716e+03
1.94075182995324e+06	4.38114122200665e-02     1.77101976339644e+03
1.94522572497140e+06	4.27548447109865e-02     1.77538007271324e+03
1.94970993338272e+06	4.17259900356344e-02     1.77974965946263e+03
1.95420447896201e+06	4.07240689000005e-02     1.78412854862834e+03
1.95870938553892e+06	3.97483256293161e-02     1.78851676521341e+03
1.96322467699800e+06	3.87980273958052e-02     1.79291433424091e+03
1.96775037727889e+06	3.78724634735710e-02     1.79732128075464e+03
1.97228651037639e+06	3.69709445196008e-02     1.80173762981974e+03
1.97683310034064e+06	3.60928018799121e-02     1.80616340652341e+03
1.98139017127720e+06	3.52373869199040e-02     1.81059863597553e+03
1.98595774734720e+06	3.44040703780114e-02     1.81504334330928e+03
1.99053585276749e+06	3.35922417417977e-02     1.81949755368182e+03
1.99512451181071e+06	3.28013086456534e-02     1.82396129227489e+03
1.99972374880549e+06	3.20306962893033e-02     1.82843458429541e+03
2.00433358813651e+06	3.12798468763514e-02     1.83291745497610e+03
2.00895405424470e+06	3.05482190721292e-02     1.83740992957607e+03
2.01358517162730e+06	2.98352874801357e-02     1.84191203338142e+03
2.01822696483802e+06	2.91405421363884e-02     1.84642379170580e+03
2.02287945848721e+06	2.84634880210300e-02     1.85094522989099e+03
2.02754267724192e+06	2.78036445865615e-02     1.85547637330748e+03
2.03221664582606e+06	2.71605453020955e-02     1.86001724735498e+03
2.03690138902056e+06	2.65337372130477e-02     1.86456787746302e+03
2.04159693166346e+06	2.59227805157084e-02     1.86912828909143e+03
2.04630329865005e+06	2.53272481461534e-02     1.87369850773094e+03
2.05102051493303e+06	2.47467253829791e-02     1.87827855890364e+03
2.05574860552261e+06	2.41808094633627e-02     1.88286846816353e+03
2.06048759548665e+06	2.36291092119702e-02     1.88746826109702e+03
2.06523750995081e+06	2.30912446822496e-02     1.89207796332342e+03
2.06999837409865e+06	2.25668468096699e-02     1.89669760049547e+03
2.07477021317181e+06	2.20555570764760e-02     1.90132719829979e+03
2.07955305247011e+06	2.15570271875526e-02     1.90596678245736e+03
2.08434691735168e+06	2.10709187570018e-02     1.91061637872404e+03
2.08915183323311e+06	2.05969030050544e-02     1.91527601289097e+03
2.09396782558959e+06	2.01346604649504e-02     1.91994571078509e+03
2.09879491995504e+06	1.96838806994372e-02     1.92462549826957e+03
2.10363314192222e+06	1.92442620265472e-02     1.92931540124424e+03
2.10848251714291e+06	1.88155112543293e-02     1.93401544564609e+03
2.11334307132801e+06	1.83973434242205e-02     1.93872565744962e+03
2.11821483024771e+06	1.79894815627566e-02     1.94344606266736e+03
2.12309781973156e+06	1.75916564413313e-02     1.94817668735023e+03
2.12799206566872e+06	1.72036063437231e-02     1.95291755758802e+03
2.13289759400796e+06	1.68250768411226e-02     1.95766869950972e+03
2.13781443075793e+06	1.64558205743987e-02     1.96243013928401e+03
2.14274260198720e+06	1.60955970433552e-02     1.96720190311964e+03
2.14768213382444e+06	1.57441724027368e-02     1.97198401726579e+03
2.15263305245855e+06	1.54013192647530e-02     1.97677650801252e+03
2.15759538413883e+06	1.50668165078959e-02     1.98157940169113e+03
2.16256915517504e+06	1.47404490918377e-02     1.98639272467454e+03
2.16755439193764e+06	1.44220078781999e-02     1.99121650337768e+03
2.17255112085786e+06	1.41112894569944e-02     1.99605076425786e+03
2.17755936842784e+06	1.38080959785456e-02     2.00089553381515e+03
2.18257916120083e+06	1.35122349907048e-02     2.00575083859273e+03
2.18761052579126e+06	1.32235192811818e-02     2.01061670517728e+03
2.19265348887493e+06	1.29417667248185e-02     2.01549316019928e+03
2.19770807718912e+06	1.26668001356399e-02     2.02038023033344e+03
2.20277431753277e+06	1.23984471235214e-02     2.02527794229900e+03
2.20785223676656e+06	1.21365399553189e-02     2.03018632286007e+03
2.21294186181313e+06	1.18809154203119e-02     2.03510539882602e+03
2.21804321965716e+06	1.16314146998161e-02     2.04003519705175e+03
2.22315633734554e+06	1.13878832408278e-02     2.04497574443809e+03
2.22828124198752e+06	1.11501706335654e-02     2.04992706793210e+03
2.23341796075482e+06	1.09181304927795e-02     2.05488919452739e+03
2.23856652088181e+06	1.06916203427082e-02     2.05986215126445e+03
2.24372694966566e+06	1.04705015055561e-02     2.06484596523100e+03
2.24889927446644e+06	1.02546389933820e-02     2.06984066356226e+03
2.25408352270730e+06	1.00439014032847e-02     2.07484627344129e+03
2.25927972187461e+06	9.83816081577698e-03     2.07986282209930e+03
2.26448789951810e+06	9.63729269624555e-03     2.08489033681597e+03
2.26970808325102e+06	9.44117579939610e-03     2.08992884491972e+03
2.27494030075024e+06	9.24969207658615e-03     2.09497837378806e+03
2.28018457975648e+06	9.06272658595281e-03     2.10003895084784e+03
2.28544094807437e+06	8.88016740524470e-03     2.10511060357559e+03
2.29070943357267e+06	8.70190554727124e-03     2.11019335949779e+03
2.29599006418434e+06	8.52783487788482e-03     2.11528724619115e+03
2.30128286790678e+06	8.35785203641487e-03     2.12039229128295e+03
2.30658787280190e+06	8.19185635847514e-03     2.12550852245127e+03
2.31190510699630e+06	8.02974980106858e-03     2.13063596742530e+03
2.31723459868144e+06	7.87143686991638e-03     2.13577465398562e+03
2.32257637611375e+06	7.71682454894076e-03     2.14092460996449e+03
2.32793046761479e+06	7.56582223183290e-03     2.14608586324610e+03
2.33329690157144e+06	7.41834165564022e-03     2.15125844176687e+03
2.33867570643599e+06	7.27429683630920e-03     2.15644237351571e+03
2.34406691072633e+06	7.13360400612203e-03     2.16163768653430e+03
2.34947054302608e+06	6.99618155296769e-03     2.16684440891735e+03
2.35488663198476e+06	6.86194996138989e-03     2.17206256881287e+03
2.36031520631795e+06	6.73083175535615e-03     2.17729219442244e+03
2.36575629480740e+06	6.60275144269449e-03     2.18253331400146e+03
2.37120992630122e+06	6.47763546114550e-03     2.18778595585942e+03
2.37667612971403e+06	6.35541212597984e-03     2.19305014836017e+03
2.38215493402708e+06	6.23601157913240e-03     2.19832591992216e+03
2.38764636828845e+06	6.11936573980633e-03     2.20361329901869e+03
2.39315046161319e+06	6.00540825650141e-03     2.20891231417820e+03
2.39866724318345e+06	5.89407446042294e-03     2.21422299398447e+03
2.40419674224864e+06	5.78530132022873e-03     2.21954536707692e+03
2.40973898812564e+06	5.67902739807305e-03     2.22487946215084e+03
2.41529401019886e+06	5.57519280690784e-03     2.23022530795762e+03
2.42086183792050e+06	5.47373916900286e-03     2.23558293330503e+03
2.42644250081061e+06	5.37460957564752e-03     2.24095236705743e+03
2.43203602845731e+06	5.27774854799842e-03     2.24633363813606e+03
2.43764245051693e+06	5.18310199903798e-03     2.25172677551922e+03
2.44326179671417e+06	5.09061719661031e-03     2.25713180824257e+03
2.44889409684223e+06	5.00024272750186e-03     2.26254876539933e+03
2.45453938076302e+06	4.91192846253534e-03     2.26797767614055e+03
2.46019767840725e+06	4.82562552264636e-03     2.27341856967530e+03
2.46586901977468e+06	4.74128624591330e-03     2.27887147527096e+03
2.47155343493418e+06	4.65886415551184e-03     2.28433642225342e+03
2.47725095402395e+06	4.57831392856646e-03     2.28981344000734e+03
2.48296160725168e+06	4.49959136587219e-03     2.29530255797635e+03
2.48868542489468e+06	4.42265336246064e-03     2.30080380566330e+03
2.49442243730006e+06	4.34745787898516e-03     2.30631721263048e+03
2.50017267488489e+06	4.27396391390099e-03     2.31184280849989e+03
2.50593616813636e+06	4.20213147641672e-03     2.31738062295341e+03
2.51171294761194e+06	4.13192156019425e-03     2.32293068573305e+03
2.51750304393952e+06	4.06329611777536e-03     2.32849302664119e+03
2.52330648781764e+06	3.99621803571329e-03     2.33406767554082e+03
2.52912331001557e+06	3.93065111038881e-03     2.33965466235569e+03
2.53495354137352e+06	3.86656002449050e-03     2.34525401707063e+03
2.54079721280280e+06	3.80391032414014e-03     2.35086576973170e+03
2.54665435528598e+06	3.74266839664397e-03     2.35648995044646e+03
2.55252499987703e+06	3.68280144885200e-03     2.36212658938417e+03
2.55840917770154e+06	3.62427748610730e-03     2.36777571677600e+03
2.56430691995682e+06	3.56706529176848e-03     2.37343736291526e+03
2.57021825791213e+06	3.51113440728858e-03     2.37911155815766e+03
2.57614322290878e+06	3.45645511283426e-03     2.38479833292143e+03
2.58208184636035e+06	3.40299840842984e-03     2.39049771768767e+03
2.58803415975284e+06	3.35073599561096e-03     2.39620974300043e+03
2.59400019464481e+06	3.29964025957330e-03     2.40193443946704e+03
2.59997998266758e+06	3.24968425180207e-03     2.40767183775825e+03
2.60597355552540e+06	3.20084167316860e-03     2.41342196860851e+03
2.61198094499560e+06	3.15308685748058e-03     2.41918486281611e+03
2.61800218292875e+06	3.10639475547314e-03     2.42496055124346e+03
2.62403730124886e+06	3.06074091922810e-03     2.43074906481727e+03
2.63008633195353e+06	3.01610148700932e-03     2.43655043452878e+03
2.63614930711411e+06	2.97245316850224e-03     2.44236469143395e+03
2.64222625887590e+06	2.92977323044636e-03     2.44819186665370e+03
2.64831721945829e+06	2.88803948264929e-03     2.45403199137411e+03
2.65442222115494e+06	2.84723026437187e-03     2.45988509684662e+03
2.66054129633397e+06	2.80732443107374e-03     2.46575121438827e+03
2.66667447743810e+06	2.76830134150936e-03     2.47163037538187e+03
2.67282179698486e+06	2.73014084516448e-03     2.47752261127625e+03
2.67898328756671e+06	2.69282327002379e-03     2.48342795358646e+03
2.68515898185126e+06	2.65632941066019e-03     2.48934643389395e+03
2.69134891258144e+06	2.62064051663698e-03     2.49527808384681e+03
2.69755311257564e+06	2.58573828121408e-03     2.50122293515999e+03
2.70377161472790e+06	2.55160483034993e-03     2.50718101961547e+03
2.71000445200812e+06	2.51822271199080e-03     2.51315236906248e+03
2.71625165746217e+06	2.48557488563962e-03     2.51913701541775e+03
2.72251326421211e+06	2.45364471219655e-03     2.52513499066564e+03
2.72878930545635e+06	2.42241594406380e-03     2.53114632685844e+03
2.73507981446986e+06	2.39187271550743e-03     2.53717105611648e+03
2.74138482460427e+06	2.36199953326909e-03     2.54320921062842e+03
2.74770436928812e+06	2.33278126742082e-03     2.54926082265141e+03
2.75403848202702e+06	2.30420314245620e-03     2.55532592451130e+03
2.76038719640379e+06	2.27625072861145e-03     2.56140454860288e+03
2.76675054607868e+06	2.24890993341022e-03     2.56749672739003e+03
2.77312856478955e+06	2.22216699342590e-03     2.57360249340597e+03
2.77952128635202e+06	2.19600846625553e-03     2.57972187925347e+03
2.78592874465965e+06	2.17042122269972e-03     2.58585491760502e+03
2.79235097368415e+06	2.14539243914269e-03     2.59200164120305e+03
2.79878800747555e+06	2.12090959012739e-03     2.59816208286015e+03
2.80523988016235e+06	2.09696044112005e-03     2.60433627545927e+03
2.81170662595175e+06	2.07353304145937e-03     2.61052425195390e+03
2.81818827912977e+06	2.05061571748516e-03     2.61672604536831e+03
2.82468487406151e+06	2.02819706584170e-03     2.62294168879774e+03
2.83119644519127e+06	2.00626594695109e-03     2.62917121540860e+03
2.83772302704274e+06	1.98481147865212e-03     2.63541465843868e+03
2.84426465421921e+06	1.96382303000006e-03     2.64167205119734e+03
2.85082136140374e+06	1.94329021522324e-03     2.64794342706576e+03
2.85739318335934e+06	1.92320288783221e-03     2.65422881949709e+03
2.86398015492915e+06	1.90355113487724e-03     2.66052826201667e+03
2.87058231103664e+06	1.88432527135055e-03     2.66684178822227e+03
2.87719968668578e+06	1.86551583472904e-03     2.67316943178425e+03
2.88383231696125e+06	1.84711357965412e-03     2.67951122644577e+03
2.89048023702859e+06	1.82910947274485e-03     2.68586720602303e+03
2.89714348213441e+06	1.81149468754088e-03     2.69223740440543e+03
2.90382208760656e+06	1.79426059957178e-03     2.69862185555580e+03
2.91051608885436e+06	1.77739878154950e-03     2.70502059351060e+03
2.91722552136872e+06	1.76090099868059e-03     2.71143365238012e+03
2.92395042072240e+06	1.74475920409514e-03     2.71786106634870e+03
2.93069082257014e+06	1.72896553438937e-03     2.72430286967491e+03
2.93744676264888e+06	1.71351230527882e-03     2.73075909669177e+03
2.94421827677794e+06	1.69839200735934e-03     2.73722978180695e+03
2.95100540085922e+06	1.68359730197305e-03     2.74371495950298e+03
2.95780817087737e+06	1.66912101717644e-03     2.75021466433744e+03
2.96462662290000e+06	1.65495614380814e-03     2.75672893094320e+03
2.97146079307786e+06	1.64109583165354e-03     2.76325779402857e+03
2.97831071764505e+06	1.62753338570398e-03     2.76980128837756e+03
2.98517643291918e+06	1.61426226250786e-03     2.77635944885006e+03
2.99205797530160e+06	1.60127606661146e-03     2.78293231038202e+03
2.99895538127755e+06	1.58856854708701e-03     2.78951990798571e+03
3.00000000000000e+06	1.58667040914563e-03     2.79051756981464e+03
