5.00000000000000e+04	9.29515276809672e-01,-3.07888680572416e-01
5.01152619038950e+04	9.29213958664241e-01,-3.08518253419401e-01
5.02307895139198e+04	9.28911454879483e-01,-3.09148781432566e-01
5.03465834425902e+04	9.28607761664399e-01,-3.09780264003807e-01
5.04626443038342e+04	9.28302875223335e-01,-3.10412700510506e-01
5.05789727129949e+04	9.27996791756054e-01,-3.11046090315475e-01
5.06955692868340e+04	9.27689507457793e-01,-3.11680432766889e-01
5.08124346435348e+04	9.27381018519336e-01,-3.12315727198219e-01
5.09295694027058e+04	9.27071321127080e-01,-3.12951972928178e-01
5.10469741853840e+04	9.26760411463098e-01,-3.13589169260649e-01
5.11646496140377e+04	9.26448285705213e-01,-3.14227315484625e-01
5.12825963125704e+04	9.26134940027064e-01,-3.14866410874149e-01
5.14008149063237e+04	9.25820370598177e-01,-3.15506454688248e-01
5.15193060220808e+04	9.25504573584035e-01,-3.16147446170873e-01
5.16380702880699e+04	9.25187545146151e-01,-3.16789384550835e-01
5.17571083339672e+04	9.24869281442136e-01,-3.17432269041746e-01
5.18764207909006e+04	9.24549778625780e-01,-3.18076098841954e-01
5.19960082914530e+04	9.24229032847115e-01,-3.18720873134482e-01
5.21158714696652e+04	9.23907040252498e-01,-3.19366591086971e-01
5.22360109610400e+04	9.23583796984684e-01,-3.20013251851615e-01
5.23564274025450e+04	9.23259299182900e-01,-3.20660854565100e-01
5.24771214326161e+04	9.22933542982922e-01,-3.21309398348547e-01
5.25980936911611e+04	9.22606524517156e-01,-3.21958882307449e-01
5.27193448195629e+04	9.22278239914712e-01,-3.22609305531612e-01
5.28408754606829e+04	9.21948685301485e-01,-3.23260667095096e-01
5.29626862588644e+04	9.21617856800238e-01,-3.23912966056155e-01
5.30847778599362e+04	9.21285750530675e-01,-3.24566201457179e-01
5.32071509112158e+04	9.20952362609530e-01,-3.25220372324634e-01
5.33298060615129e+04	9.20617689150647e-01,-3.25875477669003e-01
5.34527439611329e+04	9.20281726265061e-01,-3.26531516484731e-01
5.35759652618803e+04	9.19944470061083e-01,-3.27188487750165e-01
5.36994706170622e+04	9.19605916644387e-01,-3.27846390427496e-01
5.38232606814917e+04	9.19266062118092e-01,-3.28505223462706e-01
5.39473361114914e+04	9.18924902582852e-01,-3.29164985785503e-01
5.40716975648969e+04	9.18582434136938e-01,-3.29825676309276e-01
5.41963457010602e+04	9.18238652876331e-01,-3.30487293931029e-01
5.43212811808533e+04	9.17893554894810e-01,-3.31149837531330e-01
5.44465046666717e+04	9.17547136284038e-01,-3.31813305974257e-01
5.45720168224378e+04	9.17199393133656e-01,-3.32477698107339e-01
5.46978183136047e+04	9.16850321531373e-01,-3.33143012761506e-01
5.48239098071593e+04	9.16499917563058e-01,-3.33809248751032e-01
5.49502919716261e+04	9.16148177312835e-01,-3.34476404873482e-01
5.50769654770707e+04	9.15795096863171e-01,-3.35144479909660e-01
5.52039309951037e+04	9.15440672294978e-01,-3.35813472623554e-01
5.53311891988833e+04	9.15084899687703e-01,-3.36483381762287e-01
5.54587407631201e+04	9.14727775119427e-01,-3.37154206056062e-01
5.55865863640796e+04	9.14369294666961e-01,-3.37825944218113e-01
5.57147266795865e+04	9.14009454405945e-01,-3.38498594944652e-01
5.58431623890281e+04	9.13648250410944e-01,-3.39172156914820e-01
5.59718941733576e+04	9.13285678755552e-01,-3.39846628790636e-01
5.61009227150982e+04	9.12921735512489e-01,-3.40522009216949e-01
5.62302486983463e+04	9.12556416753705e-01,-3.41198296821388e-01
5.63598728087755e+04	9.12189718550478e-01,-3.41875490214313e-01
5.64897957336399e+04	9.11821636973524e-01,-3.42553587988769e-01
5.66200181617779e+04	9.11452168093093e-01,-3.43232588720437e-01
5.67505407836158e+04	9.11081307979081e-01,-3.43912490967587e-01
5.68813642911715e+04	9.10709052701131e-01,-3.44593293271035e-01
5.70124893780584e+04	9.10335398328741e-01,-3.45274994154091e-01
5.71439167394886e+04	9.09960340931372e-01,-3.45957592122520e-01
5.72756470722768e+04	9.09583876578554e-01,-3.46641085664495e-01
5.74076810748441e+04	9.09206001340001e-01,-3.47325473250552e-01
5.75400194472218e+04	9.08826711285711e-01,-3.48010753333549e-01
5.76726628910546e+04	9.08446002486089e-01,-3.48696924348621e-01
5.78056121096049e+04	9.08063871012050e-01,-3.49383984713138e-01
5.79388678077563e+04	9.07680312935133e-01,-3.50071932826667e-01
5.80724306920171e+04	9.07295324327618e-01,-3.50760767070927e-01
5.82063014705246e+04	9.06908901262638e-01,-3.51450485809750e-01
5.83404808530481e+04	9.06521039814295e-01,-3.52141087389044e-01
5.84749695509935e+04	9.06131736057775e-01,-3.52832570136749e-01
5.86097682774065e+04	9.05740986069467e-01,-3.53524932362803e-01
5.87448777469765e+04	9.05348785927080e-01,-3.54218172359107e-01
5.88802986760404e+04	9.04955131709761e-01,-3.54912288399479e-01
5.90160317825865e+04	9.04560019498217e-01,-3.55607278739627e-01
5.91520777862582e+04	9.04163445374833e-01,-3.56303141617111e-01
5.92884374083580e+04	9.03765405423797e-01,-3.56999875251307e-01
5.94251113718509e+04	9.03365895731217e-01,-3.57697477843373e-01
5.95621004013687e+04	9.02964912385251e-01,-3.58395947576219e-01
5.96994052232137e+04	9.02562451476226e-01,-3.59095282614472e-01
5.98370265653622e+04	9.02158509096765e-01,-3.59795481104447e-01
5.99749651574689e+04	9.01753081341913e-01,-3.60496541174112e-01
6.01132217308706e+04	9.01346164309264e-01,-3.61198460933062e-01
6.02517970185899e+04	9.00937754099090e-01,-3.61901238472491e-01
6.03906917553390e+04	9.00527846814466e-01,-3.62604871865160e-01
6.05299066775241e+04	9.00116438561402e-01,-3.63309359165371e-01
6.06694425232489e+04	8.99703525448976e-01,-3.64014698408943e-01
6.08093000323184e+04	8.99289103589460e-01,-3.64720887613182e-01
6.09494799462433e+04	8.98873169098455e-01,-3.65427924776861e-01
6.10899830082436e+04	8.98455718095026e-01,-3.66135807880192e-01
6.12308099632524e+04	8.98036746701832e-01,-3.66844534884807e-01
6.13719615579204e+04	8.97616251045264e-01,-3.67554103733732e-01
6.15134385406191e+04	8.97194227255581e-01,-3.68264512351369e-01
6.16552416614455e+04	8.96770671467044e-01,-3.68975758643475e-01
6.17973716722255e+04	8.96345579818055e-01,-3.69687840497142e-01
6.19398293265185e+04	8.95918948451296e-01,-3.70400755780782e-01
6.20826153796206e+04	8.95490773513869e-01,-3.71114502344103e-01
6.22257305885693e+04	8.95061051157434e-01,-3.71829078018102e-01
6.23691757121472e+04	8.94629777538352e-01,-3.72544480615041e-01
6.25129515108860e+04	8.94196948817827e-01,-3.73260707928440e-01
6.26570587470708e+04	8.93762561162048e-01,-3.73977757733058e-01
6.28014981847437e+04	8.93326610742334e-01,-3.74695627784887e-01
6.29462705897084e+04	8.92889093735275e-01,-3.75414315821136e-01
6.30913767295335e+04	8.92450006322884e-01,-3.76133819560221e-01
6.32368173735576e+04	8.92009344692738e-01,-3.76854136701760e-01
6.33825932928923e+04	8.91567105038128e-01,-3.77575264926565e-01
6.35287052604271e+04	8.91123283558207e-01,-3.78297201896630e-01
6.36751540508331e+04	8.90677876458137e-01,-3.79019945255131e-01
6.38219404405672e+04	8.90230879949243e-01,-3.79743492626420e-01
6.39690652078762e+04	8.89782290249157e-01,-3.80467841616022e-01
6.41165291328011e+04	8.89332103581980e-01,-3.81192989810632e-01
6.42643329971808e+04	8.88880316178423e-01,-3.81918934778114e-01
6.44124775846567e+04	8.88426924275969e-01,-3.82645674067505e-01
6.45609636806767e+04	8.87971924119025e-01,-3.83373205209011e-01
6.47097920724993e+04	8.87515311959073e-01,-3.84101525714015e-01
6.48589635491978e+04	8.87057084054832e-01,-3.84830633075078e-01
6.50084789016645e+04	8.86597236672412e-01,-3.85560524765944e-01
6.51583389226150e+04	8.86135766085471e-01,-3.86291198241551e-01
6.53085444065921e+04	8.85672668575375e-01,-3.87022650938032e-01
6.54590961499703e+04	8.85207940431358e-01,-3.87754880272731e-01
6.56099949509602e+04	8.84741577950678e-01,-3.88487883644209e-01
6.57612416096119e+04	8.84273577438783e-01,-3.89221658432258e-01
6.59128369278204e+04	8.83803935209472e-01,-3.89956201997913e-01
6.60647817093288e+04	8.83332647585055e-01,-3.90691511683468e-01
6.62170767597332e+04	8.82859710896519e-01,-3.91427584812491e-01
6.63697228864870e+04	8.82385121483690e-01,-3.92164418689840e-01
6.65227208989046e+04	8.81908875695402e-01,-3.92902010601686e-01
6.66760716081662e+04	8.81430969889659e-01,-3.93640357815529e-01
6.68297758273221e+04	8.80951400433805e-01,-3.94379457580220e-01
6.69838343712967e+04	8.80470163704689e-01,-3.95119307125988e-01
6.71382480568932e+04	8.79987256088834e-01,-3.95859903664459e-01
6.72930177027974e+04	8.79502673982609e-01,-3.96601244388686e-01
6.74481441295827e+04	8.79016413792394e-01,-3.97343326473177e-01
6.76036281597139e+04	8.78528471934754e-01,-3.98086147073919e-01
6.77594706175518e+04	8.78038844836613e-01,-3.98829703328415e-01
6.79156723293577e+04	8.77547528935418e-01,-3.99573992355712e-01
6.80722341232975e+04	8.77054520679322e-01,-4.00319011256435e-01
6.82291568294462e+04	8.76559816527350e-01,-4.01064757112825e-01
6.83864412797925e+04	8.76063412949580e-01,-4.01811226988773e-01
6.85440883082427e+04	8.75565306427312e-01,-4.02558417929860e-01
6.87020987506258e+04	8.75065493453250e-01,-4.03306326963396e-01
6.88604734446973e+04	8.74563970531674e-01,-4.04054951098464e-01
6.90192132301442e+04	8.74060734178621e-01,-4.04804287325961e-01
6.91783189485890e+04	8.73555780922061e-01,-4.05554332618643e-01
6.93377914435944e+04	8.73049107302079e-01,-4.06305083931176e-01
6.94976315606677e+04	8.72540709871050e-01,-4.07056538200179e-01
6.96578401472652e+04	8.72030585193824e-01,-4.07808692344277e-01
6.98184180527969e+04	8.71518729847906e-01,-4.08561543264154e-01
6.99793661286309e+04	8.71005140423636e-01,-4.09315087842604e-01
7.01406852280979e+04	8.70489813524373e-01,-4.10069322944591e-01
7.03023762064957e+04	8.69972745766677e-01,-4.10824245417299e-01
7.04644399210937e+04	8.69453933780496e-01,-4.11579852090200e-01
7.06268772311377e+04	8.68933374209347e-01,-4.12336139775109e-01
7.07896889978541e+04	8.68411063710503e-01,-4.13093105266248e-01
7.09528760844546e+04	8.67886998955177e-01,-4.13850745340311e-01
7.11164393561410e+04	8.67361176628712e-01,-4.14609056756533e-01
7.12803796801094e+04	8.66833593430765e-01,-4.15368036256755e-01
7.14446979255551e+04	8.66304246075495e-01,-4.16127680565496e-01
7.16093949636772e+04	8.65773131291753e-01,-4.16887986390024e-01
7.17744716676828e+04	8.65240245823270e-01,-4.17648950420434e-01
7.19399289127923e+04	8.64705586428847e-01,-4.18410569329720e-01
7.21057675762434e+04	8.64169149882543e-01,-4.19172839773856e-01
7.22719885372964e+04	8.63630932973868e-01,-4.19935758391874e-01
7.24385926772381e+04	8.63090932507976e-01,-4.20699321805949e-01
7.26055808793871e+04	8.62549145305850e-01,-4.21463526621481e-01
7.27729540290983e+04	8.62005568204503e-01,-4.22228369427184e-01
7.29407130137674e+04	8.61460198057166e-01,-4.22993846795172e-01
7.31088587228359e+04	8.60913031733479e-01,-4.23759955281049e-01
7.32773920477956e+04	8.60364066119693e-01,-4.24526691424006e-01
7.34463138821933e+04	8.59813298118856e-01,-4.25294051746911e-01
7.36156251216359e+04	8.59260724651013e-01,-4.26062032756408e-01
7.37853266637947e+04	8.58706342653401e-01,-4.26830630943017e-01
7.39554194084104e+04	8.58150149080642e-01,-4.27599842781234e-01
7.41259042572977e+04	8.57592140904943e-01,-4.28369664729635e-01
7.42967821143504e+04	8.57032315116290e-01,-4.29140093230981e-01
7.44680538855458e+04	8.56470668722648e-01,-4.29911124712329e-01
7.46397204789498e+04	8.55907198750156e-01,-4.30682755585137e-01
7.48117828047217e+04	8.55341902243326e-01,-4.31454982245381e-01
7.49842417751187e+04	8.54774776265244e-01,-4.32227801073668e-01
7.51570983045011e+04	8.54205817897764e-01,-4.33001208435354e-01
7.53303533093371e+04	8.53635024241712e-01,-4.33775200680663e-01
7.55040077082074e+04	8.53062392417083e-01,-4.34549774144807e-01
7.56780624218104e+04	8.52487919563241e-01,-4.35324925148114e-01
7.58525183729668e+04	8.51911602839123e-01,-4.36100649996152e-01
7.60273764866248e+04	8.51333439423432e-01,-4.36876944979858e-01
7.62026376898646e+04	8.50753426514847e-01,-4.37653806375669e-01
7.63783029119036e+04	8.50171561332217e-01,-4.38431230445659e-01
7.65543730841015e+04	8.49587841114769e-01,-4.39209213437672e-01
7.67308491399647e+04	8.49002263122303e-01,-4.39987751585463e-01
7.69077320151517e+04	8.48414824635399e-01,-4.40766841108835e-01
7.70850226474780e+04	8.47825522955618e-01,-4.41546478213790e-01
7.72627219769207e+04	8.47234355405705e-01,-4.42326659092670e-01
7.74408309456241e+04	8.46641319329790e-01,-4.43107379924305e-01
7.76193504979041e+04	8.46046412093593e-01,-4.43888636874172e-01
7.77982815802537e+04	8.45449631084627e-01,-4.44670426094539e-01
7.79776251413477e+04	8.44850973712398e-01,-4.45452743724629e-01
7.81573821320477e+04	8.44250437408615e-01,-4.46235585890778e-01
7.83375535054075e+04	8.43648019627388e-01,-4.47018948706594e-01
7.85181402166776e+04	8.43043717845433e-01,-4.47802828273124e-01
7.86991432233110e+04	8.42437529562277e-01,-4.48587220679023e-01
7.88805634849674e+04	8.41829452300463e-01,-4.49372122000721e-01
7.90624019635192e+04	8.41219483605749e-01,-4.50157528302597e-01
7.92446596230557e+04	8.40607621047318e-01,-4.50943435637154e-01
7.94273374298889e+04	8.39993862217979e-01,-4.51729840045199e-01
7.96104363525585e+04	8.39378204734371e-01,-4.52516737556023e-01
7.97939573618366e+04	8.38760646237169e-01,-4.53304124187585e-01
7.99779014307334e+04	8.38141184391285e-01,-4.54091995946698e-01
8.01622695345021e+04	8.37519816886076e-01,-4.54880348829221e-01
8.03470626506439e+04	8.36896541435543e-01,-4.55669178820247e-01
8.05322817589135e+04	8.36271355778542e-01,-4.56458481894304e-01
8.07179278413243e+04	8.35644257678980e-01,-4.57248254015550e-01
8.09040018821533e+04	8.35015244926024e-01,-4.58038491137974e-01
8.10905048679465e+04	8.34384315334302e-01,-4.58829189205601e-01
8.12774377875242e+04	8.33751466744111e-01,-4.59620344152699e-01
8.14648016319861e+04	8.33116697021611e-01,-4.60411951903988e-01
8.16525973947167e+04	8.32480004059040e-01,-4.61204008374856e-01
8.18408260713904e+04	8.31841385774906e-01,-4.61996509471573e-01
8.20294886599770e+04	8.31200840114198e-01,-4.62789451091507e-01
8.22185861607466e+04	8.30558365048582e-01,-4.63582829123355e-01
8.24081195762754e+04	8.29913958576610e-01,-4.64376639447358e-01
8.25980899114507e+04	8.29267618723915e-01,-4.65170877935537e-01
8.27884981734764e+04	8.28619343543416e-01,-4.65965540451921e-01
8.29793453718780e+04	8.27969131115520e-01,-4.66760622852782e-01
8.31706325185085e+04	8.27316979548321e-01,-4.67556120986872e-01
8.33623606275531e+04	8.26662886977802e-01,-4.68352030695669e-01
8.35545307155354e+04	8.26006851568035e-01,-4.69148347813613e-01
8.37471438013219e+04	8.25348871511378e-01,-4.69945068168360e-01
8.39402009061280e+04	8.24688945028680e-01,-4.70742187581030e-01
8.41337030535234e+04	8.24027070369473e-01,-4.71539701866462e-01
8.43276512694371e+04	8.23363245812176e-01,-4.72337606833468e-01
8.45220465821632e+04	8.22697469664289e-01,-4.73135898285099e-01
8.47168900223664e+04	8.22029740262594e-01,-4.73934572018903e-01
8.49121826230872e+04	8.21360055973347e-01,-4.74733623827196e-01
8.51079254197475e+04	8.20688415192480e-01,-4.75533049497331e-01
8.53041194501562e+04	8.20014816345791e-01,-4.76332844811973e-01
8.55007657545144e+04	8.19339257889143e-01,-4.77133005549373e-01
8.56978653754213e+04	8.18661738308655e-01,-4.77933527483653e-01
8.58954193578794e+04	8.17982256120899e-01,-4.78734406385088e-01
8.60934287493004e+04	8.17300809873092e-01,-4.79535638020392e-01
8.62918945995102e+04	8.16617398143286e-01,-4.80337218153011e-01
8.64908179607551e+04	8.15932019540561e-01,-4.81139142543418e-01
8.66901998877069e+04	8.15244672705219e-01,-4.81941406949410e-01
8.68900414374688e+04	8.14555356308968e-01,-4.82744007126408e-01
8.70903436695807e+04	8.13864069055113e-01,-4.83546938827764e-01
8.72911076460252e+04	8.13170809678749e-01,-4.84350197805071e-01
8.74923344312329e+04	8.12475576946942e-01,-4.85153779808473e-01
8.76940250920881e+04	8.11778369658917e-01,-4.85957680586978e-01
8.78961806979346e+04	8.11079186646249e-01,-4.86761895888787e-01
8.80988023205815e+04	8.10378026773038e-01,-4.87566421461605e-01
8.83018910343082e+04	8.09674888936103e-01,-4.88371253052977e-01
8.85054479158711e+04	8.08969772065155e-01,-4.89176386410615e-01
8.87094740445083e+04	8.08262675122986e-01,-4.89981817282732e-01
8.89139705019461e+04	8.07553597105646e-01,-4.90787541418380e-01
8.91189383724045e+04	8.06842537042623e-01,-4.91593554567792e-01
8.93243787426025e+04	8.06129493997022e-01,-4.92399852482728e-01
8.95302927017647e+04	8.05414467065740e-01,-4.93206430916823e-01
8.97366813416263e+04	8.04697455379645e-01,-4.94013285625941e-01
8.99435457564394e+04	8.03978458103750e-01,-4.94820412368531e-01
9.01508870429784e+04	8.03257474437383e-01,-4.95627806905989e-01
9.03587063005464e+04	8.02534503614367e-01,-4.96435465003021e-01
9.05670046309801e+04	8.01809544903181e-01,-4.97243382428012e-01
9.07757831386568e+04	8.01082597607138e-01,-4.98051554953398e-01
9.09850429304992e+04	8.00353661064551e-01,-4.98859978356044e-01
9.11947851159819e+04	7.99622734648896e-01,-4.99668648417621e-01
9.14050108071371e+04	7.98889817768984e-01,-5.00477560924993e-01
9.16157211185606e+04	7.98154909869120e-01,-5.01286711670605e-01
9.18269171674173e+04	7.97418010429267e-01,-5.02096096452872e-01
9.20386000734478e+04	7.96679118965210e-01,-5.02905711076579e-01
9.22507709589737e+04	7.95938235028711e-01,-5.03715551353279e-01
9.24634309489039e+04	7.95195358207670e-01,-5.04525613101697e-01
9.26765811707406e+04	7.94450488126279e-01,-5.05335892148140e-01
9.28902227545849e+04	7.93703624445181e-01,-5.06146384326908e-01
9.31043568331434e+04	7.92954766861620e-01,-5.06957085480712e-01
9.33189845417335e+04	7.92203915109590e-01,-5.07767991461091e-01
9.35341070182900e+04	7.91451068959991e-01,-5.08579098128843e-01
9.37497254033709e+04	7.90696228220771e-01,-5.09390401354448e-01
9.39658408401634e+04	7.89939392737077e-01,-5.10201897018504e-01
9.41824544744900e+04	7.89180562391396e-01,-5.11013581012164e-01
9.43995674548147e+04	7.88419737103697e-01,-5.11825449237578e-01
9.46171809322488e+04	7.87656916831575e-01,-5.12637497608339e-01
9.48352960605573e+04	7.86892101570387e-01,-5.13449722049932e-01
9.50539139961650e+04	7.86125291353390e-01,-5.14262118500189e-01
9.52730358981624e+04	7.85356486251872e-01,-5.15074682909748e-01
9.54926629283119e+04	7.84585686375292e-01,-5.15887411242516e-01
9.57127962510543e+04	7.83812891871402e-01,-5.16700299476138e-01
9.59334370335145e+04	7.83038102926384e-01,-5.17513343602464e-01
9.61545864455079e+04	7.82261319764968e-01,-5.18326539628033e-01
9.63762456595468e+04	7.81482542650563e-01,-5.19139883574545e-01
9.65984158508462e+04	7.80701771885374e-01,-5.19953371479352e-01
9.68210981973304e+04	7.79919007810527e-01,-5.20766999395946e-01
9.70442938796389e+04	7.79134250806179e-01,-5.21580763394452e-01
9.72680040811331e+04	7.78347501291642e-01,-5.22394659562127e-01
9.74922299879023e+04	7.77558759725488e-01,-5.23208684003865e-01
9.77169727887697e+04	7.76768026605664e-01,-5.24022832842701e-01
9.79422336752995e+04	7.75975302469599e-01,-5.24837102220325e-01
9.81680138418023e+04	7.75180587894308e-01,-5.25651488297599e-01
9.83943144853422e+04	7.74383883496498e-01,-5.26465987255076e-01
9.86211368057427e+04	7.73585189932665e-01,-5.27280595293530e-01
9.88484820055930e+04	7.72784507899194e-01,-5.28095308634484e-01
9.90763512902549e+04	7.71981838132454e-01,-5.28910123520742e-01
9.93047458678686e+04	7.71177181408890e-01,-5.29725036216935e-01
9.95336669493593e+04	7.70370538545115e-01,-5.30540043010062e-01
9.97631157484440e+04	7.69561910397993e-01,-5.31355140210039e-01
9.99930934816372e+04	7.68751297864729e-01,-5.32170324150255e-01
1.00223601368258e+05	7.67938701882947e-01,-5.32985591188128e-01
1.00454640630436e+05	7.67124123430767e-01,-5.33800937705671e-01
1.00686212493119e+05	7.66307563526888e-01,-5.34616360110060e-01
1.00918318184078e+05	7.65489023230654e-01,-5.35431854834204e-01
1.01150958933914e+05	7.64668503642125e-01,-5.36247418337329e-01
1.01384135976064e+05	7.63846005902149e-01,-5.37063047105555e-01
1.01617850546811e+05	7.63021531192421e-01,-5.37878737652486e-01
1.01852103885286e+05	7.62195080735546e-01,-5.38694486519804e-01
1.02086897233476e+05	7.61366655795095e-01,-5.39510290277865e-01
1.02322231836234e+05	7.60536257675663e-01,-5.40326145526301e-01
1.02558108941278e+05	7.59703887722917e-01,-5.41142048894630e-01
1.02794529799207e+05	7.58869547323646e-01,-5.41957997042865e-01
1.03031495663500e+05	7.58033237905805e-01,-5.42773986662136e-01
1.03269007790526e+05	7.57194960938558e-01,-5.43590014475307e-01
1.03507067439552e+05	7.56354717932314e-01,-5.44406077237610e-01
1.03745675872745e+05	7.55512510438764e-01,-5.45222171737273e-01
1.03984834355185e+05	7.54668340050911e-01,-5.46038294796157e-01
1.04224544154864e+05	7.53822208403096e-01,-5.46854443270406e-01
1.04464806542702e+05	7.52974117171027e-01,-5.47670614051088e-01
1.04705622792545e+05	7.52124068071797e-01,-5.48486804064849e-01
1.04946994181176e+05	7.51272062863897e-01,-5.49303010274577e-01
1.05188921988324e+05	7.50418103347239e-01,-5.50119229680060e-01
1.05431407496664e+05	7.49562191363155e-01,-5.50935459318658e-01
1.05674451991832e+05	7.48704328794411e-01,-5.51751696265976e-01
1.05918056762425e+05	7.47844517565204e-01,-5.52567937636545e-01
1.06162223100011e+05	7.46982759641163e-01,-5.53384180584505e-01
1.06406952299136e+05	7.46119057029343e-01,-5.54200422304297e-01
1.06652245657329e+05	7.45253411778214e-01,-5.55016660031359e-01
1.06898104475112e+05	7.44385825977648e-01,-5.55832891042824e-01
1.07144530056003e+05	7.43516301758902e-01,-5.56649112658232e-01
1.07391523706527e+05	7.42644841294595e-01,-5.57465322240237e-01
1.07639086736219e+05	7.41771446798685e-01,-5.58281517195326e-01
1.07887220457633e+05	7.40896120526434e-01,-5.59097694974543e-01
1.08135926186351e+05	7.40018864774380e-01,-5.59913853074217e-01
1.08385205240985e+05	7.39139681880292e-01,-5.60729989036697e-01
1.08635058943187e+05	7.38258574223132e-01,-5.61546100451088e-01
1.08885488617658e+05	7.37375544223008e-01,-5.62362184954003e-01
1.09136495592150e+05	7.36490594341116e-01,-5.63178240230307e-01
1.09388081197478e+05	7.35603727079694e-01,-5.63994264013878e-01
1.09640246767522e+05	7.34714944981951e-01,-5.64810254088370e-01
1.09892993639241e+05	7.33824250632011e-01,-5.65626208287978e-01
1.10146323152673e+05	7.32931646654837e-01,-5.66442124498212e-01
1.10400236650945e+05	7.32037135716160e-01,-5.67258000656682e-01
1.10654735480282e+05	7.31140720522397e-01,-5.68073834753877e-01
1.10909820990011e+05	7.30242403820572e-01,-5.68889624833961e-01
1.11165494532570e+05	7.29342188398221e-01,-5.69705368995566e-01
1.11421757463515e+05	7.28440077083306e-01,-5.70521065392603e-01
1.11678611141527e+05	7.27536072744109e-01,-5.71336712235062e-01
1.11936056928417e+05	7.26630178289135e-01,-5.72152307789833e-01
1.12194096189138e+05	7.25722396666999e-01,-5.72967850381527e-01
1.12452730291789e+05	7.24812730866316e-01,-5.73783338393301e-01
1.12711960607621e+05	7.23901183915582e-01,-5.74598770267695e-01
1.12971788511049e+05	7.22987758883048e-01,-5.75414144507467e-01
1.13232215379653e+05	7.22072458876593e-01,-5.76229459676443e-01
1.13493242594191e+05	7.21155287043592e-01,-5.77044714400367e-01
1.13754871538604e+05	7.20236246570771e-01,-5.77859907367761e-01
1.14017103600021e+05	7.19315340684068e-01,-5.78675037330788e-01
1.14279940168771e+05	7.18392572648479e-01,-5.79490103106121e-01
1.14543382638389e+05	7.17467945767906e-01,-5.80305103575827e-01
1.14807432405618e+05	7.16541463384989e-01,-5.81120037688243e-01
1.15072090870425e+05	7.15613128880950e-01,-5.81934904458871e-01
1.15337359436003e+05	7.14682945675408e-01,-5.82749702971274e-01
1.15603239508780e+05	7.13750917226212e-01,-5.83564432377978e-01
1.15869732498424e+05	7.12817047029248e-01,-5.84379091901380e-01
1.16136839817855e+05	7.11881338618258e-01,-5.85193680834672e-01
1.16404562883250e+05	7.10943795564637e-01,-5.86008198542754e-01
1.16672903114050e+05	7.10004421477234e-01,-5.86822644463171e-01
1.16941861932968e+05	7.09063220002148e-01,-5.87637018107048e-01
1.17211440765996e+05	7.08120194822508e-01,-5.88451319060030e-01
1.17481641042415e+05	7.07175349658260e-01,-5.89265546983237e-01
1.17752464194800e+05	7.06228688265935e-01,-5.90079701614219e-01
1.18023911659029e+05	7.05280214438422e-01,-5.90893782767920e-01
1.18295984874288e+05	7.04329932004727e-01,-5.91707790337648e-01
1.18568685283083e+05	7.03377844829730e-01,-5.92521724296055e-01
1.18842014331244e+05	7.02423956813932e-01,-5.93335584696124e-01
1.19115973467935e+05	7.01468271893198e-01,-5.94149371672155e-01
1.19390564145659e+05	7.00510794038495e-01,-5.94963085440772e-01
1.19665787820269e+05	6.99551527255620e-01,-5.95776726301925e-01
1.19941645950975e+05	6.98590475584920e-01,-5.96590294639907e-01
1.20218140000347e+05	6.97627643101014e-01,-5.97403790924374e-01
1.20495271434330e+05	6.96663033912496e-01,-5.98217215711375e-01
1.20773041722247e+05	6.95696652161643e-01,-5.99030569644387e-01
1.21051452336809e+05	6.94728502024104e-01,-5.99843853455363e-01
1.21330504754121e+05	6.93758587708595e-01,-6.00657067965778e-01
1.21610200453691e+05	6.92786913456576e-01,-6.01470214087694e-01
1.21890540918438e+05	6.91813483541929e-01,-6.02283292824824e-01
1.22171527634699e+05	6.90838302270619e-01,-6.03096305273608e-01
1.22453162092237e+05	6.89861373980362e-01,-6.03909252624296e-01
1.22735445784252e+05	6.88882703040270e-01,-6.04722136162040e-01
1.23018380207381e+05	6.87902293850502e-01,-6.05534957267989e-01
1.23301966861717e+05	6.86920150841896e-01,-6.06347717420402e-01
1.23586207250807e+05	6.85936278475607e-01,-6.07160418195758e-01
1.23871102881664e+05	6.84950681242720e-01,-6.07973061269881e-01
1.24156655264779e+05	6.83963363663872e-01,-6.08785648419075e-01
1.24442865914120e+05	6.82974330288857e-01,-6.09598181521259e-01
1.24729736347148e+05	6.81983585696224e-01,-6.10410662557118e-01
1.25017268084822e+05	6.80991134492869e-01,-6.11223093611263e-01
1.25305462651606e+05	6.79996981313620e-01,-6.12035476873391e-01
1.25594321575479e+05	6.79001130820808e-01,-6.12847814639464e-01
1.25883846387943e+05	6.78003587703841e-01,-6.13660109312893e-01
1.26174038624029e+05	6.77004356678756e-01,-6.14472363405725e-01
1.26464899822307e+05	6.76003442487773e-01,-6.15284579539852e-01
1.26756431524895e+05	6.75000849898836e-01,-6.16096760448213e-01
1.27048635277465e+05	6.73996583705148e-01,-6.16908908976020e-01
1.27341512629252e+05	6.72990648724696e-01,-6.17721028081984e-01
1.27635065133062e+05	6.71983049799766e-01,-6.18533120839554e-01
1.27929294345282e+05	6.70973791796451e-01,-6.19345190438164e-01
1.28224201825886e+05	6.69962879604153e-01,-6.20157240184489e-01
1.28519789138443e+05	6.68950318135068e-01,-6.20969273503715e-01
1.28816057850129e+05	6.67936112323671e-01,-6.21781293940813e-01
1.29113009531730e+05	6.66920267126187e-01,-6.22593305161826e-01
1.29410645757655e+05	6.65902787520053e-01,-6.23405310955167e-01
1.29708968105941e+05	6.64883678503370e-01,-6.24217315232922e-01
1.30007978158264e+05	6.63862945094353e-01,-6.25029322032171e-01
1.30307677499945e+05	6.62840592330758e-01,-6.25841335516311e-01
1.30608067719960e+05	6.61816625269312e-01,-6.26653359976397e-01
1.30909150410949e+05	6.60791048985127e-01,-6.27465399832487e-01
1.31210927169222e+05	6.59763868571106e-01,-6.28277459635003e-01
1.31513399594769e+05	6.58735089137339e-01,-6.29089544066100e-01
1.31816569291269e+05	6.57704715810486e-01,-6.29901657941044e-01
1.32120437866097e+05	6.56672753733158e-01,-6.30713806209608e-01
1.32425006930335e+05	6.55639208063278e-01,-6.31525993957470e-01
1.32730278098777e+05	6.54604083973437e-01,-6.32338226407631e-01
1.33036252989940e+05	6.53567386650241e-01,-6.33150508921837e-01
1.33342933226074e+05	6.52529121293642e-01,-6.33962847002018e-01
1.33650320433166e+05	6.51489293116266e-01,-6.34775246291736e-01
1.33958416240952e+05	6.50447907342721e-01,-6.35587712577648e-01
1.34267222282925e+05	6.49404969208903e-01,-6.36400251790974e-01
1.34576740196346e+05	6.48360483961284e-01,-6.37212870008988e-01
1.34886971622246e+05	6.47314456856194e-01,-6.38025573456509e-01
1.35197918205442e+05	6.46266893159090e-01,-6.38838368507415e-01
1.35509581594542e+05	6.45217798143811e-01,-6.39651261686165e-01
1.35821963441954e+05	6.44167177091825e-01,-6.40464259669332e-01
1.36135065403896e+05	6.43115035291465e-01,-6.41277369287155e-01
1.36448889140402e+05	6.42061378037148e-01,-6.42090597525095e-01
1.36763436315336e+05	6.41006210628588e-01,-6.42903951525417e-01
1.37078708596394e+05	6.39949538369994e-01,-6.43717438588771e-01
1.37394707655120e+05	6.38891366569255e-01,-6.44531066175800e-01
1.37711435166908e+05	6.37831700537118e-01,-6.45344841908753e-01
1.38028892811017e+05	6.36770545586343e-01,-6.46158773573113e-01
1.38347082270576e+05	6.35707907030859e-01,-6.46972869119248e-01
1.38666005232592e+05	6.34643790184895e-01,-6.47787136664062e-01
1.38985663387964e+05	6.33578200362104e-01,-6.48601584492675e-01
1.39306058431489e+05	6.32511142874678e-01,-6.49416221060106e-01
1.39627192061867e+05	6.31442623032437e-01,-6.50231054992980e-01
1.39949065981718e+05	6.30372646141921e-01,-6.51046095091247e-01
1.40271681897586e+05	6.29301217505451e-01,-6.51861350329913e-01
1.40595041519947e+05	6.28228342420195e-01,-6.52676829860793e-01
1.40919146563223e+05	6.27154026177202e-01,-6.53492543014277e-01
1.41243998745785e+05	6.26078274060434e-01,-6.54308499301109e-01
1.41569599789969e+05	6.25001091345782e-01,-6.55124708414191e-01
1.41895951422078e+05	6.23922483300061e-01,-6.55941180230393e-01
1.42223055372396e+05	6.22842455179998e-01,-6.56757924812389e-01
1.42550913375195e+05	6.21761012231202e-01,-6.57574952410506e-01
1.42879527168747e+05	6.20678159687116e-01,-6.58392273464588e-01
1.43208898495329e+05	6.19593902767963e-01,-6.59209898605884e-01
1.43539029101235e+05	6.18508246679663e-01,-6.60027838658951e-01
1.43869920736783e+05	6.17421196612749e-01,-6.60846104643570e-01
1.44201575156330e+05	6.16332757741254e-01,-6.61664707776691e-01
1.44533994118274e+05	6.15242935221593e-01,-6.62483659474389e-01
1.44867179385066e+05	6.14151734191418e-01,-6.63302971353839e-01
1.45201132723223e+05	6.13059159768469e-01,-6.64122655235316e-01
1.45535855903330e+05	6.11965217049396e-01,-6.64942723144211e-01
1.45871350700058e+05	6.10869911108572e-01,-6.65763187313063e-01
1.46207618892167e+05	6.09773246996886e-01,-6.66584060183621e-01
1.46544662262516e+05	6.08675229740519e-01,-6.67405354408919e-01
1.46882482598077e+05	6.07575864339701e-01,-6.68227082855374e-01
1.47221081689938e+05	6.06475155767453e-01,-6.69049258604905e-01
1.47560461333319e+05	6.05373108968308e-01,-6.69871894957074e-01
1.47900623327577e+05	6.04269728857015e-01,-6.70695005431251e-01
1.48241569476217e+05	6.03165020317224e-01,-6.71518603768795e-01
1.48583301586901e+05	6.02058988200151e-01,-6.72342703935267e-01
1.48925821471459e+05	6.00951637323227e-01,-6.73167320122658e-01
1.49269130945898e+05	5.99842972468720e-01,-6.73992466751643e-01
1.49613231830409e+05	5.98732998382349e-01,-6.74818158473861e-01
1.49958125949383e+05	5.97621719771864e-01,-6.75644410174214e-01
1.50303815131412e+05	5.96509141305618e-01,-6.76471236973197e-01
1.50650301209306e+05	5.95395267611108e-01,-6.77298654229251e-01
1.50997586020101e+05	5.94280103273504e-01,-6.78126677541134e-01
1.51345671405065e+05	5.93163652834148e-01,-6.78955322750329e-01
1.51694559209714e+05	5.92045920789038e-01,-6.79784605943474e-01
1.52044251283814e+05	5.90926911587286e-01,-6.80614543454812e-01
1.52394749481399e+05	5.89806629629554e-01,-6.81445151868680e-01
1.52746055660776e+05	5.88685079266470e-01,-6.82276448022015e-01
1.53098171684534e+05	5.87562264797014e-01,-6.83108449006896e-01
1.53451099419558e+05	5.86438190466891e-01,-6.83941172173107e-01
1.53804840737035e+05	5.85312860466868e-01,-6.84774635130737e-01
1.54159397512468e+05	5.84186278931099e-01,-6.85608855752802e-01
1.54514771625680e+05	5.83058449935412e-01,-6.86443852177900e-01
1.54870964960829e+05	5.81929377495580e-01,-6.87279642812901e-01
1.55227979406418e+05	5.80799065565569e-01,-6.88116246335658e-01
1.55585816855301e+05	5.79667518035745e-01,-6.88953681697759e-01
1.55944479204697e+05	5.78534738731074e-01,-6.89791968127305e-01
1.56303968356198e+05	5.77400731409280e-01,-6.90631125131724e-01
1.56664286215779e+05	5.76265499758981e-01,-6.91471172500616e-01
1.57025434693811e+05	5.75129047397801e-01,-6.92312130308634e-01
1.57387415705066e+05	5.73991377870445e-01,-6.93154018918396e-01
1.57750231168731e+05	5.72852494646754e-01,-6.93996858983435e-01
1.58113883008419e+05	5.71712401119723e-01,-6.94840671451184e-01
1.58478373152175e+05	5.70571100603496e-01,-6.95685477565993e-01
1.58843703532489e+05	5.69428596331324e-01,-6.96531298872191e-01
1.59209876086306e+05	5.68284891453498e-01,-6.97378157217178e-01
1.59576892755038e+05	5.67139989035244e-01,-6.98226074754556e-01
1.59944755484570e+05	5.65993892054596e-01,-6.99075073947304e-01
1.60313466225273e+05	5.64846603400221e-01,-6.99925177570986e-01
1.60683026932016e+05	5.63698125869228e-01,-7.00776408717003e-01
1.61053439564172e+05	5.62548462164929e-01,-7.01628790795884e-01
1.61424706085632e+05	5.61397614894575e-01,-7.02482347540620e-01
1.61796828464814e+05	5.60245586567049e-01,-7.03337103010040e-01
1.62169808674675e+05	5.59092379590530e-01,-7.04193081592226e-01
1.62543648692717e+05	5.57937996270117e-01,-7.05050308007980e-01
1.62918350501004e+05	5.56782438805415e-01,-7.05908807314327e-01
1.63293916086168e+05	5.55625709288088e-01,-7.06768604908071e-01
1.63670347439419e+05	5.54467809699364e-01,-7.07629726529389e-01
1.64047646556560e+05	5.53308741907512e-01,-7.08492198265479e-01
1.64425815437992e+05	5.52148507665270e-01,-7.09356046554253e-01
1.64804856088729e+05	5.50987108607236e-01,-7.10221298188081e-01
1.65184770518407e+05	5.49824546247219e-01,-7.11087980317576e-01
1.65565560741296e+05	5.48660821975538e-01,-7.11956120455445e-01
1.65947228776305e+05	5.47495937056295e-01,-7.12825746480375e-01
1.66329776647002e+05	5.46329892624584e-01,-7.13696886640983e-01
1.66713206381617e+05	5.45162689683670e-01,-7.14569569559815e-01
1.67097520013057e+05	5.43994329102111e-01,-7.15443824237395e-01
1.67482719578914e+05	5.42824811610845e-01,-7.16319680056343e-01
1.67868807121477e+05	5.41654137800216e-01,-7.17197166785528e-01
1.68255784687745e+05	5.40482308116962e-01,-7.18076314584301e-01
1.68643654329434e+05	5.39309322861143e-01,-7.18957154006770e-01
1.69032418102991e+05	5.38135182183031e-01,-7.19839716006140e-01
1.69422078069601e+05	5.36959886079931e-01,-7.20724031939116e-01
1.69812636295204e+05	5.35783434392970e-01,-7.21610133570365e-01
1.70204094850500e+05	5.34605826803808e-01,-7.22498053077039e-01
1.70596455810964e+05	5.33427062831317e-01,-7.23387823053366e-01
1.70989721256854e+05	5.32247141828185e-01,-7.24279476515302e-01
1.71383893273225e+05	5.31066062977474e-01,-7.25173046905256e-01
1.71778973949937e+05	5.29883825289113e-01,-7.26068568096872e-01
1.72174965381669e+05	5.28700427596334e-01,-7.26966074399890e-01
1.72571869667928e+05	5.27515868552046e-01,-7.27865600565073e-01
1.72969688913061e+05	5.26330146625144e-01,-7.28767181789203e-01
1.73368425226266e+05	5.25143260096758e-01,-7.29670853720154e-01
1.73768080721603e+05	5.23955207056434e-01,-7.30576652462036e-01
1.74168657518006e+05	5.22765985398246e-01,-7.31484614580419e-01
1.74570157739293e+05	5.21575592816847e-01,-7.32394777107627e-01
1.74972583514179e+05	5.20384026803439e-01,-7.33307177548114e-01
1.75375936976284e+05	5.19191284641685e-01,-7.34221853883924e-01
1.75780220264149e+05	5.17997363403536e-01,-7.35138844580226e-01
1.76185435521244e+05	5.16802259944989e-01,-7.36058188590933e-01
1.76591584895978e+05	5.15605970901771e-01,-7.36979925364407e-01
1.76998670541717e+05	5.14408492684941e-01,-7.37904094849254e-01
1.77406694616788e+05	5.13209821476414e-01,-7.38830737500196e-01
1.77815659284493e+05	5.12009953224401e-01,-7.39759894284043e-01
1.78225566713122e+05	5.10808883638773e-01,-7.40691606685751e-01
1.78636419075964e+05	5.09606608186330e-01,-7.41625916714574e-01
1.79048218551318e+05	5.08403122085991e-01,-7.42562866910310e-01
1.79460967322503e+05	5.07198420303891e-01,-7.43502500349641e-01
1.79874667577871e+05	5.05992497548386e-01,-7.44444860652580e-01
1.80289321510821e+05	5.04785348264968e-01,-7.45389991989005e-01
1.80704931319807e+05	5.03576966631083e-01,-7.46337939085307e-01
1.81121499208349e+05	5.02367346550851e-01,-7.47288747231135e-01
1.81539027385051e+05	5.01156481649687e-01,-7.48242462286248e-01
1.81957518063604e+05	4.99944365268817e-01,-7.49199130687479e-01
1.82376973462804e+05	4.98730990459698e-01,-7.50158799455801e-01
1.82797395806562e+05	4.97516349978316e-01,-7.51121516203515e-01
1.83218787323917e+05	4.96300436279390e-01,-7.52087329141546e-01
1.83641150249042e+05	4.95083241510454e-01,-7.53056287086855e-01
1.84064486821266e+05	4.93864757505830e-01,-7.54028439469977e-01
1.84488799285075e+05	4.92644975780476e-01,-7.55003836342671e-01
1.84914089890133e+05	4.91423887523723e-01,-7.55982528385696e-01
1.85340360891288e+05	4.90201483592883e-01,-7.56964566916723e-01
1.85767614548586e+05	4.88977754506728e-01,-7.57950003898358e-01
1.86195853127284e+05	4.87752690438851e-01,-7.58938891946309e-01
1.86625078897860e+05	4.86526281210880e-01,-7.59931284337685e-01
1.87055294136027e+05	4.85298516285569e-01,-7.60927235019421e-01
1.87486501122742e+05	4.84069384759740e-01,-7.61926798616857e-01
1.87918702144222e+05	4.82838875357094e-01,-7.62930030442446e-01
1.88351899491954e+05	4.81606976420863e-01,-7.63936986504612e-01
1.88786095462708e+05	4.80373675906323e-01,-7.64947723516752e-01
1.89221292358547e+05	4.79138961373149e-01,-7.65962298906394e-01
1.89657492486841e+05	4.77902819977615e-01,-7.66980770824498e-01
1.90094698160281e+05	4.76665238464634e-01,-7.68003198154924e-01
1.90532911696887e+05	4.75426203159627e-01,-7.69029640524048e-01
1.90972135420023e+05	4.74185699960235e-01,-7.70060158310551e-01
1.91412371658411e+05	4.72943714327845e-01,-7.71094812655363e-01
1.91853622746139e+05	4.71700231278945e-01,-7.72133665471783e-01
1.92295891022677e+05	4.70455235376300e-01,-7.73176779455768e-01
1.92739178832886e+05	4.69208710719935e-01,-7.74224218096396e-01
1.93183488527035e+05	4.67960640937929e-01,-7.75276045686514e-01
1.93628822460809e+05	4.66711009177014e-01,-7.76332327333559e-01
1.94075182995324e+05	4.65459798092973e-01,-7.77393128970571e-01
1.94522572497140e+05	4.64206989840828e-01,-7.78458517367399e-01
1.94970993338272e+05	4.62952566064822e-01,-7.79528560142089e-01
1.95420447896201e+05	4.61696507888177e-01,-7.80603325772482e-01
1.95870938553892e+05	4.60438795902638e-01,-7.81682883608008e-01
1.96322467699800e+05	4.59179410157777e-01,-7.82767303881681e-01
1.96775037727889e+05	4.57918330150074e-01,-7.83856657722313e-01
1.97228651037639e+05	4.56655534811749e-01,-7.84951017166931e-01
1.97683310034064e+05	4.55391002499352e-01,-7.86050455173423e-01
1.98139017127720e+05	4.54124710982096e-01,-7.87155045633397e-01
1.98595774734720e+05	4.52856637429934e-01,-7.88264863385275e-01
1.99053585276749e+05	4.51586758401361e-01,-7.89379984227607e-01
1.99512451181071e+05	4.50315049830954e-01,-7.90500484932635e-01
1.99972374880549e+05	4.49041487016618e-01,-7.91626443260090e-01
2.00433358813651e+05	4.47766044606555e-01,-7.92757937971232e-01
2.00895405424470e+05	4.46488696585921e-01,-7.93895048843148e-01
2.01358517162730e+05	4.45209416263199e-01,-7.95037856683302e-01
2.01822696483802e+05	4.43928176256235e-01,-7.96186443344346e-01
2.02287945848721e+05	4.42644948477976e-01,-7.97340891739196e-01
2.02754267724192e+05	4.41359704121861e-01,-7.98501285856384e-01
2.03221664582606e+05	4.40072413646879e-01,-7.99667710775681e-01
2.03690138902056e+05	4.38783046762283e-01,-8.00840252684010e-01
2.04159693166346e+05	4.37491572411936e-01,-8.02018998891641e-01
2.04630329865005e+05	4.36197958758299e-01,-8.03204037848683e-01
2.05102051493303e+05	4.34902173166038e-01,-8.04395459161880e-01
2.05574860552261e+05	4.33604182185238e-01,-8.05593353611705e-01
2.06048759548665e+05	4.32303951534226e-01,-8.06797813169776e-01
2.06523750995081e+05	4.31001446081977e-01,-8.08008931016587e-01
2.06999837409865e+05	4.29696629830105e-01,-8.09226801559560e-01
2.07477021317181e+05	4.28389465894412e-01,-8.10451520451443e-01
2.07955305247011e+05	4.27079916486001e-01,-8.11683184609029e-01
2.08434691735168e+05	4.25767942891926e-01,-8.12921892232238e-01
2.08915183323311e+05	4.24453505455368e-01,-8.14167742823538e-01
2.09396782558959e+05	4.23136563555335e-01,-8.15420837207740e-01
2.09879491995504e+05	4.21817075585855e-01,-8.16681277552148e-01
2.10363314192222e+05	4.20494998934664e-01,-8.17949167387093e-01
2.10848251714291e+05	4.19170289961363e-01,-8.19224611626846e-01
2.11334307132801e+05	4.17842903975032e-01,-8.20507716590924e-01
2.11821483024771e+05	4.16512795211292e-01,-8.21798590025792e-01
2.12309781973156e+05	4.15179916808787e-01,-8.23097341126977e-01
2.12799206566872e+05	4.13844220785078e-01,-8.24404080561588e-01
2.13289759400796e+05	4.12505658011931e-01,-8.25718920491272e-01
2.13781443075793e+05	4.11164178189980e-01,-8.27041974595595e-01
2.14274260198720e+05	4.09819729822742e-01,-8.28373358095862e-01
2.14768213382444e+05	4.08472260189974e-01,-8.29713187779396e-01
2.15263305245855e+05	4.07121715320350e-01,-8.31061582024268e-01
2.15759538413883e+05	4.05768039963428e-01,-8.32418660824503e-01
2.16256915517504e+05	4.04411177560904e-01,-8.33784545815759e-01
2.16755439193764e+05	4.03051070217117e-01,-8.35159360301496e-01
2.17255112085786e+05	4.01687658668783e-01,-8.36543229279647e-01
2.17755936842784e+05	4.00320882253954e-01,-8.37936279469791e-01
2.18257916120083e+05	3.98950678880147e-01,-8.39338639340852e-01
2.18761052579126e+05	3.97576984991647e-01,-8.40750439139321e-01
2.19265348887493e+05	3.96199735535945e-01,-8.42171810918021e-01
2.19770807718912e+05	3.94818863929286e-01,-8.43602888565423e-01
2.20277431753277e+05	3.93434302021301e-01,-8.45043807835527e-01
2.20785223676656e+05	3.92045980058697e-01,-8.46494706378309e-01
2.21294186181313e+05	3.90653826647976e-01,-8.47955723770763e-01
2.21804321965716e+05	3.89257768717145e-01,-8.49427001548531e-01
2.22315633734554e+05	3.87857731476404e-01,-8.50908683238150e-01
2.22828124198752e+05	3.86453638377759e-01,-8.52400914389915e-01
2.23341796075482e+05	3.85045411073542e-01,-8.53903842611377e-01
2.23856652088181e+05	3.83632969373797e-01,-8.55417617601488e-01
2.24372694966566e+05	3.82216231202504e-01,-8.56942391185407e-01
2.24889927446644e+05	3.80795112552589e-01,-8.58478317349973e-01
2.25408352270730e+05	3.79369527439705e-01,-8.60025552279873e-01
2.25927972187461e+05	3.77939387854721e-01,-8.61584254394497e-01
2.26448789951810e+05	3.76504603714898e-01,-8.63154584385521e-01
2.26970808325102e+05	3.75065082813699e-01,-8.64736705255201e-01
2.27494030075024e+05	3.73620730769192e-01,-8.66330782355424e-01
2.28018457975648e+05	3.72171450971005e-01,-8.67936983427501e-01
2.28544094807438e+05	3.70717144525776e-01,-8.69555478642740e-01
2.29070943357267e+05	3.69257710201073e-01,-8.71186440643802e-01
2.29599006418434e+05	3.67793044367699e-01,-8.72830044586854e-01
2.30128286790678e+05	3.66323040940365e-01,-8.74486468184542e-01
2.30658787280190e+05	3.64847591316657e-01,-8.76155891749791e-01
2.31190510699630e+05	3.63366584314247e-01,-8.77838498240456e-01
2.31723459868144e+05	3.61879906106293e-01,-8.79534473304834e-01
2.32257637611375e+05	3.60387440154965e-01,-8.81244005328053e-01
2.32793046761479e+05	3.58889067143038e-01,-8.82967285479360e-01
2.33329690157144e+05	3.57384664903488e-01,-8.84704507760314e-01
2.33867570643599e+05	3.55874108347023e-01,-8.86455869053914e-01
2.34406691072633e+05	3.54357269387483e-01,-8.88221569174668e-01
2.34947054302608e+05	3.52834016865034e-01,-8.90001810919624e-01
2.35488663198476e+05	3.51304216467091e-01,-8.91796800120378e-01
2.36031520631795e+05	3.49767730646880e-01,-8.93606745696081e-01
2.36575629480740e+05	3.48224418539572e-01,-8.95431859707455e-01
2.37120992630122e+05	3.46674135875904e-01,-8.97272357411844e-01
2.37667612971403e+05	3.45116734893195e-01,-8.99128457319302e-01
2.38215493402708e+05	3.43552064243678e-01,-9.01000381249761e-01
2.38764636828845e+05	3.41979968900051e-01,-9.02888354391267e-01
2.39315046161319e+05	3.40400290058150e-01,-9.04792605359320e-01
2.39866724318345e+05	3.38812865036650e-01,-9.06713366257335e-01
2.40419674224864e+05	3.37217527173694e-01,-9.08650872738230e-01
2.40973898812564e+05	3.35614105720329e-01,-9.10605364067166e-01
2.41529401019886e+05	3.34002425730659e-01,-9.12577083185461e-01
2.42086183792050e+05	3.32382307948581e-01,-9.14566276775678e-01
2.42644250081061e+05	3.30753568691004e-01,-9.16573195327924e-01
2.43203602845731e+05	3.29116019727402e-01,-9.18598093207358e-01
2.43764245051693e+05	3.27469468155604e-01,-9.20641228722939e-01
2.44326179671417e+05	3.25813716273662e-01,-9.22702864197417e-01
2.44889409684223e+05	3.24148561447664e-01,-9.24783266038592e-01
2.45453938076302e+05	3.22473795975363e-01,-9.26882704811849e-01
2.46019767840725e+05	3.20789206945449e-01,-9.29001455313982e-01
2.46586901977468e+05	3.19094576092324e-01,-9.31139796648336e-01
2.47155343493418e+05	3.17389679646219e-01,-9.33298012301249e-01
2.47725095402395e+05	3.15674288178474e-01,-9.35476390219839e-01
2.48296160725168e+05	3.13948166441813e-01,-9.37675222891127e-01
2.48868542489468e+05	3.12211073205433e-01,-9.39894807422507e-01
2.49442243730006e+05	3.10462761084720e-01,-9.42135445623583e-01
2.50017267488489e+05	3.08702976365383e-01,-9.44397444089363e-01
2.50593616813636e+05	3.06931458821821e-01,-9.46681114284841e-01
2.51171294761194e+05	3.05147941529495e-01,-9.48986772630936e-01
2.51750304393952e+05	3.03352150671084e-01,-9.51314740591833e-01
2.52330648781764e+05	3.01543805336212e-01,-9.53665344763691e-01
2.52912331001557e+05	2.99722617314478e-01,-9.56038916964737e-01
2.53495354137352e+05	2.97888290881575e-01,-9.58435794326736e-01
2.54079721280280e+05	2.96040522578196e-01,-9.60856319387838e-01
2.54665435528598e+05	2.94179000981504e-01,-9.63300840186781e-01
2.55252499987703e+05	2.92303406468840e-01,-9.65769710358454e-01
2.55840917770154e+05	2.90413410973413e-01,-9.68263289230795e-01
2.56430691995682e+05	2.88508677731641e-01,-9.70781941923015e-01
2.57021825791213e+05	2.86588861021840e-01,-9.73326039445117e-01
2.57614322290878e+05	2.84653605893923e-01,-9.75895958798696e-01
2.58208184636035e+05	2.82702547889770e-01,-9.78492083078984e-01
2.58803415975284e+05	2.80735312753908e-01,-9.81114801578108e-01
2.59400019464481e+05	2.78751516134121e-01,-9.83764509889520e-01
2.59997998266758e+05	2.76750763271609e-01,-9.86441610013562e-01
2.60597355552540e+05	2.74732648680288e-01,-9.89146510464103e-01
2.61198094499560e+05	2.72696755814803e-01,-9.91879626376207e-01
2.61800218292875e+05	2.70642656726820e-01,-9.94641379614753e-01
2.62403730124886e+05	2.68569911709124e-01,-9.97432198883954e-01
2.63008633195353e+05	2.66478068927065e-01,-1.00025251983767e+00
2.63614930711411e+05	2.64366664036829e-01,-1.00310278519047e+00
2.64222625887590e+05	2.62235219790030e-01,-1.00598344482927e+00
2.64831721945829e+05	2.60083245624068e-01,-1.00889495592558e+00
2.65442222115494e+05	2.57910237237693e-01,-1.01183778304802e+00
2.66054129633397e+05	2.55715676151181e-01,-1.01481239827525e+00
2.66667447743810e+05	2.53499029250504e-01,-1.01781928130892e+00
2.67282179698486e+05	2.51259748314853e-01,-1.02085891958667e+00
2.67898328756671e+05	2.48997269526839e-01,-1.02393180839486e+00
2.68515898185126e+05	2.46711012964678e-01,-1.02703845098099e+00
2.69134891258144e+05	2.44400382075618e-01,-1.03017935866548e+00
2.69755311257564e+05	2.42064763129859e-01,-1.03335505095269e+00
2.70377161472790e+05	2.39703524654160e-01,-1.03656605564085e+00
2.71000445200812e+05	2.37316016844301e-01,-1.03981290893068e+00
2.71625165746217e+05	2.34901570955544e-01,-1.04309615553247e+00
2.72251326421211e+05	2.32459498670177e-01,-1.04641634877118e+00
2.72878930545635e+05	2.29989091441202e-01,-1.04977405068935e+00
2.73507981446986e+05	2.27489619811176e-01,-1.05316983214740e+00
2.74138482460427e+05	2.24960332705185e-01,-1.05660427292088e+00
2.74770436928812e+05	2.22400456696863e-01,-1.06007796179434e+00
2.75403848202702e+05	2.19809195246351e-01,-1.06359149665130e+00
2.76038719640379e+05	2.17185727909004e-01,-1.06714548455980e+00
2.76675054607868e+05	2.14529209513646e-01,-1.07074054185304e+00
2.77312856478955e+05	2.11838769309082e-01,-1.07437729420445e+00
2.77952128635202e+05	2.09113510077534e-01,-1.07805637669663e+00
2.78592874465965e+05	2.06352507213625e-01,-1.08177843388344e+00
2.79235097368415e+05	2.03554807767439e-01,-1.08554411984451e+00
2.79878800747555e+05	2.00719429450157e-01,-1.08935409823130e+00
2.80523988016235e+05	1.97845359600684e-01,-1.09320904230397e+00
2.81170662595175e+05	1.94931554111607e-01,-1.09710963495803e+00
2.81818827912977e+05	1.91976936312775e-01,-1.10105656873980e+00
2.82468487406151e+05	1.88980395810690e-01,-1.10505054584960e+00
2.83119644519127e+05	1.85940787281846e-01,-1.10909227813145e+00
2.83772302704274e+05	1.82856929218041e-01,-1.11318248704805e+00
2.84426465421921e+05	1.79727602621645e-01,-1.11732190363978e+00
2.85082136140374e+05	1.76551549648663e-01,-1.12151126846598e+00
2.85739318335933e+05	1.73327472197406e-01,-1.12575133152721e+00
2.86398015492915e+05	1.70054030440429e-01,-1.13004285216666e+00
2.87058231103664e+05	1.66729841297333e-01,-1.13438659894881e+00
2.87719968668578e+05	1.63353476845916e-01,-1.13878334951347e+00
2.88383231696125e+05	1.59923462669054e-01,-1.14323389040301e+00
2.89048023702859e+05	1.56438276134577e-01,-1.14773901686049e+00
2.89714348213441e+05	1.52896344605311e-01,-1.15229953259611e+00
2.90382208760656e+05	1.49296043576314e-01,-1.15691624951954e+00
2.91051608885436e+05	1.45635694736242e-01,-1.16158998743496e+00
2.91722552136872e+05	1.41913563949646e-01,-1.16632157369595e+00
2.92395042072240e+05	1.38127859156868e-01,-1.17111184281674e+00
2.93069082257014e+05	1.34276728188095e-01,-1.17596163603624e+00
2.93744676264888e+05	1.30358256487973e-01,-1.18087180083109e+00
2.94421827677794e+05	1.26370464747080e-01,-1.18584319037335e+00
2.95100540085922e+05	1.22311306436384e-01,-1.19087666292850e+00
2.95780817087737e+05	1.18178665240717e-01,-1.19597308118885e+00
2.96462662290000e+05	1.13970352387109e-01,-1.20113331153707e+00
2.97146079307786e+05	1.09684103863729e-01,-1.20635822323437e+00
2.97831071764505e+05	1.05317577525016e-01,-1.21164868752714e+00
2.98517643291918e+05	1.00868350078447e-01,-1.21700557666553e+00
2.99205797530160e+05	9.63339139482631e-02,-1.22242976282709e+00
2.99895538127755e+05	9.17116740113249e-02,-1.22792211693773e+00
3.00586868741639e+05	8.69989442001560e-02,-1.23348350738199e+00
3.01279793037179e+05	8.21929439680935e-02,-1.23911479859374e+00
3.01974314688190e+05	7.72907946113630e-02,-1.24481684951799e+00
3.02670437376957e+05	7.22895154427783e-02,-1.25059051193349e+00
3.03368164794253e+05	6.71860198116803e-02,-1.25643662862534e+00
3.04067500639359e+05	6.19771109646447e-02,-1.26235603139566e+00
3.04768448620085e+05	5.66594777414297e-02,-1.26834953889971e+00
3.05471012452786e+05	5.12296901005937e-02,-1.27441795429381e+00
3.06175195862387e+05	4.56841944691980e-02,-1.28056206268031e+00
3.06881002582397e+05	4.00193089110243e-02,-1.28678262833372e+00
3.07588436354934e+05	3.42312181077874e-02,-1.29308039169115e+00
3.08297500930741e+05	2.83159681479114e-02,-1.29945606608844e+00
3.09008200069208e+05	2.22694611175774e-02,-1.30591033422251e+00
3.09720537538391e+05	1.60874494889422e-02,-1.31244384431852e+00
3.10434517115032e+05	9.76553030068033e-03,-1.31905720597905e+00
3.11150142584580e+05	3.29913912633203e-03,-1.32575098569081e+00
3.11867417741210e+05	-3.31645617365163e-03,-1.33252570196231e+00
3.12586346387843e+05	-1.00861619197704e-02,-1.33938182006425e+00
3.13306932336168e+05	-1.70150653042321e-02,-1.34631974634205e+00
3.14029179406659e+05	-2.41084413068578e-02,-1.35333982206767e+00
3.14753091428599e+05	-3.13717598375098e-02,-1.36044231679568e+00
3.15478672240097e+05	-3.88106931053771e-02,-1.36762742118553e+00
3.16205925688110e+05	-4.64311232142388e-02,-1.37489523924972e+00
3.16934855628463e+05	-5.42391499813969e-02,-1.38224577998405e+00
3.17665465925872e+05	-6.22410989763192e-02,-1.38967894833359e+00
3.18397760453958e+05	-7.04435297731126e-02,-1.39719453544409e+00
3.19131743095274e+05	-7.88532444087376e-02,-1.40479220814546e+00
3.19867417741324e+05	-8.74772960363282e-02,-1.41247149760994e+00
3.20604788292581e+05	-9.63229977600671e-02,-1.42023178712365e+00
3.21343858658510e+05	-1.05397931634726e-01,-1.42807229890612e+00
3.22084632757589e+05	-1.14709957809174e-01,-1.43599207990784e+00
3.22827114517328e+05	-1.24267223788827e-01,-1.44398998651130e+00
3.23571307874292e+05	-1.34078173787080e-01,-1.45206466805621e+00
3.24317216774119e+05	-1.44151558130180e-01,-1.46021454910437e+00
3.25064845171545e+05	-1.54496442673702e-01,-1.46843781035458e+00
3.25814197030421e+05	-1.65122218181609e-01,-1.47673236811240e+00
3.26565276323736e+05	-1.76038609610887e-01,-1.48509585221416e+00
3.27318087033637e+05	-1.87255685235625e-01,-1.49352558229880e+00
3.28072633151453e+05	-1.98783865534301e-01,-1.50201854231539e+00
3.28828918677710e+05	-2.10633931752530e-01,-1.51057135314861e+00
3.29586947622161e+05	-2.22817034040833e-01,-1.51918024323831e+00
3.30346724003798e+05	-2.35344699052595e-01,-1.52784101706438e+00
3.31108251850881e+05	-2.48228836871492e-01,-1.53654902136221e+00
3.31871535200954e+05	-2.61481747119842e-01,-1.54529910892957e+00
3.32636578100871e+05	-2.75116124079585e-01,-1.55408559988117e+00
3.33403384606811e+05	-2.89145060635649e-01,-1.56290224020362e+00
3.34171958784307e+05	-3.03582050827178e-01,-1.57174215746070e+00
3.34942304708263e+05	-3.18440990765250e-01,-1.58059781349761e+00
3.35714426462976e+05	-3.33736177646126e-01,-1.58946095399272e+00
3.36488328142159e+05	-3.49482306556573e-01,-1.59832255470755e+00
3.37264013848961e+05	-3.65694464732145e-01,-1.60717276428964e+00
3.38041487695991e+05	-3.82388122890354e-01,-1.61600084349048e+00
3.38820753805338e+05	-3.99579123218276e-01,-1.62479510067075e+00
3.39601816308592e+05	-4.17283663548102e-01,-1.63354282347987e+00
3.40384679346871e+05	-4.35518277204466e-01,-1.64223020661595e+00
3.41169347070835e+05	-4.54299807953962e-01,-1.65084227559701e+00
3.41955823640715e+05	-4.73645379430147e-01,-1.65936280650609e+00
3.42744113226331e+05	-4.93572358346680e-01,-1.66777424171147e+00
3.43534220007116e+05	-5.14098310747259e-01,-1.67605760161141e+00
3.44326148172138e+05	-5.35240950474133e-01,-1.68419239251089e+00
3.45119901920121e+05	-5.57018078967766e-01,-1.69215651080716e+00
3.45915485459468e+05	-5.79447515439475e-01,-1.69992614374435e+00
3.46712903008285e+05	-6.02547016387696e-01,-1.70747566709471e+00
3.47512158794398e+05	-6.26334183358318e-01,-1.71477754023896e+00
3.48313257055384e+05	-6.50826357782086e-01,-1.72180219925130e+00
3.49116202038586e+05	-6.76040501659583e-01,-1.72851794874877e+00
3.49920998001137e+05	-7.01993062809683e-01,-1.73489085344063e+00
3.50727649209986e+05	-7.28699823353764e-01,-1.74088463051497e+00
3.51536159941917e+05	-7.56175730079647e-01,-1.74646054422639e+00
3.52346534483573e+05	-7.84434705320851e-01,-1.75157730430370e+00
3.53158777131481e+05	-8.13489437003986e-01,-1.75619097008012e+00
3.53972892192069e+05	-8.43351146566464e-01,-1.76025486256100e+00
3.54788883981694e+05	-8.74029333535687e-01,-1.76371948698585e+00
3.55606756826664e+05	-9.05531495697778e-01,-1.76653246881036e+00
3.56426515063260e+05	-9.37862823978155e-01,-1.76863850642759e+00
3.57248163037757e+05	-9.71025871417932e-01,-1.76997934436134e+00
3.58071705106451e+05	-1.00502019597017e+00,-1.77049377109187e+00
3.58897145635681e+05	-1.03984197726962e+00,-1.77011764610578e+00
3.59724489001850e+05	-1.07548360806012e+00,-1.76878396118590e+00
3.60553739591450e+05	-1.11193326160674e+00,-1.76642294135804e+00
3.61384901801085e+05	-1.14917443718376e+00,-1.76296219126995e+00
3.62217980037495e+05	-1.18718548662457e+00,-1.75832689307093e+00
3.63052978717577e+05	-1.22593912594827e+00,-1.75244006205986e+00
3.63889902268412e+05	-1.26540193724362e+00,-1.74522286644358e+00
3.64728755127284e+05	-1.30553386728669e+00,-1.73659501745912e+00
3.65569541741709e+05	-1.34628773078449e+00,-1.72647523582339e+00
3.66412266569452e+05	-1.38760872765018e+00,-1.71478179993870e+00
3.67256934078557e+05	-1.42943398529661e+00,-1.70143318045875e+00
3.68103548747368e+05	-1.47169213853751e+00,-1.68634876466406e+00
3.68952115064550e+05	-1.51430296125525e+00,-1.66944967256846e+00
3.69802637529119e+05	-1.55717706545534e+00,-1.65065966474797e+00
3.70655120650459e+05	-1.60021568459662e+00,-1.62990613952815e+00
3.71509568948351e+05	-1.64331055905948e+00,-1.60712121438191e+00
3.72365986952995e+05	-1.68634394218195e+00,-1.58224288319268e+00
3.73224379205033e+05	-1.72918874533264e+00,-1.55521623747094e+00
3.74084750255577e+05	-1.77170883987999e+00,-1.52599473574942e+00
3.74947104666228e+05	-1.81375953253931e+00,-1.49454150133206e+00
3.75811447009103e+05	-1.85518822833167e+00,-1.46083062448153e+00
3.76677781866859e+05	-1.89583529219275e+00,-1.42484844118138e+00
3.77546113832717e+05	-1.93553511608653e+00,-1.38659475701931e+00
3.78416447510487e+05	-1.97411739331647e+00,-1.34608398175071e+00
3.79288787514592e+05	-2.01140859565600e+00,-1.30334613797455e+00
3.80163138470091e+05	-2.04723364207971e+00,-1.25842770634686e+00
3.81039505012706e+05	-2.08141774047927e+00,-1.21139227010901e+00
3.81917891788845e+05	-2.11378837607998e+00,-1.16232092361883e+00
3.82798303455628e+05	-2.14417741268727e+00,-1.11131241317802e+00
3.83680744680909e+05	-2.17242326579053e+00,-1.05848298379963e+00
3.84565220143305e+05	-2.19837310036611e+00,-1.00396591260168e+00
3.85451734532215e+05	-2.22188500138639e+00,-9.47910718079260e-01
3.86340292547851e+05	-2.24283006195514e+00,-8.90482044309290e-01
3.87230898901259e+05	-2.26109433298439e+00,-8.31858229780143e-01
3.88123558314346e+05	-2.27658057963276e+00,-7.72229581518851e-01
3.89018275519902e+05	-2.28920979343950e+00,-7.11796385952032e-01
3.89915055261629e+05	-2.29892241516215e+00,-6.50766697897375e-01
3.90813902294165e+05	-2.30567923155160e+00,-5.89353957670696e-01
3.91714821383106e+05	-2.30946191932100e+00,-5.27774493001543e-01
3.92617817305036e+05	-2.31027322089809e+00,-4.66244966874699e-01
3.93522894847549e+05	-2.30813674861569e+00,-4.04979834290655e-01
3.94430058809277e+05	-2.30309642615925e+00,-3.44188870161651e-01
3.95339313999913e+05	-2.29521558771802e+00,-2.84074827196936e-01
3.96250665240236e+05	-2.28457576578700e+00,-2.24831276910191e-01
3.97164117362141e+05	-2.27127520743692e+00,-1.66640679173353e-01
3.98079675208659e+05	-2.25542716572817e+00,-1.09672716522604e-01
3.98997343633988e+05	-2.23715801755566e+00,-5.40829192398136e-02
3.99917127503514e+05	-2.21660526148976e+00,-1.15966550995390e-05
4.00839031693840e+05	-2.19391544918596e+00,5.24169203071042e-02
4.01763061092809e+05	-2.16924210186387e+00,1.03094730092348e-01
4.02689220599533e+05	-2.14274365949877e+00,1.51930518467265e-01
4.03617515124419e+05	-2.11458150509127e+00,1.98849444300148e-01
4.04547949589191e+05	-2.08491810008601e+00,2.43792779833406e-01
4.05480528926920e+05	-2.05391526010750e+00,2.86717336303520e-01
4.06415258082050e+05	-2.02173259305700e+00,3.27594708350516e-01
4.07352142010420e+05	-1.98852611461245e+00,3.66410371742116e-01
4.08291185679296e+05	-1.95444704957845e+00,4.03162668684605e-01
4.09232394067395e+05	-1.91964082156453e+00,4.37861713612920e-01
4.10175772164909e+05	-1.88424622827740e+00,4.70528250078664e-01
4.11121324973536e+05	-1.84839479538324e+00,5.01192486423376e-01
4.12069057506501e+05	-1.81221029845773e+00,5.29892934561829e-01
4.13018974788589e+05	-1.77580843997556e+00,5.56675272611675e-01
4.13971081856167e+05	-1.73929666654138e+00,5.81591248468304e-01
4.14925383757211e+05	-1.70277411054802e+00,6.04697637881969e-01
4.15881885551335e+05	-1.66633164006674e+00,6.26055267259694e-01
4.16840592309817e+05	-1.63005200092170e+00,6.45728108367043e-01
4.17801509115624e+05	-1.59401003546990e+00,6.63782449395556e-01
4.18764641063441e+05	-1.55827296349702e+00,6.80286144516687e-01
4.19729993259699e+05	-1.52290071175520e+00,6.95307942068266e-01
4.20697570822598e+05	-1.48794627992982e+00,7.08916889904559e-01
4.21667378882138e+05	-1.45345613215813e+00,7.21181815164067e-01
4.22639422580145e+05	-1.41947060457764e+00,7.32170874740372e-01
4.23613707070298e+05	-1.38602432071035e+00,7.41951172046148e-01
4.24590237518157e+05	-1.35314660775736e+00,7.50588435202141e-01
4.25569019101188e+05	-1.32086190806259e+00,7.58146751525046e-01
4.26550057008795e+05	-1.28919018108935e+00,7.64688353095482e-01
4.27533356442342e+05	-1.25814729223004e+00,7.70273448227244e-01
4.28518922615185e+05	-1.22774538563442e+00,7.74960093802216e-01
4.29506760752698e+05	-1.19799323899745e+00,7.78804103656009e-01
4.30496876092300e+05	-1.16889659889704e+00,7.81858988475164e-01
4.31489273883485e+05	-1.14045849582219e+00,7.84175922979043e-01
4.32483959387847e+05	-1.11267953849151e+00,7.85803736492760e-01
4.33480937879108e+05	-1.08555818743813e+00,7.86788923359307e-01
4.34480214643151e+05	-1.05909100814081e+00,7.87175669979652e-01
4.35481794978040e+05	-1.03327290421904e+00,7.87005895601510e-01
4.36485684194056e+05	-1.00809733139336e+00,7.86319304295353e-01
4.37491887613718e+05	-9.83556493046566e-01,7.85153445856097e-01
4.38500410571817e+05	-9.59641518316351e-01,7.83543783648373e-01
4.39511258415442e+05	-9.36342623710557e-01,7.81523767671021e-01
4.40524436504007e+05	-9.13649259269505e-01,7.79124911351763e-01
4.41539950209281e+05	-8.91550240310307e-01,7.76376870796278e-01
4.42557804915418e+05	-8.70033865780918e-01,7.73307525407465e-01
4.43578006018980e+05	-8.49088024230313e-01,7.69943058961783e-01
4.44600558928974e+05	-8.28700288369283e-01,7.66308040381186e-01
4.45625469066873e+05	-8.08857999156544e-01,7.62425503572821e-01
4.46652741866648e+05	-7.89548340299560e-01,7.58317025825717e-01
4.47682382774797e+05	-7.70758404010581e-01,7.54002804355564e-01
4.48714397250374e+05	-7.52475248807506e-01,7.49501730676930e-01
4.49748790765018e+05	-7.34685950097448e-01,7.44831462558101e-01
4.50785568802978e+05	-7.17377644229394e-01,7.40008493378640e-01
4.51824736861151e+05	-7.00537566651836e-01,7.35048218764847e-01
4.52866300449100e+05	-6.84153084762236e-01,7.29965000424790e-01
4.53910265089093e+05	-6.68211725988168e-01,7.24772227143474e-01
4.54956636316126e+05	-6.52701201595230e-01,7.19482372930977e-01
4.56005419677955e+05	-6.37609426674469e-01,7.14107052342897e-01
4.57056620735125e+05	-6.22924536722289e-01,7.08657073013970e-01
4.58110245061000e+05	-6.08634901188667e-01,7.03142485462912e-01
4.59166298241790e+05	-5.94729134334864e-01,6.97572630240107e-01
4.60224785876586e+05	-5.81196103709773e-01,6.91956182500085e-01
4.61285713577382e+05	-5.68024936524475e-01,6.86301194088503e-01
4.62349086969111e+05	-5.55205024177243e-01,6.80615133238770e-01
4.63414911689675e+05	-5.42726025156318e-01,6.74904921977025e-01
4.64483193389968e+05	-5.30577866524812e-01,6.69176971336204e-01
4.65553937733915e+05	-5.18750744171219e-01,6.63437214480608e-01
4.66627150398495e+05	-5.07235121989974e-01,6.57691137842034e-01
4.67702837073776e+05	-4.96021730139142e-01,6.51943810367320e-01
4.68781003462940e+05	-4.85101562506630e-01,6.46199910975232e-01
4.69861655282319e+05	-4.74465873502039e-01,6.40463754318188e-01
4.70944798261421e+05	-4.64106174278415e-01,6.34739314941453e-01
4.72030438142962e+05	-4.54014228476481e-01,6.29030249929267e-01
4.73118580682896e+05	-4.44182047573461e-01,6.23339920123984e-01
4.74209231650449e+05	-4.34601885909136e-01,6.17671410000770e-01
4.75302396828141e+05	-4.25266235453281e-01,6.12027546276770e-01
4.76398082011826e+05	-4.16167820370966e-01,6.06410915330035e-01
4.77496293010718e+05	-4.07299591435380e-01,6.00823879499813e-01
4.78597035647422e+05	-3.98654720331675e-01,5.95268592336232e-01
4.79700315757967e+05	-3.90226593889839e-01,5.89747012863846e-01
4.80806139191832e+05	-3.82008808279694e-01,5.84260918920053e-01
4.81914511811985e+05	-3.73995163196735e-01,5.78811919626074e-01
4.83025439494907e+05	-3.66179656063594e-01,5.73401467044893e-01
4.84138928130625e+05	-3.58556476268482e-01,5.68030867077497e-01
4.85254983622745e+05	-3.51119999458802e-01,5.62701289645714e-01
4.86373611888483e+05	-3.43864781905443e-01,5.57413778207153e-01
4.87494818858693e+05	-3.36785554950780e-01,5.52169258644953e-01
4.88618610477905e+05	-3.29877219551280e-01,5.46968547572535e-01
4.89744992704349e+05	-3.23134840923695e-01,5.41812360091028e-01
4.90873971509992e+05	-3.16553643302152e-01,5.36701317034760e-01
4.92005552880567e+05	-3.10129004811963e-01,5.31635951737966e-01
4.93139742815605e+05	-3.03856452464688e-01,5.26616716353800e-01
4.94276547328469e+05	-2.97731657277835e-01,5.21643987754781e-01
4.95415972446384e+05	-2.91750429521604e-01,5.16718073041930e-01
4.96558024210467e+05	-2.85908714094203e-01,5.11839214688143e-01
4.97702708675763e+05	-2.80202586026509e-01,5.07007595339678e-01
4.98850031911277e+05	-2.74628246116213e-01,5.02223342298121e-01
5.00000000000000e+05	-2.69182016691005e-01,4.97486531703724e-01
5.01152619038950e+05	-2.63860337499898e-01,4.92797192439691e-01
5.02307895139198e+05	-2.58659761731361e-01,4.88155309775668e-01
5.03465834425902e+05	-2.53576952156600e-01,4.83560828767549e-01
5.04626443038342e+05	-2.48608677396014e-01,4.79013657429558e-01
5.05789727129949e+05	-2.43751808306642e-01,4.74513669693550e-01
5.06955692868340e+05	-2.39003314488195e-01,4.70060708169468e-01
5.08124346435348e+05	-2.34360260905099e-01,4.65654586720016e-01
5.09295694027058e+05	-2.29819804621891e-01,4.61295092861712e-01
5.10469741853840e+05	-2.25379191649153e-01,4.56981990003703e-01
5.11646496140377e+05	-2.21035753897150e-01,4.52715019535002e-01
5.12825963125704e+05	-2.16786906234255e-01,4.48493902770047e-01
5.14008149063237e+05	-2.12630143647225e-01,4.44318342761891e-01
5.15193060220808e+05	-2.08563038500390e-01,4.40188025991695e-01
5.16380702880699e+05	-2.04583237890786e-01,4.36102623942604e-01
5.17571083339672e+05	-2.00688461096319e-01,4.32061794565612e-01
5.18764207909006e+05	-1.96876497114042e-01,4.28065183644452e-01
5.19960082914530e+05	-1.93145202285663e-01,4.24112426066150e-01
5.21158714696652e+05	-1.89492498007454e-01,4.20203147003405e-01
5.22360109610400e+05	-1.85916368521782e-01,4.16336963014561e-01
5.23564274025450e+05	-1.82414858787507e-01,4.12513483066576e-01
5.24771214326161e+05	-1.78986072426592e-01,4.08732309486015e-01
5.25980936911611e+05	-1.75628169744286e-01,4.04993038842788e-01
5.27193448195629e+05	-1.72339365820349e-01,4.01295262771017e-01
5.28408754606829e+05	-1.69117928668810e-01,3.97638568731175e-01
5.29626862588644e+05	-1.65962177463849e-01,3.94022540717306e-01
5.30847778599362e+05	-1.62870480829443e-01,3.90446759912955e-01
5.32071509112158e+05	-1.59841255190495e-01,3.86910805299145e-01
5.33298060615129e+05	-1.56872963183224e-01,3.83414254217557e-01
5.34527439611329e+05	-1.53964112122667e-01,3.79956682891840e-01
5.35759652618803e+05	-1.51113252525219e-01,3.76537666909814e-01
5.36994706170622e+05	-1.48318976684190e-01,3.73156781669115e-01
5.38232606814917e+05	-1.45579917296425e-01,3.69813602788700e-01
5.39473361114914e+05	-1.42894746138126e-01,3.66507706488451e-01
5.40716975648969e+05	-1.40262172788033e-01,3.63238669938984e-01
5.41963457010602e+05	-1.37680943396223e-01,3.60006071583625e-01
5.43212811808533e+05	-1.35149839496829e-01,3.56809491434397e-01
5.44465046666717e+05	-1.32667676863043e-01,3.53648511343733e-01
5.45720168224378e+05	-1.30233304402830e-01,3.50522715253525e-01
5.46978183136047e+05	-1.27845603093826e-01,3.47431689423018e-01
5.48239098071593e+05	-1.25503484955974e-01,3.44375022636962e-01
5.49502919716261e+05	-1.23205892060461e-01,3.41352306395327e-01
5.50769654770707e+05	-1.20951795573624e-01,3.38363135085825e-01
5.52039309951037e+05	-1.18740194834503e-01,3.35407106140396e-01
5.53311891988833e+05	-1.16570116464778e-01,3.32483820176730e-01
5.54587407631201e+05	-1.14440613509895e-01,3.29592881125838e-01
5.55865863640796e+05	-1.12350764610200e-01,3.26733896346627e-01
5.57147266795865e+05	-1.10299673200968e-01,3.23906476728353e-01
5.58431623890280e+05	-1.08286466740233e-01,3.21110236781789e-01
5.59718941733576e+05	-1.06310295963412e-01,3.18344794719880e-01
5.61009227150982e+05	-1.04370334163685e-01,3.15609772528612e-01
5.62302486983463e+05	-1.02465776497202e-01,3.12904796028782e-01
5.63598728087755e+05	-1.00595839312178e-01,3.10229494929289e-01
5.64897957336399e+05	-9.87597595009950e-02,3.07583502872559e-01
5.66200181617778e+05	-9.69567938744537e-02,3.04966457472647e-01
5.67505407836157e+05	-9.51862185573530e-02,3.02378000346558e-01
5.68813642911715e+05	-9.34473284046145e-02,2.99817777139242e-01
5.70124893780584e+05	-9.17394364371880e-02,2.97285437542761e-01
5.71439167394886e+05	-9.00618732970101e-02,2.94780635310016e-01
5.72756470722768e+05	-8.84139867203164e-02,2.92303028263468e-01
5.74076810748441e+05	-8.67951410286314e-02,2.89852278299203e-01
5.75400194472218e+05	-8.52047166367896e-02,2.87428051386705e-01
5.76726628910546e+05	-8.36421095773651e-02,2.85030017564658e-01
5.78056121096049e+05	-8.21067310409091e-02,2.82657850933090e-01
5.79388678077563e+05	-8.05980069314227e-02,2.80311229642137e-01
5.80724306920171e+05	-7.91153774365092e-02,2.77989835877708e-01
5.82063014705246e+05	-7.76582966116749e-02,2.75693355844286e-01
5.83404808530481e+05	-7.62262319782669e-02,2.73421479745116e-01
5.84749695509935e+05	-7.48186641345555e-02,2.71173901759983e-01
5.86097682774065e+05	-7.34350863794892e-02,2.68950320020803e-01
5.87448777469765e+05	-7.20750043486670e-02,2.66750436585199e-01
5.88802986760404e+05	-7.07379356620904e-02,2.64573957408260e-01
5.90160317825865e+05	-6.94234095832755e-02,2.62420592312635e-01
5.91520777862582e+05	-6.81309666893198e-02,2.60290054957124e-01
5.92884374083580e+05	-6.68601585515351e-02,2.58182062803919e-01
5.94251113718509e+05	-6.56105474262728e-02,2.56096337084617e-01
5.95621004013687e+05	-6.43817059555804e-02,2.54032602765139e-01
5.96994052232137e+05	-6.31732168773441e-02,2.51990588509679e-01
5.98370265653622e+05	-6.19846727445845e-02,2.49970026643786e-01
5.99749651574689e+05	-6.08156756535832e-02,2.47970653116675e-01
6.01132217308706e+05	-5.96658369805340e-02,2.45992207462888e-01
6.02517970185899e+05	-5.85347771264205e-02,2.44034432763364e-01
6.03906917553390e+05	-5.74221252698350e-02,2.42097075606019e-01
6.05299066775241e+05	-5.63275191274637e-02,2.40179886045912e-01
6.06694425232489e+05	-5.52506047219734e-02,2.38282617565066e-01
6.08093000323184e+05	-5.41910361570452e-02,2.36405027032003e-01
6.09494799462433e+05	-5.31484753993101e-02,2.34546874661075e-01
6.10899830082436e+05	-5.21225920669500e-02,2.32707923971626e-01
6.12308099632524e+05	-5.11130632247364e-02,2.30887941747055e-01
6.13719615579204e+05	-5.01195731852895e-02,2.29086697993820e-01
6.15134385406191e+05	-4.91418133163443e-02,2.27303965900433e-01
6.16552416614454e+05	-4.81794818538232e-02,2.25539521796487e-01
6.17973716722255e+05	-4.72322837205172e-02,2.23793145111753e-01
6.19398293265185e+05	-4.62999303501891e-02,2.22064618335384e-01
6.20826153796206e+05	-4.53821395169155e-02,2.20353726975264e-01
6.22257305885692e+05	-4.44786351694938e-02,2.18660259517520e-01
6.23691757121471e+05	-4.35891472707454e-02,2.16984007386239e-01
6.25129515108860e+05	-4.27134116415512e-02,2.15324764903405e-01
6.26570587470708e+05	-4.18511698094655e-02,2.13682329249090e-01
6.28014981847437e+05	-4.10021688617542e-02,2.12056500421907e-01
6.29462705897084e+05	-4.01661613027142e-02,2.10447081199760e-01
6.30913767295335e+05	-3.93429049151325e-02,2.08853877100894e-01
6.32368173735576e+05	-3.85321626257491e-02,2.07276696345271e-01
6.33825932928923e+05	-3.77337023745953e-02,2.05715349816287e-01
6.35287052604271e+05	-3.69472969880786e-02,2.04169651022834e-01
6.36751540508331e+05	-3.61727240556955e-02,2.02639416061726e-01
6.38219404405672e+05	-3.54097658102535e-02,2.01124463580503e-01
6.39690652078762e+05	-3.46582090114894e-02,1.99624614740610e-01
6.41165291328011e+05	-3.39178448329754e-02,1.98139693180972e-01
6.42643329971808e+05	-3.31884687522079e-02,1.96669524981964e-01
6.44124775846567e+05	-3.24698804437758e-02,1.95213938629788e-01
6.45609636806767e+05	-3.17618836755133e-02,1.93772764981251e-01
6.47097920724993e+05	-3.10642862075394e-02,1.92345837228971e-01
6.48589635491978e+05	-3.03768996940945e-02,1.90932990866984e-01
6.50084789016645e+05	-2.96995395880861e-02,1.89534063656785e-01
6.51583389226150e+05	-2.90320250482574e-02,1.88148895593783e-01
6.53085444065921e+05	-2.83741788488969e-02,1.86777328874186e-01
6.54590961499703e+05	-2.77258272920099e-02,1.85419207862305e-01
6.56099949509602e+05	-2.70868001218751e-02,1.84074379058291e-01
6.57612416096119e+05	-2.64569304419116e-02,1.82742691066291e-01
6.59128369278204e+05	-2.58360546337855e-02,1.81423994563038e-01
6.60647817093288e+05	-2.52240122786857e-02,1.80118142266856e-01
6.62170767597332e+05	-2.46206460807032e-02,1.78824988907096e-01
6.63697228864870e+05	-2.40258017922492e-02,1.77544391193991e-01
6.65227208989045e+05	-2.34393281414478e-02,1.76276207788929e-01
6.66760716081662e+05	-2.28610767614454e-02,1.75020299275149e-01
6.68297758273221e+05	-2.22909021215759e-02,1.73776528128844e-01
6.69838343712967e+05	-2.17286614603275e-02,1.72544758690685e-01
6.71382480568932e+05	-2.11742147200546e-02,1.71324857137750e-01
6.72930177027974e+05	-2.06274244833828e-02,1.70116691455855e-01
6.74481441295827e+05	-2.00881559112558e-02,1.68920131412296e-01
6.76036281597139e+05	-1.95562766825747e-02,1.67735048528984e-01
6.77594706175518e+05	-1.90316569353819e-02,1.66561316055974e-01
6.79156723293577e+05	-1.85141692095432e-02,1.65398808945390e-01
6.80722341232975e+05	-1.80036883908829e-02,1.64247403825735e-01
6.82291568294462e+05	-1.75000916567292e-02,1.63106978976577e-01
6.83864412797924e+05	-1.70032584228279e-02,1.61977414303627e-01
6.85440883082427e+05	-1.65130702915827e-02,1.60858591314176e-01
6.87020987506258e+05	-1.60294110015841e-02,1.59750393092912e-01
6.88604734446973e+05	-1.55521663783873e-02,1.58652704278095e-01
6.90192132301442e+05	-1.50812242865041e-02,1.57565411038098e-01
6.91783189485890e+05	-1.46164745825704e-02,1.56488401048297e-01
6.93377914435944e+05	-1.41578090696577e-02,1.55421563468316e-01
6.94976315606677e+05	-1.37051214526918e-02,1.54364788919613e-01
6.96578401472652e+05	-1.32583072949488e-02,1.53317969463414e-01
6.98184180527969e+05	-1.28172639755957e-02,1.52280998578975e-01
6.99793661286309e+05	-1.23818906482443e-02,1.51253771142178e-01
7.01406852280979e+05	-1.19520882004906e-02,1.50236183404456e-01
7.03023762064957e+05	-1.15277592144088e-02,1.49228132972030e-01
7.04644399210937e+05	-1.11088079279739e-02,1.48229518785473e-01
7.06268772311377e+05	-1.06951401973844e-02,1.47240241099579e-01
7.07896889978541e+05	-1.02866634602601e-02,1.46260201463534e-01
7.09528760844546e+05	-9.88328669968802e-03,1.45289302701397e-01
7.11164393561410e+05	-9.48492040909335e-03,1.44327448892870e-01
7.12803796801094e+05	-9.09147655791032e-03,1.43374545354359e-01
7.14446979255551e+05	-8.70286855803013e-03,1.42430498620328e-01
7.16093949636772e+05	-8.31901123100326e-03,1.41495216424925e-01
7.17744716676828e+05	-7.93982077597414e-03,1.40568607683887e-01
7.19399289127923e+05	-7.56521473832702e-03,1.39650582476720e-01
7.21057675762434e+05	-7.19511197902213e-03,1.38741052029140e-01
7.22719885372964e+05	-6.82943264460211e-03,1.37839928695777e-01
7.24385926772381e+05	-6.46809813784907e-03,1.36947125943137e-01
7.26055808793871e+05	-6.11103108907344e-03,1.36062558332812e-01
7.27729540290983e+05	-5.75815532801581e-03,1.35186141504937e-01
7.29407130137674e+05	-5.40939585634411e-03,1.34317792161894e-01
7.31088587228359e+05	-5.06467882072846e-03,1.33457428052248e-01
7.32773920477956e+05	-4.72393148647669e-03,1.32604967954912e-01
7.34463138821933e+05	-4.38708221171404e-03,1.31760331663548e-01
7.36156251216359e+05	-4.05406042209090e-03,1.30923439971186e-01
7.37853266637947e+05	-3.72479658600294e-03,1.30094214655055e-01
7.39554194084104e+05	-3.39922219030823e-03,1.29272578461640e-01
7.41259042572977e+05	-3.07726971652673e-03,1.28458455091936e-01
7.42967821143503e+05	-2.75887261750739e-03,1.27651769186910e-01
7.44680538855458e+05	-2.44396529454896e-03,1.26852446313162e-01
7.46397204789498e+05	-2.13248307496062e-03,1.26060412948784e-01
7.48117828047217e+05	-1.82436219004903e-03,1.25275596469395e-01
7.49842417751187e+05	-1.51953975351881e-03,1.24497925134383e-01
7.51570983045011e+05	-1.21795374027359e-03,1.23727328073306e-01
7.53303533093371e+05	-9.19542965605183e-04,1.22963735272479e-01
7.55040077082074e+05	-6.24247064758838e-04,1.22207077561735e-01
7.56780624218104e+05	-3.32006472862537e-04,1.21457286601344e-01
7.58525183729668e+05	-4.27624052088846e-05,1.20714294869100e-01
7.60273764866248e+05	2.43543162121797e-04,1.19978035647564e-01
7.62026376898646e+05	5.26967511308222e-04,1.19248443011454e-01
7.63783029119036e+05	8.07567201515558e-04,1.18525451815194e-01
7.65543730841015e+05	1.08539808731409e-03,1.17808997680595e-01
7.67308491399647e+05	1.36051533679948e-03,1.17099016984682e-01
7.69077320151517e+05	1.63297344942475e-03,1.16395446847650e-01
7.70850226474780e+05	1.90282627355392e-03,1.15698225120952e-01
7.72627219769207e+05	2.17012702374699e-03,1.15007290375511e-01
7.74408309456241e+05	2.43492829778576e-03,1.14322581890053e-01
7.76193504979041e+05	2.69728209344994e-03,1.13644039639548e-01
7.77982815802537e+05	2.95723982505246e-03,1.12971604283771e-01
7.79776251413477e+05	3.21485233974324e-03,1.12305217155960e-01
7.81573821320477e+05	3.47016993358993e-03,1.11644820251581e-01
7.83375535054074e+05	3.72324236744450e-03,1.10990356217178e-01
7.85181402166776e+05	3.97411888260401e-03,1.10341768339329e-01
7.86991432233110e+05	4.22284821627394e-03,1.09699000533668e-01
7.88805634849674e+05	4.46947861684232e-03,1.09061997334004e-01
7.90624019635192e+05	4.71405785897265e-03,1.08430703881508e-01
7.92446596230557e+05	4.95663325852352e-03,1.07805065913963e-01
7.94273374298889e+05	5.19725168730284e-03,1.07185029755091e-01
7.96104363525585e+05	5.43595958766417e-03,1.06570542303929e-01
7.97939573618366e+05	5.67280298695294e-03,1.05961551024262e-01
7.99779014307334e+05	5.90782751180976e-03,1.05358003934105e-01
8.01622695345021e+05	6.14107840233835e-03,1.04759849595220e-01
8.03470626506439e+05	6.37260052614524e-03,1.04167037102682e-01
8.05322817589135e+05	6.60243839225837e-03,1.03579516074458e-01
8.07179278413243e+05	6.83063616493165e-03,1.02997236641025e-01
8.09040018821533e+05	7.05723767734247e-03,1.02420149434999e-01
8.10905048679465e+05	7.28228644518897e-03,1.01848205580774e-01
8.12774377875242e+05	7.50582568019375e-03,1.01281356684171e-01
8.14648016319861e+05	7.72789830352102e-03,1.00719554822077e-01
8.16525973947167e+05	7.94854695911340e-03,1.00162752532088e-01
8.18408260713904e+05	8.16781402695522e-03,9.96109028021225e-02
8.20294886599770e+05	8.38574163626866e-03,9.90639590600226e-02
8.22185861607466e+05	8.60237167864905e-03,9.85218751631187e-02
8.24081195762754e+05	8.81774582114579e-03,9.79846053877589e-02
8.25980899114507e+05	9.03190551929504e-03,9.74521044187925e-02
8.27884981734764e+05	9.24489203011032e-03,9.69243273389987e-02
8.29793453718780e+05	9.45674642503722e-03,9.64012296184542e-02
8.31706325185085e+05	9.66750960287822e-03,9.58827671038294e-02
8.33623606275531e+05	9.87722230269346e-03,9.53688960076050e-02
8.35545307155354e+05	1.00859251166836e-02,9.48595728972002e-02
8.37471438013219e+05	1.02936585030604e-02,9.43547546840021e-02
8.39402009061280e+05	1.05004627989105e-02,9.38543986122876e-02
8.41337030535234e+05	1.07063782330592e-02,9.33584622480268e-02
8.43276512694371e+05	1.09114449389379e-02,9.28669034675578e-02
8.45220465821632e+05	1.11157029674626e-02,9.23796804461224e-02
8.47168900223664e+05	1.13191922999280e-02,9.18967516462501e-02
8.49121826230872e+05	1.15219528609223e-02,9.14180758059813e-02
8.51079254197475e+05	1.17240245312685e-02,9.09436119269141e-02
8.53041194501562e+05	1.19254471609972e-02,9.04733192620658e-02
8.55007657545144e+05	1.21262605823555e-02,9.00071573035332e-02
8.56978653754213e+05	1.23265046228574e-02,8.95450857699398e-02
8.58954193578794e+05	1.25262191183803e-02,8.90870645936558e-02
8.60934287493003e+05	1.27254439263124e-02,8.86330539077744e-02
8.62918945995102e+05	1.29242189387550e-02,8.81830140328329e-02
8.64908179607551e+05	1.31225840957846e-02,8.77369054632586e-02
8.66901998877069e+05	1.33205793987789e-02,8.72946888535260e-02
8.68900414374688e+05	1.35182449238099e-02,8.68563250040078e-02
8.70903436695807e+05	1.37156208351097e-02,8.64217748465001e-02
8.72911076460252e+05	1.39127473986098e-02,8.59909994294056e-02
8.74923344312328e+05	1.41096649955604e-02,8.55639599025546e-02
8.76940250920881e+05	1.43064141362296e-02,8.51406175016424e-02
8.78961806979346e+05	1.45030354736881e-02,8.47209335322650e-02
8.80988023205815e+05	1.46995698176798e-02,8.43048693535280e-02
8.83018910343082e+05	1.48960581485812e-02,8.38923863612092e-02
8.85054479158711e+05	1.50925416314518e-02,8.34834459704481e-02
8.87094740445083e+05	1.52890616301760e-02,8.30780095979400e-02
8.89139705019461e+05	1.54856597216976e-02,8.26760386436079e-02
8.91189383724045e+05	1.56823777103481e-02,8.22774944717244e-02
8.93243787426025e+05	1.58792576422674e-02,8.18823383914583e-02
8.95302927017647e+05	1.60763418199176e-02,8.14905316368128e-02
8.97366813416263e+05	1.62736728166879e-02,8.11020353459284e-02
8.99435457564394e+05	1.64712934915882e-02,8.07168105397162e-02
9.01508870429784e+05	1.66692470040297e-02,8.03348180997897e-02
9.03587063005463e+05	1.68675768286892e-02,7.99560187456594e-02
9.05670046309801e+05	1.70663267704509e-02,7.95803730111548e-02
9.07757831386568e+05	1.72655409794233e-02,7.92078412200359e-02
9.09850429304992e+05	1.74652639660218e-02,7.88383834607546e-02
9.11947851159819e+05	1.76655406161130e-02,7.84719595603242e-02
9.14050108071371e+05	1.78664162062087e-02,7.81085290572561e-02
9.16157211185606e+05	1.80679364187030e-02,7.77480511735160e-02
9.18269171674173e+05	1.82701473571382e-02,7.73904847854560e-02
9.20386000734478e+05	1.84730955614896e-02,7.70357883936715e-02
9.22507709589737e+05	1.86768280234527e-02,7.66839200917328e-02
9.24634309489039e+05	1.88813922017171e-02,7.63348375337389e-02
9.26765811707406e+05	1.90868360372099e-02,7.59884979006376e-02
9.28902227545849e+05	1.92932079682868e-02,7.56448578652544e-02
9.31043568331434e+05	1.95005569458505e-02,7.53038735559705e-02
9.33189845417335e+05	1.97089324483686e-02,7.49655005189861e-02
9.35341070182900e+05	1.99183844967665e-02,7.46296936791053e-02
9.37497254033709e+05	2.01289636691628e-02,7.42964072989739e-02
9.39658408401634e+05	2.03407211154141e-02,7.39655949366984e-02
9.41824544744900e+05	2.05537085714334e-02,7.36372094017750e-02
9.43995674548147e+05	2.07679783732396e-02,7.33112027092487e-02
9.46171809322488e+05	2.09835834706959e-02,7.29875260320257e-02
9.48352960605573e+05	2.12005774408874e-02,7.26661296512543e-02
9.50539139961650e+05	2.14190145010845e-02,7.23469629046889e-02
9.52730358981624e+05	2.16389495212349e-02,7.20299741329475e-02
9.54926629283119e+05	2.18604380359211e-02,7.17151106235702e-02
9.57127962510543e+05	2.20835362557135e-02,7.14023185527812e-02
9.59334370335145e+05	2.23083010778447e-02,7.10915429248564e-02
9.61545864455079e+05	2.25347900961235e-02,7.07827275089901e-02
9.63762456595468e+05	2.27630616100000e-02,7.04758147735582e-02
9.65984158508462e+05	2.29931746326840e-02,7.01707458176618e-02
9.68210981973304e+05	2.32251888982142e-02,6.98674602998417e-02
9.70442938796389e+05	2.34591648673639e-02,6.95658963638428e-02
9.72680040811331e+05	2.36951637322591e-02,6.92659905613074e-02
9.74922299879023e+05	2.39332474195775e-02,6.89676777712732e-02
9.77169727887697e+05	2.41734785921841e-02,6.86708911163461e-02
9.79422336752995e+05	2.44159206490456e-02,6.83755618754155e-02
9.81680138418023e+05	2.46606377232578e-02,6.80816193927791e-02
9.83943144853422e+05	2.49076946780007e-02,6.77889909835351e-02
9.86211368057427e+05	2.51571571002278e-02,6.74976018351045e-02
9.88484820055930e+05	2.54090912918740e-02,6.72073749047369e-02
9.90763512902549e+05	2.56635642583548e-02,6.69182308128556e-02
9.93047458678686e+05	2.59206436941101e-02,6.66300877320933e-02
9.95336669493593e+05	2.61803979649241e-02,6.63428612718709e-02
9.97631157484440e+05	2.64428960867368e-02,6.60564643583681e-02
9.99930934816372e+05	2.67082077006371e-02,6.57708071097376e-02
1.00223601368258e+06	2.69764030437055e-02,6.54857967064133e-02
1.00454640630436e+06	2.72475529153496e-02,6.52013372563659e-02
1.00686212493119e+06	2.75217286387479e-02,6.49173296551605e-02
1.00918318184078e+06	2.77990020169900e-02,6.46336714406764e-02
1.01150958933914e+06	2.80794452834712e-02,6.43502566423533e-02
1.01384135976064e+06	2.83631310460652e-02,6.40669756248353e-02
1.01617850546811e+06	2.86501322245689e-02,6.37837149258920e-02
1.01852103885286e+06	2.89405219808709e-02,6.35003570885072e-02
1.02086897233476e+06	2.92343736412629e-02,6.32167804870381e-02
1.02322231836234e+06	2.95317606102690e-02,6.29328591473621e-02
1.02558108941278e+06	2.98327562753261e-02,6.26484625609468e-02
1.02794529799207e+06	3.01374339016029e-02,6.23634554928006e-02
1.03031495663500e+06	3.04458665161980e-02,6.20776977832839e-02
1.03269007790526e+06	3.07581267809078e-02,6.17910441437897e-02
1.03507067439552e+06	3.10742868527009e-02,6.15033439463359e-02
1.03745675872745e+06	3.13944182309819e-02,6.12144410071485e-02
1.03984834355185e+06	3.17185915906716e-02,6.09241733643551e-02
1.04224544154864e+06	3.20468766000678e-02,6.06323730499609e-02
1.04464806542702e+06	3.23793417223920e-02,6.03388658563305e-02
1.04705622792545e+06	3.27160539998626e-02,6.00434710974612e-02
1.04946994181176e+06	3.30570788190703e-02,5.97460013654060e-02
1.05188921988324e+06	3.34024796563628e-02,5.94462622822785e-02
1.05431407496664e+06	3.37523178018799e-02,5.91440522483629e-02
1.05674451991832e+06	3.41066520608094e-02,5.88391621869488e-02
1.05918056762425e+06	3.44655384303673e-02,5.85313752866186e-02
1.06162223100011e+06	3.48290297509344e-02,5.82204667418386e-02
1.06406952299136e+06	3.51971753297157e-02,5.79062034928366e-02
1.06652245657329e+06	3.55700205352252e-02,5.75883439658990e-02
1.06898104475112e+06	3.59476063608332e-02,5.72666378153835e-02
1.07144530056003e+06	3.63299689555579e-02,5.69408256689230e-02
1.07391523706527e+06	3.67171391202318e-02,5.66106388774951e-02
1.07639086736219e+06	3.71091417671284e-02,5.62757992722472e-02
1.07887220457633e+06	3.75059953410988e-02,5.59360189302039e-02
1.08135926186351e+06	3.79077112002485e-02,5.55909999512412e-02
1.08385205240985e+06	3.83142929541731e-02,5.52404342489902e-02
1.08635058943187e+06	3.87257357577797e-02,5.48840033586370e-02
1.08885488617658e+06	3.91420255587530e-02,5.45213782649117e-02
1.09136495592150e+06	3.95631382967728e-02,5.41522192539090e-02
1.09388081197478e+06	3.99890390526737e-02,5.37761757927611e-02
1.09640246767522e+06	4.04196811458470e-02,5.33928864415846e-02
1.09892993639241e+06	4.08550051783381e-02,5.30019788025462e-02
1.10146323152673e+06	4.12949380242801e-02,5.26030695113493e-02
1.10400236650945e+06	4.17393917635479e-02,5.21957642769104e-02
1.10654735480282e+06	4.21882625588102e-02,5.17796579754937e-02
1.10909820990011e+06	4.26414294755142e-02,5.13543348060876e-02
1.11165494532570e+06	4.30987532447586e-02,5.09193685143306e-02
1.11421757463515e+06	4.35600749695175e-02,5.04743226928427e-02
1.11678611141527e+06	4.40252147752560e-02,5.00187511663564e-02
1.11936056928417e+06	4.44939704066609e-02,4.95521984705911e-02
1.12194096189138e+06	4.49661157729832e-02,4.90742004343440e-02
1.12452730291789e+06	4.54413994453807e-02,4.85842848747869e-02
1.12711960607621e+06	4.59195431106485e-02,4.80819724164359e-02
1.12971788511049e+06	4.64002399868571e-02,4.75667774446938e-02
1.13232215379653e+06	4.68831532076757e-02,4.70382092052358e-02
1.13493242594191e+06	4.73679141835588e-02,4.64957730607941e-02
1.13754871538604e+06	4.78541209495077e-02,4.59389719170781e-02
1.14017103600021e+06	4.83413365108082e-02,4.53673078296240e-02
1.14279940168771e+06	4.88290871999636e-02,4.47802838032618e-02
1.14543382638389e+06	4.93168610600135e-02,4.41774057956054e-02
1.14807432405618e+06	4.98041062715209e-02,4.35581849354657e-02
1.15072090870425e+06	5.02902296427293e-02,4.29221399663348e-02
1.15337359436003e+06	5.07745951847089e-02,4.22687999240483e-02
1.15603239508780e+06	5.12565227957065e-02,4.15977070563674e-02
1.15869732498424e+06	5.17352870813570e-02,4.09084199904973e-02
1.16136839817855e+06	5.22101163398661e-02,4.02005171524303e-02
1.16404562883250e+06	5.26801917436802e-02,3.94736004394421e-02
1.16672903114050e+06	5.31446467514770e-02,3.87272991440398e-02
1.16941861932968e+06	5.36025667864512e-02,3.79612741241353e-02
1.17211440765996e+06	5.40529892187803e-02,3.71752222101766e-02
1.17481641042415e+06	5.44949036917250e-02,3.63688808354003e-02
1.17752464194800e+06	5.49272528319690e-02,3.55420328702687e-02
1.18023911659029e+06	5.53489333854150e-02,3.46945116365480e-02
1.18295984874288e+06	5.57587978196198e-02,3.38262060703843e-02
1.18568685283083e+06	5.61556564332543e-02,3.29370659972159e-02
1.18842014331244e+06	5.65382800112894e-02,3.20271074744765e-02
1.19115973467935e+06	5.69054030619223e-02,3.10964181509110e-02
1.19390564145659e+06	5.72557276674489e-02,3.01451625840587e-02
1.19665787820269e+06	5.75879279762721e-02,2.91735874502230e-02
1.19941645950975e+06	5.79006553569054e-02,2.81820265742188e-02
1.20218140000347e+06	5.81925442271540e-02,2.71709056995861e-02
1.20495271434330e+06	5.84622185625827e-02,2.61407469140204e-02
1.20773041722247e+06	5.87082990779365e-02,2.50921726397508e-02
1.21051452336809e+06	5.89294110634209e-02,2.40259090947810e-02
1.21330504754121e+06	5.91241928447797e-02,2.29427891285769e-02
1.21610200453691e+06	5.92913048221085e-02,2.18437543352199e-02
1.21890540918438e+06	5.94294390275358e-02,2.07298563485244e-02
1.22171527634699e+06	5.95373291265832e-02,1.96022572273813e-02
1.22453162092237e+06	5.96137607725493e-02,1.84622288458454e-02
1.22735445784252e+06	5.96575822080538e-02,1.73111512113830e-02
1.23018380207381e+06	5.96677149933951e-02,1.61505096463129e-02
1.23301966861717e+06	5.96431647281241e-02,1.49818907818102e-02
1.23586207250807e+06	5.95830316207410e-02,1.38069773307929e-02
1.23871102881664e+06	5.94865207522005e-02,1.26275416253643e-02
1.24156655264779e+06	5.93529518724873e-02,1.14454379259363e-02
1.24442865914120e+06	5.91817685663430e-02,1.02625935322607e-02
1.24729736347148e+06	5.89725466246986e-02,9.08099875083079e-03
1.25017268084822e+06	5.87250014627776e-02,7.90269579784877e-03
1.25305462651606e+06	5.84389944343763e-02,6.72976674147617e-03
1.25594321575479e+06	5.81145379045393e-02,5.56432061065567e-03
1.25883846387943e+06	5.77517989596246e-02,4.40847981961695e-03
1.26174038624029e+06	5.73511016543276e-02,3.26436607650166e-03
1.26464899822307e+06	5.69129277191885e-02,2.13408596063512e-03
1.26756431524895e+06	5.64379156788657e-02,1.01971636519250e-03
1.27048635277465e+06	5.59268583603198e-02,-7.67099901722036e-05
1.27341512629252e+06	5.53806988002003e-02,-1.15321876913217e-03
1.27635065133062e+06	5.48005245912862e-02,-2.20790774529940e-03
1.27929294345282e+06	5.41875607378627e-02,-3.23895984703114e-03
1.28224201825886e+06	5.35431611185144e-02,-4.24465533373667e-03
1.28519789138443e+06	5.28687986810886e-02,-5.22338293347326e-03
1.28816057850129e+06	5.21660545177484e-02,-6.17364979216911e-03
1.29113009531730e+06	5.14366059874089e-02,-7.09409010877608e-03
1.29410645757655e+06	5.06822140679079e-02,-7.98347235727021e-03
1.29708968105941e+06	4.99047101306369e-02,-8.84070502483326e-03
1.30007978158264e+06	4.91059823358744e-02,-9.66484082487146e-03
1.30307677499945e+06	4.82879618477130e-02,-1.04550793728626e-02
1.30608067719960e+06	4.74526090634299e-02,-1.12107683415086e-02
1.30909150410949e+06	4.66019000437572e-02,-1.19314031385185e-02
1.31210927169222e+06	4.57378133182134e-02,-1.26166251748633e-02
1.31513399594769e+06	4.48623172240615e-02,-1.32662188129684e-02
1.31816569291269e+06	4.39773579191917e-02,-1.38801071026043e-02
1.32120437866097e+06	4.30848481889975e-02,-1.44583464269221e-02
1.32425006930335e+06	4.21866571458342e-02,-1.50011201920209e-02
1.32730278098777e+06	4.12846008975934e-02,-1.55087317006206e-02
1.33036252989940e+06	4.03804342399638e-02,-1.59815963539752e-02
1.33342933226074e+06	3.94758434056457e-02,-1.64202333263276e-02
1.33650320433166e+06	3.85724398836512e-02,-1.68252568532954e-02
1.33958416240952e+06	3.76717553032668e-02,-1.71973672699646e-02
1.34267222282925e+06	3.67752373605959e-02,-1.75373419265933e-02
1.34576740196346e+06	3.58842467510522e-02,-1.78460261001181e-02
1.34886971622246e+06	3.50000550588730e-02,-1.81243240085818e-02
1.35197918205442e+06	3.41238435447113e-02,-1.83731900235773e-02
1.35509581594542e+06	3.32567027646080e-02,-1.85936201632530e-02
1.35821963441954e+06	3.23996329480603e-02,-1.87866439357032e-02
1.36135065403896e+06	3.15535450593381e-02,-1.89533165900104e-02
1.36448889140402e+06	3.07192624644814e-02,-1.90947118200721e-02
1.36763436315336e+06	2.98975231263280e-02,-1.92119149548701e-02
1.37078708596394e+06	2.90889822512579e-02,-1.93060166581845e-02
1.37394707655120e+06	2.82942153138628e-02,-1.93781071510461e-02
1.37711435166908e+06	2.75137213892432e-02,-1.94292709615375e-02
1.38028892811017e+06	2.67479267268741e-02,-1.94605821989367e-02
1.38347082270576e+06	2.59971885047790e-02,-1.94731003426431e-02
1.38666005232592e+06	2.52617987079140e-02,-1.94678665308314e-02
1.38985663387964e+06	2.45419880800395e-02,-1.94459003292747e-02
1.39306058431489e+06	2.38379301037969e-02,-1.94081969572254e-02
1.39627192061867e+06	2.31497449691055e-02,-1.93557249445459e-02
1.39949065981718e+06	2.24775034952360e-02,-1.92894241923763e-02
1.40271681897586e+06	2.18212309769445e-02,-1.92102044084129e-02
1.40595041519947e+06	2.11809109297912e-02,-1.91189438872681e-02
1.40919146563223e+06	2.05564887141829e-02,-1.90164886063028e-02
1.41243998745785e+06	1.99478750217456e-02,-1.89036516076811e-02
1.41569599789969e+06	1.93549492113300e-02,-1.87812126381210e-02
1.41895951422078e+06	1.87775624852783e-02,-1.86499180188253e-02
1.42223055372396e+06	1.82155408995389e-02,-1.85104807193168e-02
1.42550913375195e+06	1.76686882038182e-02,-1.83635806103077e-02
1.42879527168747e+06	1.71367885102164e-02,-1.82098648722563e-02
1.43208898495329e+06	1.66196087907359e-02,-1.80499485378590e-02
1.43539029101235e+06	1.61169012056903e-02,-1.78844151483581e-02
1.43869920736783e+06	1.56284052664091e-02,-1.77138175051803e-02
1.44201575156330e+06	1.51538498367513e-02,-1.75386785000329e-02
1.44533994118274e+06	1.46929549788319e-02,-1.73594920081575e-02
1.44867179385066e+06	1.42454336490608e-02,-1.71767238309516e-02
1.45201132723223e+06	1.38109932511081e-02,-1.69908126756108e-02
1.45535855903330e+06	1.33893370527729e-02,-1.68021711608073e-02
1.45871350700058e+06	1.29801654739617e-02,-1.66111868386955e-02
1.46207618892167e+06	1.25831772530967e-02,-1.64182232247278e-02
1.46544662262516e+06	1.21980704992942e-02,-1.62236208278598e-02
1.46882482598077e+06	1.18245436375885e-02,-1.60276981747375e-02
1.47221081689938e+06	1.14622962543521e-02,-1.58307528223798e-02
1.47560461333319e+06	1.11110298498775e-02,-1.56330623547123e-02
1.47900623327577e+06	1.07704485048642e-02,-1.54348853590610e-02
1.48241569476217e+06	1.04402594672974e-02,-1.52364623794017e-02
1.48583301586901e+06	1.01201736659246e-02,-1.50380168437670e-02
1.48925821471459e+06	9.80990615623847e-03,-1.48397559637553e-02
1.49269130945898e+06	9.50917650456842e-03,-1.46418716045670e-02
1.49613231830409e+06	9.21770911556901e-03,-1.44445411244137e-02
1.49958125949383e+06	8.93523350808178e-03,-1.42479281825169e-02
1.50303815131412e+06	8.66148454403512e-03,-1.40521835152324e-02
1.50650301209306e+06	8.39620261474257e-03,-1.38574456801142e-02
1.50997586020101e+06	8.13913378866320e-03,-1.36638417679695e-02
1.51345671405065e+06	7.89002992440058e-03,-1.34714880831584e-02
1.51694559209714e+06	7.64864875244125e-03,-1.32804907925621e-02
1.52044251283814e+06	7.41475392886991e-03,-1.30909465437838e-02
1.52394749481399e+06	7.18811506404778e-03,-1.29029430532659e-02
1.52746055660776e+06	6.96850772900326e-03,-1.27165596650976e-02
1.53098171684534e+06	6.75571344205941e-03,-1.25318678813643e-02
1.53451099419558e+06	6.54951963801254e-03,-1.23489318649458e-02
1.53804840737035e+06	6.34971962197808e-03,-1.21678089157138e-02
1.54159397512468e+06	6.15611250983542e-03,-1.19885499211065e-02
1.54514771625680e+06	5.96850315703137e-03,-1.18111997820789e-02
1.54870964960829e+06	5.78670207734143e-03,-1.16357978154331e-02
1.55227979406418e+06	5.61052535303983e-03,-1.14623781335349e-02
1.55585816855301e+06	5.43979453779187e-03,-1.12909700024157e-02
1.55944479204697e+06	5.27433655345474e-03,-1.11215981792453e-02
1.56303968356198e+06	5.11398358185639e-03,-1.09542832301465e-02
1.56664286215779e+06	4.95857295251386e-03,-1.07890418292983e-02
1.57025434693811e+06	4.80794702715398e-03,-1.06258870402520e-02
1.57387415705066e+06	4.66195308180809e-03,-1.04648285803569e-02
1.57750231168731e+06	4.52044318716991e-03,-1.03058730691652e-02
1.58113883008419e+06	4.38327408782923e-03,-1.01490242616526e-02
1.58478373152175e+06	4.25030708092542e-03,-9.99428326706334e-03
1.58843703532489e+06	4.12140789470097e-03,-9.84164875415486e-03
1.59209876086306e+06	3.99644656737852e-03,-9.69111714358671e-03
1.59576892755038e+06	3.87529732673224e-03,-9.54268278816481e-03
1.59944755484570e+06	3.75783847067735e-03,-9.39633814162250e-03
1.60313466225273e+06	3.64395224915876e-03,-9.25207391658730e-03
1.60683026932016e+06	3.53352474758108e-03,-9.10987923235221e-03
1.61053439564172e+06	3.42644577198733e-03,-8.96974175304042e-03
1.61424706085632e+06	3.32260873616239e-03,-8.83164781672295e-03
1.61796828464814e+06	3.22191055080867e-03,-8.69558255602071e-03
1.62169808674675e+06	3.12425151491644e-03,-8.56153001069511e-03
1.62543648692717e+06	3.02953520942834e-03,-8.42947323270460e-03
1.62918350501004e+06	2.93766839327723e-03,-8.29939438417971e-03
1.63293916086168e+06	2.84856090185862e-03,-8.17127482874427e-03
1.63670347439419e+06	2.76212554798269e-03,-8.04509521658746e-03
1.64047646556560e+06	2.67827802533653e-03,-7.92083556366878e-03
1.64425815437992e+06	2.59693681447486e-03,-7.79847532541682e-03
1.64804856088729e+06	2.51802309134601e-03,-7.67799346526224e-03
1.65184770518407e+06	2.44146063835034e-03,-7.55936851832615e-03
1.65565560741296e+06	2.36717575791974e-03,-7.44257865056642e-03
1.65947228776305e+06	2.29509718859920e-03,-7.32760171366721e-03
1.66329776647002e+06	2.22515602360517e-03,-7.21441529594000e-03
1.66713206381617e+06	2.15728563182968e-03,-7.10299676948912e-03
1.67097520013057e+06	2.09142158125458e-03,-6.99332333387941e-03
1.67482719578914e+06	2.02750156473607e-03,-6.88537205652982e-03
1.67868807121477e+06	1.96546532811643e-03,-6.77911991004308e-03
1.68255784687745e+06	1.90525460061696e-03,-6.67454380666940e-03
1.68643654329434e+06	1.84681302746384e-03,-6.57162063008967e-03
1.69032418102991e+06	1.79008610469684e-03,-6.47032726469278e-03
1.69422078069601e+06	1.73502111610944e-03,-6.37064062251090e-03
1.69812636295204e+06	1.68156707226763e-03,-6.27253766796652e-03
1.70204094850500e+06	1.62967465155430e-03,-6.17599544057565e-03
1.70596455810964e+06	1.57929614318526e-03,-6.08099107574270e-03
1.70989721256854e+06	1.53038539214314e-03,-5.98750182377400e-03
1.71383893273225e+06	1.48289774597518e-03,-5.89550506722941e-03
1.71778973949937e+06	1.43679000340115e-03,-5.80497833672359e-03
1.72174965381669e+06	1.39202036467826e-03,-5.71589932528192e-03
1.72571869667928e+06	1.34854838367012e-03,-5.62824590134914e-03
1.72969688913061e+06	1.30633492156771e-03,-5.54199612054294e-03
1.73368425226266e+06	1.26534210221102e-03,-5.45712823623867e-03
1.73768080721603e+06	1.22553326896077e-03,-5.37362070906608e-03
1.74168657518006e+06	1.18687294307070e-03,-5.29145221539365e-03
1.74570157739293e+06	1.14932678351186e-03,-5.21060165487152e-03
1.74972583514179e+06	1.11286154820124e-03,-5.13104815709938e-03
1.75375936976284e+06	1.07744505658834e-03,-5.05277108748141e-03
1.75780220264149e+06	1.04304615355442e-03,-4.97575005232638e-03
1.76185435521244e+06	1.00963467457996e-03,-4.89996490324753e-03
1.76591584895978e+06	9.77181412137534e-04,-4.82539574091286e-03
1.76998670541717e+06	9.45658083267969e-04,-4.75202291819374e-03
1.77406694616788e+06	9.15037298299218e-04,-4.67982704275613e-03
1.77815659284493e+06	8.85292530668233e-04,-4.60878897913629e-03
1.78225566713122e+06	8.56398087807513e-04,-4.53888985033978e-03
1.78636419075964e+06	8.28329083059008e-04,-4.47011103900017e-03
1.79048218551318e+06	8.01061408579278e-04,-4.40243418813154e-03
1.79460967322503e+06	7.74571709200902e-04,-4.33584120150644e-03
1.79874667577871e+06	7.48837357216232e-04,-4.27031424368915e-03
1.80289321510821e+06	7.23836428050708e-04,-4.20583573975178e-03
1.80704931319807e+06	6.99547676793984e-04,-4.14238837469925e-03
1.81121499208349e+06	6.75950515558190e-04,-4.07995509262719e-03
1.81539027385051e+06	6.53024991633661e-04,-4.01851909563544e-03
1.81957518063604e+06	6.30751766413480e-04,-3.95806384251802e-03
1.82376973462804e+06	6.09112095059143e-04,-3.89857304724931e-03
1.82797395806562e+06	5.88087806880621e-04,-3.84003067728463e-03
1.83218787323917e+06	5.67661286405004e-04,-3.78242095169242e-03
1.83641150249042e+06	5.47815455108838e-04,-3.72572833913364e-03
1.84064486821266e+06	5.28533753790099e-04,-3.66993755570347e-03
1.84488799285075e+06	5.09800125556651e-04,-3.61503356264887e-03
1.84914089890133e+06	4.91598999408818e-04,-3.56100156397490e-03
1.85340360891288e+06	4.73915274394510e-04,-3.50782700395168e-03
1.85767614548586e+06	4.56734304316134e-04,-3.45549556453315e-03
1.86195853127284e+06	4.40041882969253e-04,-3.40399316269781e-03
1.86625078897860e+06	4.23824229893671e-04,-3.35330594772108e-03
1.87055294136027e+06	4.08067976618372e-04,-3.30342029838820e-03
1.87486501122742e+06	3.92760153382354e-04,-3.25432282015581e-03
1.87918702144222e+06	3.77888176314110e-04,-3.20600034226985e-03
1.88351899491954e+06	3.63439835053107e-04,-3.15843991484702e-03
1.88786095462708e+06	3.49403280797247e-04,-3.11162880592612e-03
1.89221292358547e+06	3.35767014760869e-04,-3.06555449849551e-03
1.89657492486841e+06	3.22519877028429e-04,-3.02020468750219e-03
1.90094698160281e+06	3.09651035789547e-04,-2.97556727684775e-03
1.90532911696887e+06	2.97149976941631e-04,-2.93163037637588e-03
1.90972135420023e+06	2.85006494046811e-04,-2.88838229885594e-03
1.91412371658411e+06	2.73210678630391e-04,-2.84581155696652e-03
1.91853622746139e+06	2.61752910808523e-04,-2.80390686028285e-03
1.92295891022677e+06	2.50623850233260e-04,-2.76265711227137e-03
1.92739178832886e+06	2.39814427343559e-04,-2.72205140729459e-03
1.93183488527035e+06	2.29315834911275e-04,-2.68207902762926e-03
1.93628822460809e+06	2.19119519871553e-04,-2.64272944050028e-03
1.94075182995324e+06	2.09217175427457e-04,-2.60399229513281e-03
1.94522572497140e+06	1.99600733419015e-04,-2.56585741982485e-03
1.94970993338272e+06	1.90262356947255e-04,-2.52831481904210e-03
1.95420447896201e+06	1.81194433244148e-04,-2.49135467053701e-03
1.95870938553892e+06	1.72389566779706e-04,-2.45496732249357e-03
1.96322467699800e+06	1.63840572597821e-04,-2.41914329069933e-03
1.96775037727889e+06	1.55540469872718e-04,-2.38387325574594e-03
1.97228651037639e+06	1.47482475678251e-04,-2.34914806025927e-03
1.97683310034064e+06	1.39659998962479e-04,-2.31495870616038e-03
1.98139017127720e+06	1.32066634720326e-04,-2.28129635195796e-03
1.98595774734720e+06	1.24696158357330e-04,-2.24815231007321e-03
1.99053585276749e+06	1.17542520237774e-04,-2.21551804419784e-03
1.99512451181071e+06	1.10599840410743e-04,-2.18338516668569e-03
1.99972374880549e+06	1.03862403507878e-04,-2.15174543597857e-03
2.00433358813651e+06	9.73246538068270e-05,-2.12059075406668e-03
2.00895405424470e+06	9.09811904546337e-05,-2.08991316398399e-03
2.01358517162730e+06	8.48267628454879e-05,-2.05970484733880e-03
2.01822696483802e+06	7.88562661474918e-05,-2.02995812187969e-03
2.02287945848721e+06	7.30647369732781e-05,-2.00066543909714e-03
2.02754267724192e+06	6.74473491895113e-05,-1.97181938186063e-03
2.03221664582606e+06	6.19994098604842e-05,-1.94341266209152e-03
2.03690138902056e+06	5.67163553211954e-05,-1.91543811847159e-03
2.04159693166346e+06	5.15937473754653e-05,-1.88788871418712e-03
2.04630329865005e+06	4.66272696148063e-05,-1.86075753470852e-03
2.05102051493303e+06	4.18127238539222e-05,-1.83403778560535e-03
2.05574860552261e+06	3.71460266788587e-05,-1.80772279039650e-03
2.06048759548665e+06	3.26232061039746e-05,-1.78180598843539e-03
2.06523750995081e+06	2.82403983340382e-05,-1.75628093282993e-03
2.06999837409865e+06	2.39938446278903e-05,-1.73114128839709e-03
2.07477021317181e+06	1.98798882602421e-05,-1.70638082965156e-03
2.07955305247011e+06	1.58949715782996e-05,-1.68199343882852e-03
2.08434691735168e+06	1.20356331500255e-05,-1.65797310393993e-03
2.08915183323311e+06	8.29850500096546e-06,-1.63431391686419e-03
2.09396782558959e+06	4.68030993667193e-06,-1.61101007146870e-03
2.09879491995504e+06	1.17785894786950e-06,-1.58805586176510e-03
2.10363314192222e+06	-2.21195130439628e-06,-1.56544568009659e-03
2.10848251714291e+06	-5.49214092628415e-06,-1.54317401535723e-03
2.11334307132801e+06	-8.66564915392062e-06,-1.52123545124255e-03
2.11821483024771e+06	-1.17353366438745e-05,-1.49962466453132e-03
2.12309781973156e+06	-1.47039876937276e-05,-1.47833642339786e-03
2.12799206566872e+06	-1.75743123950438e-05,-1.45736558575461e-03
2.13289759400796e+06	-2.03489487209547e-05,-1.43670709762448e-03
2.13781443075793e+06	-2.30304645505061e-05,-1.41635599154259e-03
2.14274260198720e+06	-2.56213596318298e-05,-1.39630738498695e-03
2.14768213382444e+06	-2.81240674861374e-05,-1.37655647883768e-03
2.15263305245855e+06	-3.05409572544591e-05,-1.35709855586430e-03
2.15759538413883e+06	-3.28743354889861e-05,-1.33792897924071e-03
2.16256915517504e+06	-3.51264478908089e-05,-1.31904319108736e-03
2.16755439193764e+06	-3.72994809957834e-05,-1.30043671104030e-03
2.17255112085786e+06	-3.93955638101940e-05,-1.28210513484652e-03
2.17755936842784e+06	-4.14167693978284e-05,-1.26404413298531e-03
2.18257916120083e+06	-4.33651164200204e-05,-1.24624944931511e-03
2.18761052579126e+06	-4.52425706301649e-05,-1.22871689974541e-03
2.19265348887493e+06	-4.70510463241573e-05,-1.21144237093346e-03
2.19770807718912e+06	-4.87924077481601e-05,-1.19442181900512e-03
2.20277431753277e+06	-5.04684704650508e-05,-1.17765126829958e-03
2.20785223676656e+06	-5.20810026808594e-05,-1.16112681013758e-03
2.21294186181313e+06	-5.36317265324598e-05,-1.14484460161256e-03
2.21804321965716e+06	-5.51223193377358e-05,-1.12880086440453e-03
2.22315633734554e+06	-5.65544148094010e-05,-1.11299188361608e-03
2.22828124198752e+06	-5.79296042336131e-05,-1.09741400663032e-03
2.23341796075482e+06	-5.92494376144833e-05,-1.08206364199011e-03
2.23856652088181e+06	-6.05154247855447e-05,-1.06693725829853e-03
2.24372694966566e+06	-6.17290364892099e-05,-1.05203138313984e-03
2.24889927446644e+06	-6.28917054252096e-05,-1.03734260202092e-03
2.25408352270730e+06	-6.40048272689757e-05,-1.02286755733243e-03
2.25927972187461e+06	-6.50697616608953e-05,-1.00860294732973e-03
2.26448789951810e+06	-6.60878331673355e-05,-9.94545525132856e-04
2.26970808325102e+06	-6.70603322143068e-05,-9.80692097745404e-04
2.27494030075024e+06	-6.79885159946037e-05,-9.67039525091890e-04
2.28018457975648e+06	-6.88736093492359e-05,-9.53584719073257e-04
2.28544094807437e+06	-6.97168056239334e-05,-9.40324642640183e-04
2.29070943357267e+06	-7.05192675014863e-05,-9.27256308883869e-04
2.29599006418434e+06	-7.12821278106533e-05,-9.14376780143956e-04
2.30128286790678e+06	-7.20064903123481e-05,-9.01683167133273e-04
2.30658787280190e+06	-7.26934304637930e-05,-8.89172628079067e-04
2.31190510699630e+06	-7.33439961613026e-05,-8.76842367880429e-04
2.31723459868144e+06	-7.39592084623419e-05,-8.64689637281585e-04
2.32257637611375e+06	-7.45400622874806e-05,-8.52711732060768e-04
2.32793046761479e+06	-7.50875271028471e-05,-8.40905992234351e-04
2.33329690157144e+06	-7.56025475836634e-05,-8.29269801275970e-04
2.33867570643599e+06	-7.60860442594257e-05,-8.17800585350333e-04
2.34406691072633e+06	-7.65389141412772e-05,-8.06495812561436e-04
2.34947054302608e+06	-7.69620313321015e-05,-7.95352992214913e-04
2.35488663198476e+06	-7.73562476198472e-05,-7.84369674094246e-04
2.36031520631795e+06	-7.77223930545801e-05,-7.73543447750550e-04
2.36575629480740e+06	-7.80612765097431e-05,-7.62871941805704e-04
2.37120992630122e+06	-7.83736862280858e-05,-7.52352823268531e-04
2.37667612971403e+06	-7.86603903527165e-05,-7.41983796863802e-04
2.38215493402708e+06	-7.89221374437101e-05,-7.31762604373802e-04
2.38764636828845e+06	-7.91596569806940e-05,-7.21687023992215e-04
2.39315046161319e+06	-7.93736598518208e-05,-7.11754869690088e-04
2.39866724318345e+06	-7.95648388295239e-05,-7.01963990593643e-04
2.40419674224864e+06	-7.97338690334384e-05,-6.92312270373701e-04
2.40973898812564e+06	-7.98814083808590e-05,-6.82797626646493e-04
2.41529401019886e+06	-8.00080980250953e-05,-6.73418010385637e-04
2.42086183792050e+06	-8.01145627820722e-05,-6.64171405345061e-04
2.42644250081061e+06	-8.02014115455142e-05,-6.55055827492660e-04
2.43203602845731e+06	-8.02692376910398e-05,-6.46069324454482e-04
2.43764245051693e+06	-8.03186194694845e-05,-6.37209974969219e-04
2.44326179671417e+06	-8.03501203897590e-05,-6.28475888352831e-04
2.44889409684223e+06	-8.03642895915413e-05,-6.19865203973075e-04
2.45453938076302e+06	-8.03616622080912e-05,-6.11376090733769e-04
2.46019767840725e+06	-8.03427597194674e-05,-6.03006746568585e-04
2.46586901977468e+06	-8.03080902964191e-05,-5.94755397944196e-04
2.47155343493418e+06	-8.02581491352151e-05,-5.86620299372583e-04
2.47725095402395e+06	-8.01934187836656e-05,-5.78599732932336e-04
2.48296160725168e+06	-8.01143694585846e-05,-5.70692007798761e-04
2.48868542489468e+06	-8.00214593549330e-05,-5.62895459782633e-04
2.49442243730006e+06	-7.99151349468747e-05,-5.55208450877414e-04
2.50017267488489e+06	-7.97958312809725e-05,-5.47629368814779e-04
2.50593616813636e+06	-7.96639722617421e-05,-5.40156626628290e-04
2.51171294761194e+06	-7.95199709297768e-05,-5.32788662225051e-04
2.51750304393952e+06	-7.93642297326499e-05,-5.25523937965195e-04
2.52330648781764e+06	-7.91971407887932e-05,-5.18360940249043e-04
2.52912331001557e+06	-7.90190861445477e-05,-5.11298179111805e-04
2.53495354137352e+06	-7.88304380245729e-05,-5.04334187825643e-04
2.54079721280280e+06	-7.86315590757991e-05,-4.97467522508991e-04
2.54665435528598e+06	-7.84228026050984e-05,-4.90696761742959e-04
2.55252499987703e+06	-7.82045128108482e-05,-4.84020506194703e-04
2.55840917770154e+06	-7.79770250085528e-05,-4.77437378247624e-04
2.56430691995682e+06	-7.77406658506861e-05,-4.70946021638247e-04
2.57021825791213e+06	-7.74957535409127e-05,-4.64545101099677e-04
2.57614322290878e+06	-7.72425980428400e-05,-4.58233302011484e-04
2.58208184636035e+06	-7.69815012834492e-05,-4.52009330055898e-04
2.58803415975284e+06	-7.67127573513506e-05,-4.45871910880202e-04
2.59400019464481e+06	-7.64366526900018e-05,-4.39819789765183e-04
2.59997998266758e+06	-7.61534662860246e-05,-4.33851731299549e-04
2.60597355552540e+06	-7.58634698527533e-05,-4.27966519060178e-04
2.61198094499560e+06	-7.55669280091424e-05,-4.22162955298092e-04
2.61800218292875e+06	-7.52640984541566e-05,-4.16439860630051e-04
2.62403730124886e+06	-7.49552321367660e-05,-4.10796073735652e-04
2.63008633195353e+06	-7.46405734216627e-05,-4.05230451059836e-04
2.63614930711411e+06	-7.43203602508125e-05,-3.99741866520684e-04
2.64222625887590e+06	-7.39948243009535e-05,-3.94329211222425e-04
2.64831721945829e+06	-7.36641911371483e-05,-3.88991393173526e-04
2.65442222115494e+06	-7.33286803624945e-05,-3.83727337009795e-04
2.66054129633397e+06	-7.29885057640958e-05,-3.78535983722385e-04
2.66667447743810e+06	-7.26438754553910e-05,-3.73416290390606e-04
2.67282179698486e+06	-7.22949920149381e-05,-3.68367229919465e-04
2.67898328756671e+06	-7.19420526217464e-05,-3.63387790781829e-04
2.68515898185126e+06	-7.15852491872465e-05,-3.58476976765135e-04
2.69134891258144e+06	-7.12247684839869e-05,-3.53633806722551e-04
2.69755311257564e+06	-7.08607922711431e-05,-3.48857314328515e-04
2.70377161472790e+06	-7.04934974169212e-05,-3.44146547838560e-04
2.71000445200812e+06	-7.01230560179382e-05,-3.39500569853342e-04
2.71625165746217e+06	-6.97496355156567e-05,-3.34918457086804e-04
2.72251326421211e+06	-6.93733988099506e-05,-3.30399300138385e-04
2.72878930545635e+06	-6.89945043698770e-05,-3.25942203269205e-04
2.73507981446986e+06	-6.86131063417248e-05,-3.21546284182149e-04
2.74138482460427e+06	-6.82293546544122e-05,-3.17210673805776e-04
2.74770436928812e+06	-6.78433951222999e-05,-3.12934516081980e-04
2.75403848202702e+06	-6.74553695454877e-05,-3.08716967757344e-04
2.76038719640379e+06	-6.70654158076579e-05,-3.04557198178093e-04
2.76675054607868e+06	-6.66736679715294e-05,-3.00454389088608e-04
2.77312856478955e+06	-6.62802563719832e-05,-2.96407734433416e-04
2.77952128635202e+06	-6.58853077069187e-05,-2.92416440162589e-04
2.78592874465965e+06	-6.54889451258989e-05,-2.88479724040510e-04
2.79235097368415e+06	-6.50912883166403e-05,-2.84596815457913e-04
2.79878800747555e+06	-6.46924535894032e-05,-2.80766955247161e-04
2.80523988016235e+06	-6.42925539593350e-05,-2.76989395500691e-04
2.81170662595175e+06	-6.38916992268178e-05,-2.73263399392569e-04
2.81818827912977e+06	-6.34899960558720e-05,-2.69588241003094e-04
2.82468487406151e+06	-6.30875480506648e-05,-2.65963205146401e-04
2.83119644519127e+06	-6.26844558301698e-05,-2.62387587201010e-04
2.83772302704274e+06	-6.22808171010259e-05,-2.58860692943247e-04
2.84426465421921e+06	-6.18767267286411e-05,-2.55381838383514e-04
2.85082136140374e+06	-6.14722768065826e-05,-2.51950349605330e-04
2.85739318335934e+06	-6.10675567242992e-05,-2.48565562607106e-04
2.86398015492915e+06	-6.06626532332158e-05,-2.45226823146599e-04
2.87058231103664e+06	-6.02576505112408e-05,-2.41933486588002e-04
2.87719968668578e+06	-5.98526302257273e-05,-2.38684917751605e-04
2.88383231696125e+06	-5.94476715949247e-05,-2.35480490766004e-04
2.89048023702859e+06	-5.90428514479592e-05,-2.32319588922795e-04
2.89714348213441e+06	-5.86382442833799e-05,-2.29201604533709e-04
2.90382208760656e+06	-5.82339223263056e-05,-2.26125938790151e-04
2.91051608885436e+06	-5.78299555842068e-05,-2.23092001625095e-04
2.91722552136872e+06	-5.74264119013570e-05,-2.20099211577287e-04
2.92395042072240e+06	-5.70233570119859e-05,-2.17146995657730e-04
2.93069082257014e+06	-5.66208545921664e-05,-2.14234789218384e-04
2.93744676264888e+06	-5.62189663104667e-05,-2.11362035823074e-04
2.94421827677794e+06	-5.58177518773978e-05,-2.08528187120535e-04
2.95100540085922e+06	-5.54172690936855e-05,-2.05732702719573e-04
2.95780817087737e+06	-5.50175738973961e-05,-2.02975050066303e-04
2.96462662290000e+06	-5.46187204099447e-05,-2.00254704323420e-04
2.97146079307786e+06	-5.42207609810104e-05,-1.97571148251471e-04
2.97831071764505e+06	-5.38237462323894e-05,-1.94923872092092e-04
2.98517643291918e+06	-5.34277251008076e-05,-1.92312373453175e-04
2.99205797530160e+06	-5.30327448797209e-05,-1.89736157195927e-04
2.99895538127755e+06	-5.26388512601269e-05,-1.87194735323793e-04
3.00000000000000e+06	-5.25793720777998e-05,-1.86813343492967e-04
