0.000000000000000e+00	1.168064e-03	0.000000e+00	5.625315e-04
7.754642544933304e-09	1.133819e-03	0.000000e+00	5.476705e-04
2.326392763480033e-08	1.061134e-03	0.000000e+00	5.153270e-04
5.428249781453397e-08	9.054267e-04	0.000000e+00	4.465650e-04
9.428249781453401e-08	6.981109e-04	0.000000e+00	3.564465e-04
1.342824978145341e-07	4.984586e-04	0.000000e+00	2.711414e-04
1.742824978145341e-07	3.233834e-04	0.000000e+00	1.977598e-04
2.142824978145341e-07	1.864071e-04	0.000000e+00	1.417647e-04
2.542824978145342e-07	9.593018e-05	0.000000e+00	1.064245e-04
2.942824978145342e-07	5.527796e-05	0.000000e+00	9.279249e-05
3.342824978145343e-07	6.269500e-05	0.000000e+00	9.971179e-05
3.742824978145343e-07	1.121343e-04	0.000000e+00	1.242854e-04
4.142824978145343e-07	1.953212e-04	0.000000e+00	1.628496e-04
4.542824978145344e-07	3.040292e-04	0.000000e+00	2.119037e-04
4.942824978145344e-07	4.310748e-04	0.000000e+00	2.684300e-04
5.342824978145345e-07	5.702532e-04	0.000000e+00	3.298539e-04
5.742824978145345e-07	7.161494e-04	0.000000e+00	3.938635e-04
6.142824978145345e-07	8.634934e-04	0.000000e+00	4.581203e-04
6.542824978145346e-07	1.006890e-03	0.000000e+00	5.203043e-04
6.942824978145346e-07	1.141263e-03	0.000000e+00	5.782543e-04
7.342824978145347e-07	1.261993e-03	0.000000e+00	6.299923e-04
7.742824978145347e-07	1.364994e-03	0.000000e+00	6.737831e-04
8.142824978145347e-07	1.446858e-03	0.000000e+00	7.081839e-04
8.542824978145348e-07	1.504916e-03	0.000000e+00	7.320739e-04
8.942824978145348e-07	1.537275e-03	0.000000e+00	7.446666e-04
9.342824978145349e-07	1.542812e-03	0.000000e+00	7.455049e-04
9.742824978145349e-07	1.525040e-03	0.000000e+00	7.361506e-04
9.909999999999999e-07	1.510223e-03	0.000000e+00	7.290170e-04
9.975649956290699e-07	1.502276e-03	0.000000e+00	7.252910e-04
1.013694986887210e-06	1.479794e-03	0.000000e+00	7.148489e-04
1.031000000000000e-06	1.450621e-03	0.000000e+00	7.014335e-04
1.032000000000000e-06	1.448786e-03	0.000000e+00	7.006047e-04
1.032600000000000e-06	1.447675e-03	0.000000e+00	7.000821e-04
1.033240000000000e-06	1.446482e-03	0.000000e+00	6.995346e-04
1.034520000000000e-06	1.444072e-03	0.000000e+00	6.984327e-04
1.037080000000000e-06	1.439159e-03	0.000000e+00	6.961876e-04
1.046824931003430e-06	1.419668e-03	0.000000e+00	6.873010e-04
1.047922341564193e-06	1.417374e-03	0.000000e+00	6.862498e-04
1.048196694204384e-06	1.416798e-03	0.000000e+00	6.859722e-04
1.048265282364432e-06	1.416654e-03	0.000000e+00	6.858601e-04
1.048282429404443e-06	1.416618e-03	0.000000e+00	6.857381e-04
1.048316723484467e-06	1.416546e-03	0.000000e+00	6.851685e-04
1.048325297004473e-06	1.416527e-03	0.000000e+00	6.848922e-04
1.048327440384475e-06	1.416523e-03	0.000000e+00	6.847911e-04
1.048331727144478e-06	1.416514e-03	0.000000e+00	6.845384e-04
1.048340300664484e-06	1.416496e-03	0.000000e+00	6.839152e-04
1.048342444044485e-06	1.416492e-03	0.000000e+00	6.837195e-04
1.048346730804488e-06	1.416483e-03	0.000000e+00	6.832211e-04
1.048355304324494e-06	1.416465e-03	0.000000e+00	6.818909e-04
1.048372451364506e-06	1.416422e-03	0.000000e+00	6.784488e-04
1.048406745444530e-06	1.416286e-03	0.000000e+00	6.728641e-04
1.048459738577628e-06	1.415992e-03	0.000000e+00	6.729869e-04
1.048543928532514e-06	1.415556e-03	0.000000e+00	6.830276e-04
1.048634302201107e-06	1.415294e-03	0.000000e+00	6.878319e-04
1.048815049538292e-06	1.414960e-03	0.000000e+00	6.851518e-04
1.049547579611898e-06	1.413460e-03	0.000000e+00	6.851133e-04
1.050391325509407e-06	1.411756e-03	0.000000e+00	6.838694e-04
1.052078817304425e-06	1.408326e-03	0.000000e+00	6.826692e-04
1.055453800894461e-06	1.401426e-03	0.000000e+00	6.795131e-04
1.059711184593628e-06	1.392560e-03	0.000000e+00	6.755262e-04
1.063867154289998e-06	1.383677e-03	0.000000e+00	6.715099e-04
1.067757714803134e-06	1.375518e-03	0.000000e+00	6.687283e-04
1.070226174914427e-06	1.371316e-03	0.000000e+00	6.688961e-04
1.072499637291735e-06	1.368433e-03	0.000000e+00	6.678562e-04
1.074170730860015e-06	1.365427e-03	0.000000e+00	6.630218e-04
1.076065653589692e-06	1.358981e-03	0.000000e+00	6.540524e-04
1.078196003305681e-06	1.347693e-03	0.000000e+00	6.416403e-04
1.079755179719405e-06	1.337415e-03	0.000000e+00	6.373537e-04
1.080725865868793e-06	1.331175e-03	0.000000e+00	6.367976e-04
1.081438528116500e-06	1.326304e-03	0.000000e+00	6.241576e-04
1.081927225516920e-06	1.321416e-03	0.000000e+00	6.109984e-04
1.082366833625859e-06	1.315758e-03	0.000000e+00	6.055260e-04
1.082836118651035e-06	1.309407e-03	0.000000e+00	6.025928e-04
1.083498367534328e-06	1.300246e-03	0.000000e+00	5.971596e-04
1.084583946040290e-06	1.284589e-03	0.000000e+00	5.878019e-04
1.085707850003408e-06	1.267707e-03	0.000000e+00	5.786694e-04
1.086788436330191e-06	1.251027e-03	0.000000e+00	5.704238e-04
1.087787132948428e-06	1.235384e-03	0.000000e+00	5.631227e-04
1.088815623984763e-06	1.219146e-03	0.000000e+00	5.557549e-04
1.089838915606428e-06	1.202877e-03	0.000000e+00	5.482052e-04
1.090884592368507e-06	1.186021e-03	0.000000e+00	5.398048e-04
1.091912137011023e-06	1.168933e-03	0.000000e+00	5.299988e-04
1.092950027435386e-06	1.150577e-03	0.000000e+00	5.173364e-04
1.093977331494567e-06	1.130359e-03	0.000000e+00	5.000294e-04
1.095014224201539e-06	1.106235e-03	0.000000e+00	4.743218e-04
1.096043838890947e-06	1.075461e-03	0.000000e+00	4.324173e-04
1.097079637310546e-06	1.031186e-03	0.000000e+00	3.564692e-04
1.098110047099495e-06	9.629398e-04	0.000000e+00	2.288671e-04
1.099144890287194e-06	8.566374e-04	0.000000e+00	4.154123e-05
1.100176032230765e-06	6.994866e-04	0.000000e+00	-2.098934e-04
1.101210314453458e-06	4.749555e-04	0.000000e+00	-5.467313e-04
1.102241963695900e-06	1.776723e-04	0.000000e+00	-1.016135e-03
1.102706732680817e-06	8.007939e-06	0.000000e+00	-1.326506e-03
1.102956408852886e-06	-1.020445e-04	0.000000e+00	-1.525014e-03
1.103197609392500e-06	-2.208457e-04	0.000000e+00	-1.698860e-03
1.103384795653942e-06	-3.188589e-04	0.000000e+00	-1.806958e-03
1.103567535738599e-06	-4.185708e-04	0.000000e+00	-1.896502e-03
1.103848435165028e-06	-5.776047e-04	0.000000e+00	-2.026595e-03
1.104349387276702e-06	-8.742327e-04	0.000000e+00	-2.255179e-03
1.105039713676684e-06	-1.315000e-03	0.000000e+00	-2.611341e-03
1.106177691078669e-06	-2.142791e-03	0.000000e+00	-3.425873e-03
1.107270224344714e-06	-3.195254e-03	0.000000e+00	-5.000086e-03
1.108444462130961e-06	-5.107106e-03	0.000000e+00	-1.111964e-02
1.109117565979155e-06	-8.477399e-03	0.000000e+00	-4.071997e-02
1.109555185465245e-06	-1.449908e-02	0.000000e+00	-1.072794e-01
1.109713670109941e-06	-1.902014e-02	0.000000e+00	-1.537500e-01
1.109801427322062e-06	-2.286955e-02	0.000000e+00	-1.850701e-01
1.109885376005573e-06	-2.763193e-02	0.000000e+00	-2.140701e-01
1.110053273372596e-06	-3.973320e-02	0.000000e+00	-2.695020e-01
1.110356562982482e-06	-6.898045e-02	0.000000e+00	-3.622867e-01
1.110963142202253e-06	-1.487275e-01	0.000000e+00	-5.254784e-01
1.111897668274040e-06	-3.090666e-01	0.000000e+00	-7.299438e-01
1.113162150662728e-06	-5.695274e-01	0.000000e+00	-9.265710e-01
1.114809557720605e-06	-9.304566e-01	0.000000e+00	-1.064881e+00
1.116925350574516e-06	-1.348338e+00	0.000000e+00	-1.089479e+00
1.119444124972197e-06	-1.692320e+00	0.000000e+00	-9.565514e-01
1.122238186525031e-06	-1.840498e+00	0.000000e+00	-6.773940e-01
1.124333693733549e-06	-1.763840e+00	0.000000e+00	-4.091881e-01
1.126666409768815e-06	-1.512434e+00	0.000000e+00	-8.242524e-02
1.127666409768815e-06	-1.360010e+00	0.000000e+00	5.930746e-02
1.128000000000000e-06	-1.299642e+00	0.000000e+00	1.060299e-01
1.128332819537630e-06	-1.234476e+00	0.000000e+00	1.516834e-01
1.129000000000000e-06	-1.098533e+00	0.000000e+00	2.417972e-01
1.129142857142857e-06	-1.067764e+00	4.712322e-01	2.605969e-01
1.129285714285714e-06	-1.036596e+00	9.424644e-01	2.792010e-01
1.129428571428571e-06	-1.005031e+00	1.413697e+00	2.976095e-01
1.129571428571428e-06	-9.730680e-01	1.884929e+00	3.158223e-01
1.129714285714286e-06	-9.407068e-01	2.356161e+00	3.338394e-01
1.129857142857143e-06	-9.079476e-01	2.827393e+00	3.516609e-01
1.130000000000000e-06	-8.747903e-01	3.298625e+00	3.692867e-01
1.130329383988406e-06	-7.967795e-01	3.298625e+00	4.087796e-01
1.130669393266761e-06	-7.413654e-01	3.298625e+00	4.477037e-01
1.131349411823471e-06	-6.615536e-01	3.298625e+00	5.202100e-01
1.132272050334003e-06	-4.668631e-01	3.298625e+00	6.071101e-01
1.133217998465004e-06	-1.915093e-01	3.298625e+00	6.792727e-01
1.134220043891160e-06	1.321921e-01	3.298625e+00	7.254497e-01
1.136224134743473e-06	8.137579e-01	3.298625e+00	7.513878e-01
1.137052016258996e-06	1.095577e+00	3.298625e+00	7.361374e-01
1.137546739081529e-06	1.260187e+00	3.298625e+00	7.154424e-01
1.137745915714466e-06	1.324709e+00	3.298625e+00	7.055971e-01
1.137887949046381e-06	1.369915e+00	3.298625e+00	6.982767e-01
1.137975276065128e-06	1.397442e+00	3.298625e+00	6.937910e-01
1.138021801836681e-06	1.412008e+00	3.298625e+00	6.913523e-01
1.138077797210787e-06	1.429455e+00	3.298625e+00	6.883353e-01
1.138116809944454e-06	1.441561e+00	3.298625e+00	6.862285e-01
1.138171110536345e-06	1.458334e+00	3.298625e+00	6.833094e-01
1.138231047175440e-06	1.476758e+00	3.298625e+00	6.800765e-01
1.138301802281741e-06	1.498382e+00	3.298625e+00	6.762150e-01
1.138383282036683e-06	1.523106e+00	3.298625e+00	6.717113e-01
1.138490503289610e-06	1.555368e+00	3.298625e+00	6.657209e-01
1.138605577214152e-06	1.589566e+00	3.298625e+00	6.591916e-01
1.139051545100845e-06	1.718650e+00	3.298625e+00	6.330560e-01
1.139370623765202e-06	1.806797e+00	3.298625e+00	6.134108e-01
1.139956562829453e-06	1.958310e+00	3.298625e+00	5.752684e-01
1.141128440957956e-06	2.227116e+00	3.298625e+00	4.932014e-01
1.142669699616300e-06	2.506376e+00	3.298625e+00	3.765305e-01
1.145055380307302e-06	2.824591e+00	3.298625e+00	1.862597e-01
1.145419263700631e-06	2.856665e+00	3.298625e+00	1.566691e-01
1.146147030487288e-06	2.897631e+00	3.298625e+00	9.721812e-02
1.146328972183953e-06	2.906615e+00	3.298625e+00	8.242038e-02
1.146374457608119e-06	2.916719e+00	3.298625e+00	7.873344e-02
1.146465428456451e-06	2.978652e+00	3.298625e+00	7.135862e-02
1.146488171168534e-06	3.021859e+00	3.298625e+00	6.951138e-02
1.146493856846555e-06	3.042908e+00	3.298625e+00	6.904820e-02
1.146505228202597e-06	3.106627e+00	3.298625e+00	6.811893e-02
1.146527970914680e-06	3.299928e+00	3.298625e+00	6.624848e-02
1.146573456338846e-06	3.731463e+00	3.298625e+00	6.247061e-02
1.146664427187178e-06	4.265504e+00	3.298625e+00	5.485594e-02
1.146846368883842e-06	4.636803e+00	3.298625e+00	3.958880e-02
1.147108392453764e-06	4.863039e+00	3.298625e+00	1.770200e-02
1.147587593118583e-06	5.222289e+00	3.298625e+00	-2.170881e-02
1.147983885600034e-06	5.491869e+00	3.298625e+00	-5.166029e-02
1.148334804454855e-06	5.679238e+00	3.298625e+00	-7.077762e-02
1.148761876593289e-06	5.825474e+00	3.298625e+00	-8.218919e-02
1.149059239660489e-06	5.877344e+00	3.298625e+00	-8.435790e-02
1.149364351414455e-06	5.898760e+00	3.298625e+00	-8.442976e-02
1.149698398507698e-06	5.907442e+00	3.298625e+00	-8.499303e-02
1.150366319735822e-06	5.910128e+00	3.298625e+00	-8.870396e-02
1.151478195110392e-06	5.904186e+00	3.298625e+00	-9.923978e-02
1.152695961049264e-06	5.892444e+00	3.298625e+00	-1.122721e-01
1.153935048533709e-06	5.877493e+00	3.298625e+00	-1.231273e-01
1.155397674382528e-06	5.857707e+00	3.298625e+00	-1.308223e-01
1.156460650407019e-06	5.842867e+00	3.298625e+00	-1.324210e-01
1.157082671424981e-06	5.834164e+00	3.298625e+00	-1.314876e-01
1.157389227074035e-06	5.827260e+00	3.298625e+00	-1.305948e-01
1.157555122335176e-06	5.818677e+00	3.298625e+00	-1.301545e-01
1.157715035461328e-06	5.807440e+00	3.298625e+00	-1.298459e-01
1.158056052261254e-06	5.793113e+00	3.298625e+00	-1.290578e-01
1.158398864698187e-06	5.788863e+00	3.298625e+00	-1.278174e-01
1.158860339621211e-06	5.787677e+00	3.298625e+00	-1.255731e-01
1.159384818679112e-06	5.789457e+00	3.298625e+00	-1.221560e-01
1.160107904959862e-06	5.795596e+00	3.298625e+00	-1.159507e-01
1.160924323050179e-06	5.804641e+00	3.298625e+00	-1.072178e-01
1.161509837427594e-06	5.809323e+00	3.298625e+00	-9.985691e-02
1.162163613654984e-06	5.812593e+00	3.298625e+00	-9.053739e-02
1.163204830922076e-06	5.818066e+00	3.298625e+00	-7.398381e-02
1.164433006040239e-06	5.825427e+00	3.298625e+00	-5.198357e-02
1.166441070724725e-06	5.842879e+00	3.298625e+00	-1.136258e-02
1.168698833524225e-06	5.904297e+00	3.298625e+00	3.860813e-02
1.169839764395269e-06	6.001769e+00	3.298625e+00	6.503509e-02
1.170462851950936e-06	6.097552e+00	3.298625e+00	7.960003e-02
1.170919234922926e-06	6.181366e+00	3.298625e+00	9.027800e-02
1.171470944627012e-06	6.285033e+00	3.298625e+00	1.032730e-01
1.172177844717345e-06	6.417676e+00	3.298625e+00	1.200505e-01
1.173075368973671e-06	6.583473e+00	3.298625e+00	1.415242e-01
1.174116554837744e-06	6.770067e+00	3.298625e+00	1.666390e-01
1.175623477764887e-06	7.028575e+00	3.298625e+00	2.032296e-01
1.177282691776927e-06	7.296028e+00	3.298625e+00	2.436579e-01
1.179886554326026e-06	7.685593e+00	3.298625e+00	3.071086e-01
1.182592307415105e-06	8.060005e+00	3.298625e+00	3.727704e-01
1.185671767262733e-06	8.448920e+00	3.298625e+00	4.468550e-01
1.189199005615775e-06	8.850973e+00	3.298625e+00	5.307136e-01
1.192378418010814e-06	9.175633e+00	3.298625e+00	6.052769e-01
1.195481254420734e-06	9.459776e+00	3.298625e+00	6.770195e-01
1.198325117522257e-06	9.694837e+00	3.298625e+00	7.418736e-01
1.201110708649219e-06	9.903738e+00	3.298625e+00	8.045606e-01
1.203655656247996e-06	1.007796e+01	3.298625e+00	8.611159e-01
1.206050386432382e-06	1.022839e+01	3.298625e+00	9.137014e-01
1.208272628983257e-06	1.035709e+01	3.298625e+00	9.619475e-01
1.210532748042188e-06	1.047764e+01	3.298625e+00	1.010450e+00
1.213230675053973e-06	1.060909e+01	3.298625e+00	1.067605e+00
1.216654995728967e-06	1.075861e+01	3.298625e+00	1.139009e+00
1.221226320022800e-06	1.093186e+01	3.298625e+00	1.232377e+00
1.227389005779369e-06	1.112492e+01	3.298625e+00	1.354725e+00
1.236209703948190e-06	1.133656e+01	3.298625e+00	1.522822e+00
1.249536743874111e-06	1.155148e+01	3.298625e+00	1.760874e+00
1.272940940682209e-06	1.175576e+01	3.298625e+00	2.136116e+00
1.312940940682209e-06	1.189781e+01	3.298625e+00	2.686389e+00
1.352940940682209e-06	1.193515e+01	3.298625e+00	3.137675e+00
1.392940940682209e-06	1.193528e+01	3.298625e+00	3.493720e+00
1.432940940682209e-06	1.192987e+01	3.298625e+00	3.770812e+00
1.472940940682209e-06	1.192463e+01	3.298625e+00	3.983226e+00
1.512940940682209e-06	1.192042e+01	3.298625e+00	4.143168e+00
1.552940940682209e-06	1.191721e+01	3.298625e+00	4.260793e+00
1.592940940682209e-06	1.191484e+01	3.298625e+00	4.344271e+00
1.632940940682209e-06	1.191316e+01	3.298625e+00	4.399925e+00
1.672940940682209e-06	1.191203e+01	3.298625e+00	4.432415e+00
1.712940940682209e-06	1.191138e+01	3.298625e+00	4.444968e+00
1.752940940682209e-06	1.191113e+01	3.298625e+00	4.439634e+00
1.792940940682209e-06	1.191124e+01	3.298625e+00	4.417585e+00
1.832940940682209e-06	1.191168e+01	3.298625e+00	4.379402e+00
1.872940940682209e-06	1.191245e+01	3.298625e+00	4.325345e+00
1.912940940682209e-06	1.191354e+01	3.298625e+00	4.255561e+00
1.952940940682209e-06	1.191495e+01	3.298625e+00	4.170229e+00
1.992940940682210e-06	1.191666e+01	3.298625e+00	4.069656e+00
2.032940940682210e-06	1.191868e+01	3.298625e+00	3.954331e+00
2.072940940682210e-06	1.192099e+01	3.298625e+00	3.824971e+00
2.112940940682210e-06	1.192358e+01	3.298625e+00	3.682547e+00
2.152940940682210e-06	1.192643e+01	3.298625e+00	3.528300e+00
2.192940940682210e-06	1.192952e+01	3.298625e+00	3.363745e+00
2.232940940682210e-06	1.193281e+01	3.298625e+00	3.190664e+00
2.272940940682210e-06	1.193627e+01	3.298625e+00	3.011086e+00
2.312940940682210e-06	1.193985e+01	3.298625e+00	2.827256e+00
2.352940940682210e-06	1.194352e+01	3.298625e+00	2.641604e+00
2.392940940682210e-06	1.194723e+01	3.298625e+00	2.456326e+00
2.419000000000000e-06	1.194964e+01	3.298625e+00	2.336543e+00
2.422000000000000e-06	1.194992e+01	3.298625e+00	2.322914e+00
2.426000000000000e-06	1.195029e+01	3.298625e+00	2.304827e+00
2.442999999999998e-06	1.195185e+01	3.298625e+00	2.228507e+00
2.458000000000000e-06	1.195322e+01	3.298625e+00	2.162186e+00
2.459000000000000e-06	1.195332e+01	3.298625e+00	2.157801e+00
2.459600000000000e-06	1.195336e+01	1.319450e+00	2.155174e+00
2.460000000000000e-06	1.195340e+01	0.000000e+00	2.153423e+00
2.460600000000000e-06	1.195345e+01	0.000000e+00	2.150798e+00
2.461240000000000e-06	1.195339e+01	0.000000e+00	2.148001e+00
2.462520000000000e-06	1.195307e+01	0.000000e+00	2.142416e+00
2.465080000000000e-06	1.195274e+01	0.000000e+00	2.131273e+00
2.474824931003430e-06	1.195220e+01	0.000000e+00	2.089122e+00
2.475922341564193e-06	1.195195e+01	0.000000e+00	2.084409e+00
2.476196694204384e-06	1.194782e+01	0.000000e+00	2.083232e+00
2.476265282364431e-06	1.193736e+01	0.000000e+00	2.082939e+00
2.476282429404443e-06	1.191318e+01	0.000000e+00	2.082868e+00
2.476316723484467e-06	1.179216e+01	0.000000e+00	2.082732e+00
2.476325297004473e-06	1.173258e+01	0.000000e+00	2.082702e+00
2.476327440384475e-06	1.170914e+01	0.000000e+00	2.082695e+00
2.476331727144477e-06	1.164869e+01	0.000000e+00	2.082682e+00
2.476340300664483e-06	1.150516e+01	0.000000e+00	2.082659e+00
2.476342444044485e-06	1.146232e+01	0.000000e+00	2.082654e+00
2.476346730804488e-06	1.135931e+01	0.000000e+00	2.082646e+00
2.476355304324494e-06	1.111678e+01	0.000000e+00	2.082633e+00
2.476372451364506e-06	1.062841e+01	0.000000e+00	2.082611e+00
2.476406745444530e-06	9.971712e+00	0.000000e+00	2.082542e+00
2.476459741742894e-06	9.592036e+00	0.000000e+00	2.082379e+00
2.476543936137011e-06	9.473404e+00	0.000000e+00	2.082056e+00
2.476634314574293e-06	9.429528e+00	0.000000e+00	2.081683e+00
2.476815071448856e-06	9.352354e+00	0.000000e+00	2.080923e+00
2.477547360349571e-06	9.048334e+00	0.000000e+00	2.077832e+00
2.478390591011749e-06	8.713114e+00	0.000000e+00	2.074270e+00
2.480077052336106e-06	8.088303e+00	0.000000e+00	2.067161e+00
2.483449974984821e-06	6.971564e+00	0.000000e+00	2.052943e+00
2.487706819772903e-06	5.762457e+00	0.000000e+00	2.034877e+00
2.491863065851325e-06	4.790747e+00	0.000000e+00	2.016778e+00
2.495756125882824e-06	4.081393e+00	0.000000e+00	1.998599e+00
2.498225113970030e-06	3.805396e+00	0.000000e+00	1.984850e+00
2.500501321888713e-06	3.721315e+00	0.000000e+00	1.968939e+00
2.502174281967753e-06	3.718858e+00	0.000000e+00	1.954891e+00
2.504069941814432e-06	3.720407e+00	0.000000e+00	1.936605e+00
2.506198921821528e-06	3.717519e+00	0.000000e+00	1.913512e+00
2.507757547999595e-06	3.706373e+00	0.000000e+00	1.894071e+00
2.508727809945107e-06	3.691650e+00	0.000000e+00	1.879543e+00
2.509440419521471e-06	3.691873e+00	0.000000e+00	1.867782e+00
2.509929001973092e-06	3.703026e+00	0.000000e+00	1.859893e+00
2.510368720002456e-06	3.709142e+00	0.000000e+00	1.852907e+00
2.510838080278760e-06	3.706721e+00	0.000000e+00	1.845317e+00
2.511499975142225e-06	3.700317e+00	0.000000e+00	1.833931e+00
2.512587630639611e-06	3.690035e+00	0.000000e+00	1.813148e+00
2.513710394927309e-06	3.677509e+00	0.000000e+00	1.788972e+00
2.514791691518125e-06	3.662851e+00	0.000000e+00	1.762224e+00
2.515789593364556e-06	3.647217e+00	0.000000e+00	1.733496e+00
2.516818759496986e-06	3.628872e+00	0.000000e+00	1.698699e+00
2.517841550551762e-06	3.608234e+00	0.000000e+00	1.657679e+00
2.518887681129034e-06	3.584315e+00	0.000000e+00	1.607467e+00
2.519914843657663e-06	3.557454e+00	0.000000e+00	1.548094e+00
2.520953048803187e-06	3.525915e+00	0.000000e+00	1.475613e+00
2.521980089971514e-06	3.488785e+00	0.000000e+00	1.389005e+00
2.523017207864584e-06	3.442526e+00	0.000000e+00	1.283710e+00
2.524046636070383e-06	3.382324e+00	0.000000e+00	1.159085e+00
2.525082591827259e-06	3.296712e+00	0.000000e+00	1.012745e+00
2.526112869779614e-06	3.173939e+00	0.000000e+00	8.485956e-01
2.527147824090932e-06	3.006583e+00	0.000000e+00	6.693257e-01
2.528178873158923e-06	2.798748e+00	0.000000e+00	4.819663e-01
2.529213233673151e-06	2.555528e+00	0.000000e+00	2.930929e-01
2.530244817338703e-06	2.288378e+00	0.000000e+00	1.131411e-01
2.530711990566067e-06	2.160862e+00	0.000000e+00	3.999940e-02
2.530907983348291e-06	2.106103e+00	0.000000e+00	1.371507e-02
2.531133139035280e-06	2.042917e+00	0.000000e+00	-1.286703e-02
2.531341980953516e-06	1.984367e+00	0.000000e+00	-3.569801e-02
2.531546908780631e-06	1.927096e+00	0.000000e+00	-5.695451e-02
2.531829207992846e-06	1.848634e+00	0.000000e+00	-8.540389e-02
2.532288654596215e-06	1.721960e+00	0.000000e+00	-1.314340e-01
2.532941660188672e-06	1.543863e+00	0.000000e+00	-1.978174e-01
2.533996854310076e-06	1.259405e+00	0.000000e+00	-3.074178e-01
2.535138558594684e-06	9.547178e-01	0.000000e+00	-4.273535e-01
2.536245831959466e-06	6.614875e-01	0.000000e+00	-5.428248e-01
2.536921917110955e-06	4.834650e-01	0.000000e+00	-6.115362e-01
2.537438048609264e-06	3.481573e-01	0.000000e+00	-6.623778e-01
2.537631586245402e-06	2.975863e-01	0.000000e+00	-6.809068e-01
2.537767081191356e-06	2.622709e-01	0.000000e+00	-6.935733e-01
2.537901827544433e-06	2.272181e-01	0.000000e+00	-7.059309e-01
2.538053458723626e-06	1.878801e-01	0.000000e+00	-7.194585e-01
2.538356721082011e-06	1.096549e-01	0.000000e+00	-7.450444e-01
2.538939711888482e-06	-3.881621e-02	0.000000e+00	-7.889047e-01
2.539762341633571e-06	-2.416434e-01	0.000000e+00	-8.364589e-01
2.541059629335828e-06	-5.393757e-01	0.000000e+00	-8.758492e-01
2.542610136253450e-06	-8.419545e-01	0.000000e+00	-8.634356e-01
2.544758866140860e-06	-1.138407e+00	0.000000e+00	-7.508355e-01
2.547195992405109e-06	-1.277921e+00	0.000000e+00	-5.220390e-01
2.550022495542507e-06	-1.188051e+00	0.000000e+00	-1.705097e-01
2.552130114804171e-06	-9.379988e-01	0.000000e+00	1.242986e-01
2.554611428530865e-06	-4.807019e-01	0.000000e+00	4.813313e-01
2.555358908247988e-06	-3.108295e-01	0.000000e+00	5.853508e-01
2.556505040565754e-06	-1.937411e-02	0.000000e+00	7.371352e-01
2.557030243394526e-06	1.192788e-01	0.000000e+00	8.036997e-01
2.557312515076769e-06	1.960295e-01	0.000000e+00	8.372720e-01
2.557635111285047e-06	2.842895e-01	0.000000e+00	8.743196e-01
2.558000000000000e-06	3.844429e-01	0.000000e+00	9.151437e-01
2.558142857142857e-06	4.238351e-01	0.000000e+00	9.304194e-01
2.558285714285714e-06	4.631569e-01	0.000000e+00	9.453433e-01
2.558428571428571e-06	5.024084e-01	0.000000e+00	9.599154e-01
2.558571428571428e-06	5.415896e-01	0.000000e+00	9.741358e-01
2.558714285714286e-06	5.807003e-01	0.000000e+00	9.880044e-01
2.558857142857143e-06	6.197408e-01	0.000000e+00	1.001521e+00
2.559000000000000e-06	6.587108e-01	0.000000e+00	1.014686e+00
2.559387266140085e-06	7.631443e-01	0.000000e+00	1.047758e+00
2.559787024736302e-06	8.684068e-01	0.000000e+00	1.077463e+00
2.560586541928735e-06	1.069414e+00	0.000000e+00	1.123642e+00
2.561739709524664e-06	1.334325e+00	0.000000e+00	1.159907e+00
2.562893888876703e-06	1.553129e+00	0.000000e+00	1.144359e+00
2.564504804963174e-06	1.774236e+00	0.000000e+00	9.660262e-01
2.565191014456916e-06	1.802164e+00	0.000000e+00	4.356446e-01
2.565606584386730e-06	1.752369e+00	0.000000e+00	-1.167998e-01
2.565773060168775e-06	1.711386e+00	0.000000e+00	-6.116405e-03
2.565893392253254e-06	1.682632e+00	0.000000e+00	1.379220e-01
2.565958428985432e-06	1.670738e+00	0.000000e+00	-7.437876e-04
2.566000361010870e-06	1.662221e+00	0.000000e+00	-9.066498e-02
2.566049293612142e-06	1.650220e+00	0.000000e+00	-5.171711e-02
2.566088327555862e-06	1.640673e+00	0.000000e+00	1.156507e-02
2.566143355291496e-06	1.628409e+00	0.000000e+00	5.117870e-02
2.566194855103916e-06	1.617702e+00	0.000000e+00	3.459843e-02
2.566256640365255e-06	1.604831e+00	0.000000e+00	6.093123e-03
2.566330564865610e-06	1.589059e+00	0.000000e+00	3.835056e-03
2.566447906357895e-06	1.564240e+00	0.000000e+00	1.687989e-02
2.566557251113725e-06	1.541702e+00	0.000000e+00	1.623809e-02
2.566752200575559e-06	1.502286e+00	0.000000e+00	1.229566e-02
2.566932833528018e-06	1.466713e+00	0.000000e+00	1.347228e-02
2.567294099432935e-06	1.398319e+00	0.000000e+00	1.209916e-02
2.567722458646713e-06	1.321148e+00	0.000000e+00	1.141671e-02
2.568270101976247e-06	1.229219e+00	0.000000e+00	1.079938e-02
2.569087203120480e-06	1.104301e+00	0.000000e+00	9.478313e-03
2.570160402947936e-06	9.603284e-01	0.000000e+00	8.354802e-03
2.571785158338168e-06	7.799869e-01	0.000000e+00	6.566164e-03
2.574263632457758e-06	5.520841e-01	0.000000e+00	3.628516e-03
2.574639141437774e-06	5.229419e-01	0.000000e+00	3.813808e-03
2.574733018682779e-06	5.164537e-01	0.000000e+00	3.970474e-03
2.574920773172787e-06	5.037852e-01	0.000000e+00	3.975082e-03
2.575296282152803e-06	4.794247e-01	0.000000e+00	3.713540e-03
2.575870431541029e-06	4.441851e-01	0.000000e+00	3.346315e-03
2.576421787832330e-06	4.124736e-01	0.000000e+00	2.995595e-03
2.576884202138203e-06	3.875726e-01	0.000000e+00	2.670591e-03
2.577273319300260e-06	3.678070e-01	0.000000e+00	2.317857e-03
2.577635091061477e-06	3.503400e-01	0.000000e+00	1.983337e-03
2.577972614998801e-06	3.347877e-01	0.000000e+00	1.764246e-03
2.578312940424252e-06	3.198199e-01	0.000000e+00	1.622457e-03
2.578682969169392e-06	3.044282e-01	0.000000e+00	1.519208e-03
2.579322138244214e-06	2.800143e-01	0.000000e+00	1.368046e-03
2.580600476393860e-06	2.364313e-01	0.000000e+00	1.085516e-03
2.581792955256561e-06	2.008261e-01	0.000000e+00	8.404402e-04
2.582666700816991e-06	1.781348e-01	0.000000e+00	6.815625e-04
2.583408454580459e-06	1.609624e-01	0.000000e+00	5.593023e-04
2.583954325716056e-06	1.494092e-01	0.000000e+00	4.795132e-04
2.584436357393441e-06	1.399574e-01	0.000000e+00	4.139632e-04
2.584927204583505e-06	1.310045e-01	0.000000e+00	3.515561e-04
2.585576210934392e-06	1.199237e-01	0.000000e+00	2.765953e-04
2.585919254700492e-06	1.143902e-01	0.000000e+00	2.404199e-04
2.586116144095917e-06	1.113515e-01	0.000000e+00	2.230898e-04
2.586219551890101e-06	1.097929e-01	0.000000e+00	2.086426e-04
2.586274674014309e-06	1.089730e-01	0.000000e+00	2.020672e-04
2.586312165060314e-06	1.084195e-01	0.000000e+00	2.023665e-04
2.586388813754895e-06	1.072984e-01	0.000000e+00	2.061514e-04
2.586457353981350e-06	1.063061e-01	0.000000e+00	2.045571e-04
2.586528296028047e-06	1.052893e-01	0.000000e+00	1.986851e-04
2.586647440283922e-06	1.036083e-01	0.000000e+00	1.860856e-04
2.586857675392777e-06	1.007213e-01	0.000000e+00	1.646929e-04
2.587278145610487e-06	9.517247e-02	0.000000e+00	1.232862e-04
2.587730782750070e-06	8.950880e-02	0.000000e+00	8.125023e-05
2.588255259171843e-06	8.340164e-02	0.000000e+00	3.683401e-05
2.589033612004863e-06	7.505772e-02	0.000000e+00	-2.246733e-05
2.589772523195589e-06	6.779573e-02	0.000000e+00	-7.043897e-05
2.590326935906152e-06	6.282759e-02	0.000000e+00	-9.918691e-05
2.590997267293223e-06	5.739673e-02	0.000000e+00	-1.266216e-04
2.592065136021620e-06	4.972142e-02	0.000000e+00	-1.591416e-04
2.593420950232832e-06	4.151363e-02	0.000000e+00	-1.819723e-04
2.595674700760741e-06	3.063241e-02	0.000000e+00	-1.865002e-04
2.597903330301443e-06	2.215476e-02	0.000000e+00	-1.621523e-04
2.598988379946605e-06	1.886049e-02	0.000000e+00	-1.408044e-04
2.599608438319403e-06	1.725614e-02	0.000000e+00	-1.282912e-04
2.599970038534392e-06	1.640067e-02	0.000000e+00	-1.219516e-04
2.600425275486589e-06	1.540701e-02	0.000000e+00	-1.137631e-04
2.601335749390981e-06	1.358797e-02	0.000000e+00	-9.681644e-05
2.602198805227672e-06	1.204898e-02	0.000000e+00	-8.059810e-05
2.603304031555861e-06	1.035707e-02	0.000000e+00	-5.962582e-05
2.604886854227944e-06	8.332252e-03	0.000000e+00	-3.005223e-05
2.606586304713963e-06	6.594980e-03	0.000000e+00	4.695048e-07
2.608761710499434e-06	4.900053e-03	0.000000e+00	3.687351e-05
2.611095238281016e-06	3.571215e-03	0.000000e+00	7.217588e-05
2.613878304454200e-06	2.480893e-03	0.000000e+00	1.091715e-04
2.617132606631043e-06	1.644594e-03	0.000000e+00	1.465860e-04
2.620342903363718e-06	1.128303e-03	0.000000e+00	1.785089e-04
2.623287126852290e-06	8.411085e-04	0.000000e+00	2.042544e-04
2.625977863729277e-06	6.803459e-04	0.000000e+00	2.255264e-04
2.628036270379512e-06	6.033844e-04	0.000000e+00	2.405837e-04
2.629882754089358e-06	5.600463e-04	0.000000e+00	2.533062e-04
2.631730188816715e-06	5.332159e-04	0.000000e+00	2.654492e-04
2.633511943830367e-06	5.194516e-04	0.000000e+00	2.766514e-04
2.635872293664554e-06	5.139891e-04	0.000000e+00	2.908930e-04
2.638340296566076e-06	5.188690e-04	0.000000e+00	3.051715e-04
2.641275901458166e-06	5.344990e-04	0.000000e+00	3.214689e-04
2.644175819812367e-06	5.565317e-04	0.000000e+00	3.369607e-04
2.647005043508154e-06	5.823077e-04	0.000000e+00	3.514835e-04
2.650597396718723e-06	6.182733e-04	0.000000e+00	3.690943e-04
2.656329839030150e-06	6.778389e-04	0.000000e+00	3.956750e-04
2.664997846733557e-06	7.659746e-04	0.000000e+00	4.326865e-04
2.679005445291735e-06	8.948382e-04	0.000000e+00	4.849345e-04
2.701749245717347e-06	1.060352e-03	0.000000e+00	5.502754e-04
2.741749245717347e-06	1.247007e-03	0.000000e+00	6.203206e-04
2.781749245717347e-06	1.314763e-03	0.000000e+00	6.399305e-04
2.821749245717347e-06	1.268579e-03	0.000000e+00	6.123247e-04
2.861749245717347e-06	1.139693e-03	0.000000e+00	5.514533e-04
2.901749245717347e-06	9.598313e-04	0.000000e+00	4.706255e-04
2.941749245717347e-06	7.565146e-04	0.000000e+00	3.816790e-04
2.981749245717347e-06	5.540161e-04	0.000000e+00	2.948488e-04
3.021749245717347e-06	3.720516e-04	0.000000e+00	2.182136e-04
3.061749245717347e-06	2.249635e-04	0.000000e+00	1.576101e-04
3.101749245717347e-06	1.222683e-04	0.000000e+00	1.168547e-04
3.141749245717347e-06	6.865073e-05	0.000000e+00	9.757788e-05
3.181749245717347e-06	6.363034e-05	0.000000e+00	9.918476e-05
3.221749245717347e-06	1.022003e-04	0.000000e+00	1.191881e-04
3.261749245717347e-06	1.765367e-04	0.000000e+00	1.540677e-04
3.301749245717347e-06	2.783443e-04	0.000000e+00	2.002577e-04
3.341749245717347e-06	4.001354e-04	0.000000e+00	2.546032e-04
3.381749245717348e-06	5.354480e-04	0.000000e+00	3.144412e-04
3.421749245717348e-06	6.788075e-04	0.000000e+00	3.774475e-04
3.461749245717348e-06	8.249577e-04	0.000000e+00	4.412778e-04
3.501749245717348e-06	9.684621e-04	0.000000e+00	5.035924e-04
3.541749245717348e-06	1.104183e-03	0.000000e+00	5.622061e-04
3.581749245717348e-06	1.227418e-03	0.000000e+00	6.151017e-04
3.621749245717348e-06	1.333955e-03	0.000000e+00	6.604897e-04
3.661749245717348e-06	1.420236e-03	0.000000e+00	6.968609e-04
3.701749245717348e-06	1.483421e-03	0.000000e+00	7.230213e-04
3.741749245717348e-06	1.521443e-03	0.000000e+00	7.381078e-04
3.781749245717348e-06	1.532998e-03	0.000000e+00	7.415875e-04
3.821749245717348e-06	1.519823e-03	0.000000e+00	7.342497e-04
3.847999999999999e-06	1.499206e-03	0.000000e+00	7.241266e-04
3.851000000000000e-06	1.495675e-03	0.000000e+00	7.225572e-04
3.863000000000001e-06	1.479532e-03	0.000000e+00	7.150377e-04
3.866428571428572e-06	1.474666e-03	0.000000e+00	7.127799e-04
3.869857142857144e-06	1.469588e-03	0.000000e+00	7.104292e-04
3.873285714285715e-06	1.464298e-03	0.000000e+00	7.079859e-04
3.876714285714286e-06	1.458797e-03	0.000000e+00	7.054499e-04
3.880142857142857e-06	1.453084e-03	0.000000e+00	7.028211e-04
3.883571428571429e-06	1.447160e-03	0.000000e+00	7.000996e-04
3.887000000000000e-06	1.441024e-03	0.000000e+00	6.972855e-04
3.888000000000000e-06	1.439209e-03	0.000000e+00	6.960491e-04
3.888600000000000e-06	1.438109e-03	0.000000e+00	6.959357e-04
3.889000000000000e-06	1.437371e-03	0.000000e+00	6.957347e-04
3.889600000000000e-06	1.436262e-03	0.000000e+00	6.951062e-04
3.890240000000000e-06	1.435070e-03	0.000000e+00	6.945535e-04
3.891520000000000e-06	1.432661e-03	0.000000e+00	6.934543e-04
3.894080000000001e-06	1.427753e-03	0.000000e+00	6.912106e-04
3.903824931003430e-06	1.408280e-03	0.000000e+00	6.823257e-04
3.904922341564194e-06	1.405990e-03	0.000000e+00	6.812834e-04
3.905196694204384e-06	1.405414e-03	0.000000e+00	6.810062e-04
3.905265282364431e-06	1.405270e-03	0.000000e+00	6.808942e-04
3.905282429404443e-06	1.405234e-03	0.000000e+00	6.807723e-04
3.905316723484468e-06	1.405162e-03	0.000000e+00	6.802030e-04
3.905325297004473e-06	1.405144e-03	0.000000e+00	6.799267e-04
3.905327440384474e-06	1.405139e-03	0.000000e+00	6.798257e-04
3.905331727144478e-06	1.405130e-03	0.000000e+00	6.795730e-04
3.905340300664484e-06	1.405113e-03	0.000000e+00	6.789499e-04
3.905342444044485e-06	1.405108e-03	0.000000e+00	6.787543e-04
3.905346730804488e-06	1.405100e-03	0.000000e+00	6.782560e-04
3.905355304324494e-06	1.405082e-03	0.000000e+00	6.769261e-04
3.905372451364506e-06	1.405038e-03	0.000000e+00	6.734848e-04
3.905406745444530e-06	1.404903e-03	0.000000e+00	6.679018e-04
3.905459741259597e-06	1.404608e-03	0.000000e+00	6.680252e-04
3.905543934523477e-06	1.404173e-03	0.000000e+00	6.780631e-04
3.905634311831202e-06	1.403911e-03	0.000000e+00	6.828660e-04
3.905815066446652e-06	1.403578e-03	0.000000e+00	6.801869e-04
3.906547115749986e-06	1.402080e-03	0.000000e+00	6.801503e-04
3.907389861969829e-06	1.400381e-03	0.000000e+00	6.789085e-04
3.909075354409515e-06	1.396961e-03	0.000000e+00	6.777127e-04
3.912446339288887e-06	1.390079e-03	0.000000e+00	6.745652e-04
3.916702677004009e-06	1.381231e-03	0.000000e+00	6.705861e-04
3.920859182922853e-06	1.372361e-03	0.000000e+00	6.665743e-04
3.924754591777261e-06	1.364202e-03	0.000000e+00	6.637858e-04
3.927224127696323e-06	1.360001e-03	0.000000e+00	6.639455e-04
3.929502494776916e-06	1.357108e-03	0.000000e+00	6.628946e-04
3.931176974981180e-06	1.354088e-03	0.000000e+00	6.580364e-04
3.933073229470588e-06	1.347619e-03	0.000000e+00	6.490370e-04
3.935201098418925e-06	1.336313e-03	0.000000e+00	6.366106e-04
3.936759091680553e-06	1.326015e-03	0.000000e+00	6.323028e-04
3.937728916035335e-06	1.319761e-03	0.000000e+00	6.317343e-04
3.938441521078032e-06	1.314875e-03	0.000000e+00	6.190917e-04
3.938929956238174e-06	1.309979e-03	0.000000e+00	6.059276e-04
3.939369839427049e-06	1.304307e-03	0.000000e+00	6.004297e-04
3.939839311064662e-06	1.297940e-03	0.000000e+00	5.974789e-04
3.940500710501561e-06	1.288770e-03	0.000000e+00	5.920372e-04
3.941590427565421e-06	1.273014e-03	0.000000e+00	5.826115e-04
3.942712040523552e-06	1.256121e-03	0.000000e+00	5.734573e-04
3.943794090741323e-06	1.239366e-03	0.000000e+00	5.651502e-04
3.944791183222597e-06	1.223690e-03	0.000000e+00	5.578004e-04
3.945821035840095e-06	1.207357e-03	0.000000e+00	5.503428e-04
3.946843311207657e-06	1.191015e-03	0.000000e+00	5.426974e-04
3.947889907371996e-06	1.174028e-03	0.000000e+00	5.341521e-04
3.948916679627708e-06	1.156807e-03	0.000000e+00	5.241768e-04
3.949955207540624e-06	1.138251e-03	0.000000e+00	5.112707e-04
3.950981979241848e-06	1.117799e-03	0.000000e+00	4.936604e-04
3.952019327741905e-06	1.093339e-03	0.000000e+00	4.675072e-04
3.953048564944136e-06	1.062136e-03	0.000000e+00	4.249760e-04
3.954084681958946e-06	1.017234e-03	0.000000e+00	3.481041e-04
3.955114824877481e-06	9.481834e-04	0.000000e+00	2.194744e-04
3.956149893037478e-06	8.407900e-04	0.000000e+00	3.082533e-05
3.957180846958666e-06	6.822805e-04	0.000000e+00	-2.224082e-04
3.958215287687392e-06	4.557566e-04	0.000000e+00	-5.625482e-04
3.959246804176878e-06	1.557137e-04	0.000000e+00	-1.036519e-03
3.959714516744549e-06	-1.502532e-05	0.000000e+00	-1.344130e-03
3.959896360719309e-06	-9.417103e-05	0.000000e+00	-1.482252e-03
3.960114543050732e-06	-1.993824e-04	0.000000e+00	-1.639282e-03
3.960328723152447e-06	-3.091589e-04	0.000000e+00	-1.775174e-03
3.960539267409922e-06	-4.226039e-04	0.000000e+00	-1.887583e-03
3.960820796891544e-06	-5.810040e-04	0.000000e+00	-2.023071e-03
3.961271252741829e-06	-8.464888e-04	0.000000e+00	-2.233629e-03
3.961913760848283e-06	-1.252647e-03	0.000000e+00	-2.561587e-03
3.962946375771579e-06	-1.990683e-03	0.000000e+00	-3.267035e-03
3.964101880385480e-06	-3.040157e-03	0.000000e+00	-4.720962e-03
3.965191106835460e-06	-4.554029e-03	0.000000e+00	-8.673627e-03
3.965865386307368e-06	-6.970124e-03	0.000000e+00	-2.520607e-02
3.966380873384293e-06	-1.174632e-02	0.000000e+00	-7.659591e-02
3.966574924977789e-06	-1.593683e-02	0.000000e+00	-1.255951e-01
3.966711878706222e-06	-2.122325e-02	0.000000e+00	-1.736670e-01
3.966848384037973e-06	-2.864656e-02	0.000000e+00	-2.208806e-01
3.966996828146142e-06	-3.928664e-02	0.000000e+00	-2.698096e-01
3.967293716362480e-06	-6.780664e-02	0.000000e+00	-3.606745e-01
3.967863952071482e-06	-1.410713e-01	0.000000e+00	-5.159274e-01
3.968671214175981e-06	-2.764739e-01	0.000000e+00	-6.969739e-01
3.969959309518799e-06	-5.381947e-01	0.000000e+00	-9.082865e-01
3.971504848587407e-06	-8.767574e-01	0.000000e+00	-1.053118e+00
3.973634865028942e-06	-1.308653e+00	0.000000e+00	-1.096099e+00
3.976065288729241e-06	-1.662922e+00	0.000000e+00	-9.852498e-01
3.978895240104052e-06	-1.843435e+00	0.000000e+00	-7.154617e-01
3.981049548225103e-06	-1.784378e+00	0.000000e+00	-4.451552e-01
3.983546494082110e-06	-1.531042e+00	0.000000e+00	-9.759133e-02
3.984546494082110e-06	-1.381965e+00	0.000000e+00	4.383222e-02
3.985000000000000e-06	-1.301094e+00	0.000000e+00	1.074242e-01
3.985278964492661e-06	-1.246924e+00	0.000000e+00	1.457326e-01
3.985650917149542e-06	-1.171662e+00	0.000000e+00	1.959921e-01
3.986000000000000e-06	-1.099198e+00	0.000000e+00	2.425824e-01
3.986142857142857e-06	-1.068397e+00	4.712322e-01	2.613009e-01
3.986285714285713e-06	-1.037204e+00	9.424644e-01	2.798188e-01
3.986428571428571e-06	-1.005619e+00	1.413697e+00	2.981361e-01
3.986571428571428e-06	-9.736403e-01	1.884929e+00	3.162528e-01
3.986714285714285e-06	-9.412696e-01	2.356161e+00	3.341688e-01
3.986857142857142e-06	-9.085064e-01	2.827393e+00	3.518843e-01
3.986999999999999e-06	-8.753507e-01	3.298625e+00	3.693991e-01
3.987067943935687e-06	-8.594355e-01	3.298625e+00	3.776279e-01
3.987135887871375e-06	-8.434313e-01	3.298625e+00	3.857839e-01
3.987203831807063e-06	-8.273380e-01	3.298625e+00	3.938672e-01
3.987271775742751e-06	-8.111557e-01	3.298625e+00	4.018776e-01
3.987339719678439e-06	-7.948843e-01	3.298625e+00	4.098152e-01
3.987407663614127e-06	-7.785239e-01	3.298625e+00	4.176801e-01
3.987475607549815e-06	-7.620745e-01	3.298625e+00	4.254721e-01
3.987966557278656e-06	-6.623441e-01	3.298625e+00	4.791758e-01
3.988948456736340e-06	-4.782371e-01	3.298625e+00	5.746102e-01
3.990145640363363e-06	-1.688012e-01	3.298625e+00	6.665327e-01
3.991543299737998e-06	2.785845e-01	3.298625e+00	7.328667e-01
3.992885552217016e-06	7.338133e-01	3.298625e+00	7.509056e-01
3.993899553359338e-06	1.079608e+00	3.298625e+00	7.332737e-01
3.994385242150520e-06	1.241434e+00	3.298625e+00	7.149720e-01
3.994592373648199e-06	1.308623e+00	3.298625e+00	7.052495e-01
3.994757988841138e-06	1.361411e+00	3.298625e+00	6.970674e-01
3.994862401726630e-06	1.394341e+00	3.298625e+00	6.918674e-01
3.994922181902938e-06	1.413046e+00	3.298625e+00	6.888285e-01
3.994991107361477e-06	1.434484e+00	3.298625e+00	6.852562e-01
3.995051128811898e-06	1.453055e+00	3.298625e+00	6.821412e-01
3.995115730511393e-06	1.472932e+00	3.298625e+00	6.787778e-01
3.995190657901913e-06	1.495847e+00	3.298625e+00	6.748324e-01
3.995273454662165e-06	1.520987e+00	3.298625e+00	6.704149e-01
3.995386499359400e-06	1.555019e+00	3.298625e+00	6.643128e-01
3.995507203335929e-06	1.590902e+00	3.298625e+00	6.576880e-01
3.995748611288986e-06	1.661490e+00	3.298625e+00	6.441463e-01
3.995989554794235e-06	1.730353e+00	3.298625e+00	6.302550e-01
3.996332350056932e-06	1.824815e+00	3.298625e+00	6.097047e-01
3.996932944613770e-06	1.979514e+00	3.298625e+00	5.715239e-01
3.998134133727447e-06	2.245036e+00	3.298625e+00	4.882566e-01
4.000536511954803e-06	2.683788e+00	3.298625e+00	3.095400e-01
4.000922382605442e-06	2.738218e+00	3.298625e+00	2.794140e-01
4.001694123906722e-06	2.822277e+00	3.298625e+00	2.174479e-01
4.002272929882680e-06	2.869765e+00	3.298625e+00	1.707482e-01
4.003044671183960e-06	2.918172e+00	3.298625e+00	1.085814e-01
4.003237606509281e-06	2.927694e+00	3.298625e+00	9.309660e-02
4.003285840340610e-06	2.929925e+00	3.298625e+00	8.923788e-02
4.003382308003271e-06	3.061983e+00	3.298625e+00	8.149652e-02
4.003575243328590e-06	3.619400e+00	3.298625e+00	6.584758e-02
4.003961113979229e-06	4.521859e+00	3.298625e+00	3.425107e-02
4.004461782872845e-06	5.103229e+00	3.298625e+00	-6.365873e-03
4.005030623800735e-06	5.491525e+00	3.298625e+00	-4.835239e-02
4.005458597433086e-06	5.712029e+00	3.298625e+00	-7.012000e-02
4.005900291684766e-06	5.846292e+00	3.298625e+00	-7.981888e-02
4.006194043889804e-06	5.887526e+00	3.298625e+00	-8.137116e-02
4.006490844520706e-06	5.902829e+00	3.298625e+00	-8.162235e-02
4.006887806441795e-06	5.909512e+00	3.298625e+00	-8.256315e-02
4.007681730283976e-06	5.909723e+00	3.298625e+00	-8.754767e-02
4.008699790699585e-06	5.902852e+00	3.298625e+00	-9.742677e-02
4.009960606640070e-06	5.889994e+00	3.298625e+00	-1.102351e-01
4.011194086708816e-06	5.874829e+00	3.298625e+00	-1.200206e-01
4.012443796726627e-06	5.857832e+00	3.298625e+00	-1.256759e-01
4.013495117038376e-06	5.843195e+00	3.298625e+00	-1.267607e-01
4.014096662292307e-06	5.834650e+00	3.298625e+00	-1.257341e-01
4.014396017058612e-06	5.827438e+00	3.298625e+00	-1.248255e-01
4.014559599494908e-06	5.818613e+00	3.298625e+00	-1.243651e-01
4.014717351842144e-06	5.807571e+00	3.298625e+00	-1.240514e-01
4.015059843923658e-06	5.793887e+00	3.298625e+00	-1.232808e-01
4.015404350598705e-06	5.789897e+00	3.298625e+00	-1.220094e-01
4.015860188218644e-06	5.788885e+00	3.298625e+00	-1.197743e-01
4.016389146298945e-06	5.790703e+00	3.298625e+00	-1.163189e-01
4.017078907959377e-06	5.796581e+00	3.298625e+00	-1.104588e-01
4.017812470870683e-06	5.804939e+00	3.298625e+00	-1.027417e-01
4.018380569580132e-06	5.809730e+00	3.298625e+00	-9.574730e-02
4.019008376109298e-06	5.812975e+00	3.298625e+00	-8.701857e-02
4.019966304485129e-06	5.817918e+00	3.298625e+00	-7.217548e-02
4.021157451262507e-06	5.824843e+00	3.298625e+00	-5.140506e-02
4.023041108920576e-06	5.838036e+00	3.298625e+00	-1.419654e-02
4.025379946043821e-06	5.885730e+00	3.298625e+00	3.669365e-02
4.026584439086558e-06	5.970147e+00	3.298625e+00	6.433439e-02
4.027202802545306e-06	6.056243e+00	3.298625e+00	7.873239e-02
4.027830936369667e-06	6.168210e+00	3.298625e+00	9.335604e-02
4.028357080099207e-06	6.266546e+00	3.298625e+00	1.056710e-01
4.028950550726918e-06	6.378021e+00	3.298625e+00	1.196713e-01
4.029903588795391e-06	6.554674e+00	3.298625e+00	1.423369e-01
4.030942011279887e-06	6.741628e+00	3.298625e+00	1.672430e-01
4.032500098349659e-06	7.010222e+00	3.298625e+00	2.048841e-01
4.034126549737363e-06	7.274733e+00	3.298625e+00	2.443342e-01
4.036274091475388e-06	7.600615e+00	3.298625e+00	2.964692e-01
4.038494535671807e-06	7.914804e+00	3.298625e+00	3.502201e-01
4.041210536824743e-06	8.271593e+00	3.298625e+00	4.155447e-01
4.044236794208850e-06	8.635897e+00	3.298625e+00	4.876361e-01
4.047317092710420e-06	8.971410e+00	3.298625e+00	5.601475e-01
4.050296042282804e-06	9.263699e+00	3.298625e+00	6.293455e-01
4.053444111131319e-06	9.542223e+00	3.298625e+00	7.014760e-01
4.056295223134751e-06	9.770277e+00	3.298625e+00	7.659149e-01
4.059052271759435e-06	9.970408e+00	3.298625e+00	8.274050e-01
4.061533633804458e-06	1.013495e+01	3.298625e+00	8.820577e-01
4.063927765892924e-06	1.028067e+01	3.298625e+00	9.341643e-01
4.066206046943718e-06	1.040830e+01	3.298625e+00	9.831745e-01
4.068696869158444e-06	1.053607e+01	3.298625e+00	1.036092e+00
4.071807406850185e-06	1.068028e+01	3.298625e+00	1.101223e+00
4.075834266941998e-06	1.084478e+01	3.298625e+00	1.184003e+00
4.081225973406476e-06	1.103116e+01	3.298625e+00	1.292142e+00
4.088693628766102e-06	1.123659e+01	3.298625e+00	1.436834e+00
4.099643393374891e-06	1.145353e+01	3.298625e+00	1.638307e+00
4.117197583945315e-06	1.166167e+01	3.298625e+00	1.933779e+00
4.152305965086163e-06	1.185440e+01	3.298625e+00	2.450844e+00
4.192305965086163e-06	1.192726e+01	3.298625e+00	2.943455e+00
4.232305965086163e-06	1.193678e+01	3.298625e+00	3.337489e+00
4.272305965086164e-06	1.193255e+01	3.298625e+00	3.646064e+00
4.312305965086163e-06	1.192705e+01	3.298625e+00	3.884307e+00
4.352305965086163e-06	1.192239e+01	3.298625e+00	4.065294e+00
4.392305965086163e-06	1.191878e+01	3.298625e+00	4.200029e+00
4.432305965086164e-06	1.191606e+01	3.298625e+00	4.297501e+00
4.472305965086163e-06	1.191410e+01	3.298625e+00	4.364790e+00
4.512305965086163e-06	1.191274e+01	3.298625e+00	4.407228e+00
4.552305965086164e-06	1.191189e+01	3.298625e+00	4.428610e+00
4.592305965086164e-06	1.191145e+01	3.298625e+00	4.431443e+00
4.632305965086164e-06	1.191140e+01	3.298625e+00	4.417225e+00
4.672305965086163e-06	1.191169e+01	3.298625e+00	4.386741e+00
4.712305965086164e-06	1.191230e+01	3.298625e+00	4.340348e+00
4.752305965086164e-06	1.191324e+01	3.298625e+00	4.278212e+00
4.792305965086164e-06	1.191449e+01	3.298625e+00	4.200473e+00
4.832305965086163e-06	1.191605e+01	3.298625e+00	4.107368e+00
4.872305965086164e-06	1.191792e+01	3.298625e+00	3.999294e+00
4.912305965086164e-06	1.192009e+01	3.298625e+00	3.876861e+00
4.952305965086164e-06	1.192254e+01	3.298625e+00	3.740923e+00
4.992305965086164e-06	1.192527e+01	3.298625e+00	3.592596e+00
5.032305965086164e-06	1.192823e+01	3.298625e+00	3.433271e+00
5.072305965086164e-06	1.193142e+01	3.298625e+00	3.264612e+00
5.112305965086164e-06	1.193479e+01	3.298625e+00	3.088536e+00
5.152305965086164e-06	1.193831e+01	3.298625e+00	2.907192e+00
5.192305965086164e-06	1.194193e+01	3.298625e+00	2.722931e+00
5.232305965086165e-06	1.194560e+01	3.298625e+00	2.538257e+00
5.272305965086164e-06	1.194929e+01	3.298625e+00	2.354655e+00
5.276000000000000e-06	1.194964e+01	3.298625e+00	2.337864e+00
5.283388069827670e-06	1.195031e+01	3.298625e+00	2.304620e+00
5.301164209483011e-06	1.195194e+01	3.298625e+00	2.225181e+00
5.316000000000000e-06	1.195329e+01	3.298625e+00	2.159969e+00
5.317000000000000e-06	1.195337e+01	0.000000e+00	2.155611e+00
5.317600000000000e-06	1.195343e+01	0.000000e+00	2.152999e+00
5.318240000000000e-06	1.195336e+01	0.000000e+00	2.150215e+00
5.319520000000000e-06	1.195304e+01	0.000000e+00	2.144656e+00
5.322080000000000e-06	1.195271e+01	0.000000e+00	2.133566e+00
5.331824931003430e-06	1.195217e+01	0.000000e+00	2.091615e+00
5.332922341564192e-06	1.195193e+01	0.000000e+00	2.086925e+00
5.333196694204384e-06	1.194780e+01	0.000000e+00	2.085753e+00
5.333265282364431e-06	1.193734e+01	0.000000e+00	2.085461e+00
5.333282429404443e-06	1.191315e+01	0.000000e+00	2.085391e+00
5.333316723484466e-06	1.179214e+01	0.000000e+00	2.085256e+00
5.333325297004473e-06	1.173256e+01	0.000000e+00	2.085225e+00
5.333327440384475e-06	1.170911e+01	0.000000e+00	2.085218e+00
5.333331727144477e-06	1.164867e+01	0.000000e+00	2.085206e+00
5.333340300664483e-06	1.150514e+01	0.000000e+00	2.085183e+00
5.333342444044485e-06	1.146230e+01	0.000000e+00	2.085178e+00
5.333346730804488e-06	1.135928e+01	0.000000e+00	2.085170e+00
5.333355304324493e-06	1.111676e+01	0.000000e+00	2.085157e+00
5.333372451364505e-06	1.062839e+01	0.000000e+00	2.085135e+00
5.333406745444530e-06	9.971686e+00	0.000000e+00	2.085068e+00
5.333459741618809e-06	9.592009e+00	0.000000e+00	2.084905e+00
5.333543936387810e-06	9.473376e+00	0.000000e+00	2.084584e+00
5.333634315133499e-06	9.429500e+00	0.000000e+00	2.084213e+00
5.333815072624880e-06	9.352325e+00	0.000000e+00	2.083456e+00
5.334547752187820e-06	9.048148e+00	0.000000e+00	2.080379e+00
5.335391783773197e-06	8.712628e+00	0.000000e+00	2.076831e+00
5.337079846943951e-06	8.087296e+00	0.000000e+00	2.069748e+00
5.340455973285457e-06	6.969711e+00	0.000000e+00	2.055585e+00
5.344713655625682e-06	5.760692e+00	0.000000e+00	2.037600e+00
5.348869472062751e-06	4.789415e+00	0.000000e+00	2.019584e+00
5.352758554898390e-06	4.081206e+00	0.000000e+00	2.001495e+00
5.355226769084146e-06	3.805598e+00	0.000000e+00	1.987793e+00
5.357498628069352e-06	3.721842e+00	0.000000e+00	1.971952e+00
5.359168538263607e-06	3.719413e+00	0.000000e+00	1.957962e+00
5.361063061737999e-06	3.720961e+00	0.000000e+00	1.939724e+00
5.363194590555242e-06	3.718083e+00	0.000000e+00	1.916646e+00
5.364752331303696e-06	3.706962e+00	0.000000e+00	1.897246e+00
5.365722456325126e-06	3.692263e+00	0.000000e+00	1.882739e+00
5.366435487498126e-06	3.692478e+00	0.000000e+00	1.870982e+00
5.366923842747324e-06	3.703609e+00	0.000000e+00	1.863107e+00
5.367364062465666e-06	3.709728e+00	0.000000e+00	1.856122e+00
5.367833778848449e-06	3.707308e+00	0.000000e+00	1.848535e+00
5.368494523414029e-06	3.700920e+00	0.000000e+00	1.837181e+00
5.369583214550347e-06	3.690646e+00	0.000000e+00	1.816398e+00
5.370705232538384e-06	3.678146e+00	0.000000e+00	1.792257e+00
5.371787225680488e-06	3.663499e+00	0.000000e+00	1.765509e+00
5.372784578442196e-06	3.647896e+00	0.000000e+00	1.736811e+00
5.373814202828788e-06	3.629568e+00	0.000000e+00	1.702012e+00
5.374836604542000e-06	3.608968e+00	0.000000e+00	1.661016e+00
5.375883070656003e-06	3.585080e+00	0.000000e+00	1.610789e+00
5.376909960201008e-06	3.558272e+00	0.000000e+00	1.551425e+00
5.377948398075137e-06	3.526786e+00	0.000000e+00	1.478908e+00
5.378975245074460e-06	3.489748e+00	0.000000e+00	1.392277e+00
5.380012527157667e-06	3.443615e+00	0.000000e+00	1.286889e+00
5.381041818644142e-06	3.383659e+00	0.000000e+00	1.162140e+00
5.382077890117733e-06	3.298439e+00	0.000000e+00	1.015525e+00
5.383108071476263e-06	3.176137e+00	0.000000e+00	8.509811e-01
5.384143107249962e-06	3.009092e+00	0.000000e+00	6.711118e-01
5.385174088157530e-06	2.801338e+00	0.000000e+00	4.829446e-01
5.386208506099397e-06	2.557841e+00	0.000000e+00	2.927563e-01
5.387240041681477e-06	2.290085e+00	0.000000e+00	1.106656e-01
5.387701916747805e-06	2.163519e+00	0.000000e+00	3.788231e-02
5.387959065446005e-06	2.091362e+00	0.000000e+00	4.377049e-03
5.388223718514473e-06	2.016869e+00	0.000000e+00	-2.483194e-02
5.388382119621881e-06	1.972399e+00	0.000000e+00	-4.104698e-02
5.388541683076185e-06	1.927789e+00	0.000000e+00	-5.691412e-02
5.388789080240505e-06	1.859038e+00	0.000000e+00	-8.127932e-02
5.389283874569145e-06	1.722751e+00	0.000000e+00	-1.302695e-01
5.390016810376527e-06	1.523224e+00	0.000000e+00	-2.045027e-01
5.391129017130765e-06	1.224073e+00	0.000000e+00	-3.201512e-01
5.392239442264413e-06	9.283554e-01	0.000000e+00	-4.369893e-01
5.393378984333361e-06	6.270879e-01	0.000000e+00	-5.557830e-01
5.394049581836542e-06	4.507284e-01	0.000000e+00	-6.237909e-01
5.394487018742084e-06	3.361600e-01	0.000000e+00	-6.667461e-01
5.394644802499343e-06	2.949543e-01	0.000000e+00	-6.818268e-01
5.394734727893764e-06	2.715160e-01	0.000000e+00	-6.902542e-01
5.394821082894412e-06	2.490434e-01	0.000000e+00	-6.982169e-01
5.394993792895709e-06	2.042022e-01	0.000000e+00	-7.137623e-01
5.395281573991848e-06	1.298811e-01	0.000000e+00	-7.383356e-01
5.395857136184127e-06	-1.682532e-02	0.000000e+00	-7.820173e-01
5.396756273473842e-06	-2.388513e-01	0.000000e+00	-8.346025e-01
5.398003284162240e-06	-5.250605e-01	0.000000e+00	-8.726005e-01
5.399615069885691e-06	-8.397079e-01	0.000000e+00	-8.594210e-01
5.401704371492546e-06	-1.127572e+00	0.000000e+00	-7.497051e-01
5.404190029244540e-06	-1.268835e+00	0.000000e+00	-5.156704e-01
5.406993104217220e-06	-1.179808e+00	0.000000e+00	-1.672242e-01
5.409076708135839e-06	-9.327665e-01	0.000000e+00	1.241177e-01
5.411545455163241e-06	-4.778402e-01	0.000000e+00	4.787514e-01
5.412384083348425e-06	-2.879089e-01	0.000000e+00	5.954766e-01
5.413322743629631e-06	-5.000958e-02	0.000000e+00	7.196029e-01
5.413999999999999e-06	1.292961e-01	0.000000e+00	8.033635e-01
5.415000000000000e-06	4.003110e-01	0.000000e+00	9.194278e-01
5.415142857142857e-06	4.395623e-01	0.000000e+00	9.345368e-01
5.415285714285714e-06	4.787312e-01	0.000000e+00	9.492889e-01
5.415428571428572e-06	5.178176e-01	0.000000e+00	9.636842e-01
5.415571428571428e-06	5.568217e-01	0.000000e+00	9.777225e-01
5.415714285714286e-06	5.957433e-01	0.000000e+00	9.914040e-01
5.415857142857143e-06	6.345825e-01	0.000000e+00	1.004729e+00
5.416000000000000e-06	6.733393e-01	0.000000e+00	1.017696e+00
5.416069696189032e-06	6.921688e-01	0.000000e+00	1.023841e+00
5.416139392378063e-06	7.109309e-01	0.000000e+00	1.029855e+00
5.416209088567095e-06	7.296256e-01	0.000000e+00	1.035739e+00
5.416278784756127e-06	7.482531e-01	0.000000e+00	1.041492e+00
5.416348480945159e-06	7.668131e-01	0.000000e+00	1.047115e+00
5.416418177134190e-06	7.853059e-01	0.000000e+00	1.052608e+00
5.416487873323222e-06	8.037313e-01	0.000000e+00	1.057971e+00
5.416991484495579e-06	9.337089e-01	0.000000e+00	1.092166e+00
5.417998706840296e-06	1.175707e+00	0.000000e+00	1.137661e+00
5.419468524199076e-06	1.477103e+00	0.000000e+00	1.145110e+00
5.421120658004160e-06	1.737196e+00	0.000000e+00	1.057009e+00
5.421915323127670e-06	1.798255e+00	0.000000e+00	6.001481e-01
5.422365583747303e-06	1.768668e+00	0.000000e+00	8.186813e-03
5.422545502765665e-06	1.731909e+00	0.000000e+00	-2.223254e-02
5.422720700644145e-06	1.690951e+00	0.000000e+00	6.052003e-02
5.422815665346898e-06	1.671155e+00	0.000000e+00	-4.058322e-02
5.422871299057123e-06	1.658581e+00	0.000000e+00	-5.749928e-02
5.422936097039846e-06	1.642987e+00	0.000000e+00	2.432051e-02
5.422986428369741e-06	1.631820e+00	0.000000e+00	5.172683e-02
5.423045416575576e-06	1.619583e+00	0.000000e+00	2.703918e-02
5.423107901905578e-06	1.606452e+00	0.000000e+00	3.389332e-03
5.423183645025732e-06	1.590195e+00	0.000000e+00	6.562096e-03
5.423281746929327e-06	1.569421e+00	0.000000e+00	1.736264e-02
5.423394130307746e-06	1.546205e+00	0.000000e+00	1.527180e-02
5.423565671967362e-06	1.511357e+00	0.000000e+00	1.221091e-02
5.423746668506743e-06	1.475527e+00	0.000000e+00	1.356813e-02
5.424108661585507e-06	1.406689e+00	0.000000e+00	1.221666e-02
5.424583637443508e-06	1.320976e+00	0.000000e+00	1.147136e-02
5.425169665800868e-06	1.223013e+00	0.000000e+00	1.074203e-02
5.426086595949250e-06	1.084802e+00	0.000000e+00	9.352309e-03
5.427289022812120e-06	9.278866e-01	0.000000e+00	8.070649e-03
5.429081639993880e-06	7.254691e-01	0.000000e+00	7.174695e-03
5.429424223073203e-06	6.918446e-01	0.000000e+00	6.675184e-03
5.430109389231850e-06	6.334744e-01	0.000000e+00	5.306170e-03
5.431479721549142e-06	5.264116e-01	0.000000e+00	4.381673e-03
5.431862329921077e-06	4.994693e-01	0.000000e+00	3.978642e-03
5.432015373269852e-06	4.894430e-01	0.000000e+00	3.868620e-03
5.432321459967399e-06	4.700497e-01	0.000000e+00	3.671952e-03
5.432834773819788e-06	4.390614e-01	0.000000e+00	3.350874e-03
5.433334248063786e-06	4.106113e-01	0.000000e+00	3.043104e-03
5.433773936156224e-06	3.870356e-01	0.000000e+00	2.748861e-03
5.434136912578300e-06	3.685974e-01	0.000000e+00	2.442437e-03
5.434466768368014e-06	3.526279e-01	0.000000e+00	2.126806e-03
5.434801623872680e-06	3.370982e-01	0.000000e+00	1.865047e-03
5.435091350906275e-06	3.242084e-01	0.000000e+00	1.718683e-03
5.435401431034484e-06	3.110386e-01	0.000000e+00	1.614800e-03
5.435868611689894e-06	2.924042e-01	0.000000e+00	1.495638e-03
5.436714018458142e-06	2.614906e-01	0.000000e+00	1.302928e-03
5.437745201363703e-06	2.280269e-01	0.000000e+00	1.083087e-03
5.439059858914686e-06	1.912025e-01	0.000000e+00	8.288710e-04
5.440316428234762e-06	1.612638e-01	0.000000e+00	6.184125e-04
5.441574885081500e-06	1.359071e-01	0.000000e+00	4.415261e-04
5.442712276734888e-06	1.160335e-01	0.000000e+00	3.060628e-04
5.443211504446582e-06	1.082194e-01	0.000000e+00	2.592237e-04
5.443491679393213e-06	1.041546e-01	0.000000e+00	2.402537e-04
5.443762621317482e-06	1.004012e-01	0.000000e+00	2.172757e-04
5.444076715880635e-06	9.621815e-02	0.000000e+00	1.845974e-04
5.444390066169216e-06	9.222844e-02	0.000000e+00	1.552463e-04
5.444844335641192e-06	8.675660e-02	0.000000e+00	1.148962e-04
5.445436627046525e-06	8.005024e-02	0.000000e+00	6.615197e-05
5.445937460571087e-06	7.478119e-02	0.000000e+00	2.820735e-05
5.446601100053829e-06	6.830009e-02	0.000000e+00	-1.560769e-05
5.447057680575835e-06	6.415851e-02	0.000000e+00	-4.059231e-05
5.447644995314834e-06	5.930554e-02	0.000000e+00	-6.714186e-05
5.448757356814360e-06	5.112123e-02	0.000000e+00	-1.053511e-04
5.450157143459749e-06	4.252685e-02	0.000000e+00	-1.341657e-04
5.452788123903522e-06	2.988018e-02	0.000000e+00	-1.473642e-04
5.455146597592797e-06	2.111953e-02	0.000000e+00	-1.284144e-04
5.456237485901555e-06	1.796502e-02	0.000000e+00	-1.106873e-04
5.456959746322735e-06	1.620134e-02	0.000000e+00	-9.869684e-05
5.457310997429413e-06	1.541957e-02	0.000000e+00	-9.354886e-05
5.457764853849515e-06	1.449059e-02	0.000000e+00	-8.660643e-05
5.458672566689719e-06	1.279537e-02	0.000000e+00	-7.194449e-05
5.459659589506757e-06	1.116129e-02	0.000000e+00	-5.573720e-05
5.460860315619964e-06	9.477687e-03	0.000000e+00	-3.570048e-05
5.462664388706132e-06	7.411004e-03	0.000000e+00	-5.833086e-06
5.464606886786346e-06	5.675051e-03	0.000000e+00	2.514843e-05
5.466931407052040e-06	4.135762e-03	0.000000e+00	5.987761e-05
5.469417752130992e-06	2.967240e-03	0.000000e+00	9.369286e-05
5.472447687377852e-06	2.006208e-03	0.000000e+00	1.304462e-04
5.475482438552825e-06	1.377359e-03	0.000000e+00	1.630380e-04
5.478271921117086e-06	1.011784e-03	0.000000e+00	1.897186e-04
5.480874338384655e-06	7.960758e-04	0.000000e+00	2.122565e-04
5.483245361758924e-06	6.701806e-04	0.000000e+00	2.311752e-04
5.485246903010668e-06	6.019039e-04	0.000000e+00	2.461319e-04
5.487107138117145e-06	5.617800e-04	0.000000e+00	2.592787e-04
5.488972300792709e-06	5.374302e-04	0.000000e+00	2.718784e-04
5.490689666182839e-06	5.261402e-04	0.000000e+00	2.829887e-04
5.492955270093523e-06	5.227349e-04	0.000000e+00	2.970408e-04
5.495209653489163e-06	5.281979e-04	0.000000e+00	3.104844e-04
5.497745400087645e-06	5.421991e-04	0.000000e+00	3.249900e-04
5.500424260831922e-06	5.627864e-04	0.000000e+00	3.397327e-04
5.503213432443676e-06	5.884202e-04	0.000000e+00	3.544560e-04
5.506778935080312e-06	6.246190e-04	0.000000e+00	3.723864e-04
5.512670168855244e-06	6.869253e-04	0.000000e+00	4.002542e-04
5.520943623932606e-06	7.724363e-04	0.000000e+00	4.361015e-04
5.534979181912871e-06	9.035148e-04	0.000000e+00	4.890360e-04
5.556481201019206e-06	1.061987e-03	0.000000e+00	5.514332e-04
5.596481201019205e-06	1.250878e-03	0.000000e+00	6.222315e-04
5.636481201019205e-06	1.320597e-03	0.000000e+00	6.425999e-04
5.676481201019205e-06	1.275117e-03	0.000000e+00	6.151971e-04
5.716481201019206e-06	1.145829e-03	0.000000e+00	5.540795e-04
5.756481201019205e-06	9.647111e-04	0.000000e+00	4.726394e-04
5.796481201019205e-06	7.594459e-04	0.000000e+00	3.827981e-04
5.836481201019205e-06	5.545184e-04	0.000000e+00	2.948797e-04
5.876481201019206e-06	3.698432e-04	0.000000e+00	2.170501e-04
5.916481201019206e-06	2.199649e-04	0.000000e+00	1.552332e-04
5.956481201019205e-06	1.146074e-04	0.000000e+00	1.133369e-04
5.996481201019206e-06	5.866060e-05	0.000000e+00	9.307933e-05
6.036481201019206e-06	5.180373e-05	0.000000e+00	9.392999e-05
6.076481201019206e-06	8.908705e-05	0.000000e+00	1.134152e-04
6.116481201019205e-06	1.626190e-04	0.000000e+00	1.479762e-04
6.156481201019206e-06	2.639823e-04	0.000000e+00	1.939928e-04
6.196481201019206e-06	3.855924e-04	0.000000e+00	2.482725e-04
6.236481201019206e-06	5.209463e-04	0.000000e+00	3.081422e-04
6.276481201019205e-06	6.645857e-04	0.000000e+00	3.712873e-04
6.316481201019206e-06	8.112751e-04	0.000000e+00	4.353677e-04
6.356481201019206e-06	9.555721e-04	0.000000e+00	4.980408e-04
6.396481201019206e-06	1.092325e-03	0.000000e+00	5.571159e-04
6.436481201019206e-06	1.216811e-03	0.000000e+00	6.105659e-04
6.476481201019206e-06	1.324786e-03	0.000000e+00	6.565881e-04
6.516481201019207e-06	1.412657e-03	0.000000e+00	6.936575e-04
6.556481201019206e-06	1.477545e-03	0.000000e+00	7.205633e-04
6.596481201019206e-06	1.517342e-03	0.000000e+00	7.364255e-04
6.636481201019206e-06	1.530708e-03	0.000000e+00	7.406949e-04
6.676481201019207e-06	1.518964e-03	0.000000e+00	7.339796e-04
6.704999999999999e-06	1.497308e-03	0.000000e+00	7.233551e-04
6.708000000000000e-06	1.493807e-03	0.000000e+00	7.217439e-04
6.712000000000000e-06	1.488697e-03	0.000000e+00	7.193536e-04
6.728999999999999e-06	1.464607e-03	0.000000e+00	7.082168e-04
6.731285714285713e-06	1.461005e-03	0.000000e+00	7.064959e-04
6.733571428571427e-06	1.457316e-03	0.000000e+00	7.047634e-04
6.735857142857142e-06	1.453540e-03	0.000000e+00	7.030193e-04
6.738142857142856e-06	1.449677e-03	0.000000e+00	7.012637e-04
6.740428571428571e-06	1.445728e-03	0.000000e+00	6.994964e-04
6.742714285714285e-06	1.441693e-03	0.000000e+00	6.977175e-04
6.745000000000000e-06	1.437570e-03	0.000000e+00	6.959271e-04
6.745999999999999e-06	1.435749e-03	0.000000e+00	6.949428e-04
6.746600000000000e-06	1.434642e-03	0.000000e+00	6.944102e-04
6.747240000000000e-06	1.433455e-03	0.000000e+00	6.938615e-04
6.748520000000000e-06	1.431054e-03	0.000000e+00	6.927659e-04
6.751080000000001e-06	1.426162e-03	0.000000e+00	6.905291e-04
6.760824931003430e-06	1.406752e-03	0.000000e+00	6.816828e-04
6.761922341564193e-06	1.404469e-03	0.000000e+00	6.806321e-04
6.762196694204383e-06	1.403895e-03	0.000000e+00	6.803561e-04
6.762265282364431e-06	1.403751e-03	0.000000e+00	6.802444e-04
6.762282429404443e-06	1.403715e-03	0.000000e+00	6.801225e-04
6.762316723484468e-06	1.403643e-03	0.000000e+00	6.795532e-04
6.762325297004473e-06	1.403626e-03	0.000000e+00	6.792769e-04
6.762327440384474e-06	1.403621e-03	0.000000e+00	6.791758e-04
6.762331727144478e-06	1.403612e-03	0.000000e+00	6.789232e-04
6.762340300664483e-06	1.403595e-03	0.000000e+00	6.783002e-04
6.762342444044485e-06	1.403590e-03	0.000000e+00	6.781045e-04
6.762346730804488e-06	1.403582e-03	0.000000e+00	6.776062e-04
6.762355304324494e-06	1.403564e-03	0.000000e+00	6.762763e-04
6.762372451364506e-06	1.403520e-03	0.000000e+00	6.728349e-04
6.762406745444530e-06	1.403385e-03	0.000000e+00	6.672517e-04
6.762459740499890e-06	1.403091e-03	0.000000e+00	6.673749e-04
6.762543933400754e-06	1.402656e-03	0.000000e+00	6.774136e-04
6.762634310201070e-06	1.402395e-03	0.000000e+00	6.822174e-04
6.762815063801701e-06	1.402063e-03	0.000000e+00	6.795398e-04
6.763547665988526e-06	1.400569e-03	0.000000e+00	6.795039e-04
6.764391548412840e-06	1.398873e-03	0.000000e+00	6.782637e-04
6.766079313261467e-06	1.395459e-03	0.000000e+00	6.770703e-04
6.769454842958723e-06	1.388590e-03	0.000000e+00	6.739280e-04
6.773712369390422e-06	1.379767e-03	0.000000e+00	6.699588e-04
6.777868265847014e-06	1.370924e-03	0.000000e+00	6.659593e-04
6.781758068583162e-06	1.362803e-03	0.000000e+00	6.631917e-04
6.784226467383899e-06	1.358621e-03	0.000000e+00	6.633609e-04
6.786498858025613e-06	1.355751e-03	0.000000e+00	6.623111e-04
6.788169159151261e-06	1.352747e-03	0.000000e+00	6.574652e-04
6.790063833954117e-06	1.346294e-03	0.000000e+00	6.484773e-04
6.792195066202102e-06	1.334983e-03	0.000000e+00	6.360331e-04
6.793752589174893e-06	1.324695e-03	0.000000e+00	6.317248e-04
6.794722572446268e-06	1.318442e-03	0.000000e+00	6.311572e-04
6.795435611297315e-06	1.313555e-03	0.000000e+00	6.185142e-04
6.795923912710127e-06	1.308662e-03	0.000000e+00	6.053504e-04
6.796364195973382e-06	1.302985e-03	0.000000e+00	5.998425e-04
6.796833953758170e-06	1.296614e-03	0.000000e+00	5.968917e-04
6.797494508216799e-06	1.287455e-03	0.000000e+00	5.914560e-04
6.798583806328132e-06	1.271705e-03	0.000000e+00	5.820306e-04
6.799705478947703e-06	1.254811e-03	0.000000e+00	5.728744e-04
6.800787708915615e-06	1.238052e-03	0.000000e+00	5.645653e-04
6.801784816841328e-06	1.222375e-03	0.000000e+00	5.572155e-04
6.802814648345673e-06	1.206042e-03	0.000000e+00	5.497595e-04
6.803836892344252e-06	1.189700e-03	0.000000e+00	5.421171e-04
6.804883500210505e-06	1.172714e-03	0.000000e+00	5.335775e-04
6.805910271404343e-06	1.155496e-03	0.000000e+00	5.236128e-04
6.806948807511608e-06	1.136948e-03	0.000000e+00	5.107280e-04
6.807975572511456e-06	1.116513e-03	0.000000e+00	4.931630e-04
6.809012924684684e-06	1.092090e-03	0.000000e+00	4.671190e-04
6.810042158095078e-06	1.060980e-03	0.000000e+00	4.248997e-04
6.811078278622431e-06	1.016286e-03	0.000000e+00	3.485758e-04
6.812108418923453e-06	9.475729e-04	0.000000e+00	2.204537e-04
6.813143489317053e-06	8.406213e-04	0.000000e+00	3.227113e-05
6.814174441290024e-06	6.827154e-04	0.000000e+00	-2.199098e-04
6.815208883625504e-06	4.573667e-04	0.000000e+00	-5.565454e-04
6.816240398780691e-06	1.598942e-04	0.000000e+00	-1.021088e-03
6.816701951976119e-06	-8.809504e-06	0.000000e+00	-1.342149e-03
6.816960606137230e-06	-1.244465e-04	0.000000e+00	-1.571333e-03
6.817225538719036e-06	-2.584407e-04	0.000000e+00	-1.771515e-03
6.817380524736747e-06	-3.416908e-04	0.000000e+00	-1.850594e-03
6.817542383384519e-06	-4.314855e-04	0.000000e+00	-1.923544e-03
6.817790528051421e-06	-5.733117e-04	0.000000e+00	-2.037977e-03
6.818286817385224e-06	-8.695966e-04	0.000000e+00	-2.262829e-03
6.819041776141867e-06	-1.355736e-03	0.000000e+00	-2.657955e-03
6.820161087434244e-06	-2.182141e-03	0.000000e+00	-3.487441e-03
6.821269386169820e-06	-3.279310e-03	0.000000e+00	-5.194797e-03
6.822412770686568e-06	-5.277312e-03	0.000000e+00	-1.213820e-02
6.823083518532414e-06	-8.941431e-03	0.000000e+00	-4.604836e-02
6.823493098209824e-06	-1.526177e-02	0.000000e+00	-1.161705e-01
6.823660317203196e-06	-2.055022e-02	0.000000e+00	-1.673300e-01
6.823748029141642e-06	-2.474788e-02	0.000000e+00	-1.984265e-01
6.823840684243671e-06	-3.044035e-02	0.000000e+00	-2.300924e-01
6.824025994447728e-06	-4.498340e-02	0.000000e+00	-2.903150e-01
6.824396614855844e-06	-8.433914e-02	0.000000e+00	-4.004666e-01
6.825137855672075e-06	-1.907990e-01	0.000000e+00	-5.906300e-01
6.826143855088574e-06	-3.757640e-01	0.000000e+00	-7.936605e-01
6.827553049890705e-06	-6.775896e-01	0.000000e+00	-9.841139e-01
6.829303316606779e-06	-1.058391e+00	0.000000e+00	-1.092923e+00
6.831617640886716e-06	-1.483975e+00	0.000000e+00	-1.071478e+00
6.834217872429385e-06	-1.776161e+00	0.000000e+00	-8.912717e-01
6.836999946312343e-06	-1.835819e+00	0.000000e+00	-5.813118e-01
6.839328882857585e-06	-1.696351e+00	0.000000e+00	-2.703466e-01
6.840484131798788e-06	-1.563085e+00	0.000000e+00	-1.064776e-01
6.840689502117593e-06	-1.532834e+00	0.000000e+00	-7.707687e-02
6.841100242755202e-06	-1.464821e+00	0.000000e+00	-1.877949e-02
6.841921724030421e-06	-1.315557e+00	0.000000e+00	9.552686e-02
6.843000000000000e-06	-1.104215e+00	0.000000e+00	2.422431e-01
6.843142857142857e-06	-1.073378e+00	4.712322e-01	2.609021e-01
6.843285714285714e-06	-1.042153e+00	9.424644e-01	2.793622e-01
6.843428571428572e-06	-1.010539e+00	1.413697e+00	2.976234e-01
6.843571428571428e-06	-9.785371e-01	1.884929e+00	3.156859e-01
6.843714285714285e-06	-9.461466e-01	2.356161e+00	3.335495e-01
6.843857142857143e-06	-9.133676e-01	2.827393e+00	3.512142e-01
6.844000000000000e-06	-8.802003e-01	3.298625e+00	3.686802e-01
6.844439732702885e-06	-7.755861e-01	3.298625e+00	4.204810e-01
6.844893650331668e-06	-6.871611e-01	3.298625e+00	4.704324e-01
6.845801485589238e-06	-5.307465e-01	3.298625e+00	5.602316e-01
6.846928827435654e-06	-2.526069e-01	3.298625e+00	6.515702e-01
6.848126048915072e-06	1.210687e-01	3.298625e+00	7.186527e-01
6.849271609883707e-06	5.051287e-01	3.298625e+00	7.495098e-01
6.850213752250626e-06	8.283673e-01	3.298625e+00	7.479874e-01
6.850843451709908e-06	1.042643e+00	3.298625e+00	7.326471e-01
6.851159463633368e-06	1.148083e+00	3.298625e+00	7.206621e-01
6.851312066827428e-06	1.198070e+00	3.298625e+00	7.139350e-01
6.851477153751117e-06	1.251498e+00	3.298625e+00	7.062817e-01
6.851547436870979e-06	1.274053e+00	3.298625e+00	7.029927e-01
6.851628131095412e-06	1.299760e+00	3.298625e+00	6.991764e-01
6.851708333210177e-06	1.325164e+00	3.298625e+00	6.953112e-01
6.851780284059515e-06	1.347817e+00	3.298625e+00	6.918033e-01
6.851863054510885e-06	1.373710e+00	3.298625e+00	6.877363e-01
6.851958538365113e-06	1.403368e+00	3.298625e+00	6.829865e-01
6.852067750883754e-06	1.436980e+00	3.298625e+00	6.774642e-01
6.852233443821258e-06	1.487405e+00	3.298625e+00	6.689379e-01
6.852405568423594e-06	1.538930e+00	3.298625e+00	6.598622e-01
6.852726505835075e-06	1.632361e+00	3.298625e+00	6.422868e-01
6.853300390446123e-06	1.792907e+00	3.298625e+00	6.093357e-01
6.853879763646331e-06	1.944602e+00	3.298625e+00	5.738629e-01
6.854880149737393e-06	2.180732e+00	3.298625e+00	5.078261e-01
6.856113641532674e-06	2.426303e+00	3.298625e+00	4.199064e-01
6.857884979754777e-06	2.715102e+00	3.298625e+00	2.863100e-01
6.858185059132184e-06	2.753809e+00	3.298625e+00	2.629067e-01
6.858785217886998e-06	2.811459e+00	3.298625e+00	2.152556e-01
6.859985535396627e-06	2.902912e+00	3.298625e+00	1.198042e-01
6.860236883117106e-06	2.917070e+00	3.298625e+00	9.986023e-02
6.860299720047225e-06	2.920749e+00	3.298625e+00	9.488893e-02
6.860425393907464e-06	3.181343e+00	3.298625e+00	8.487832e-02
6.860676741627943e-06	4.103187e+00	3.298625e+00	6.455681e-02
6.860997559645083e-06	4.769199e+00	3.298625e+00	3.840774e-02
6.861453815709193e-06	5.140963e+00	3.298625e+00	1.563943e-03
6.861942749144093e-06	5.477645e+00	3.298625e+00	-3.463231e-02
6.862354601895326e-06	5.696768e+00	3.298625e+00	-5.625912e-02
6.862788157682564e-06	5.838302e+00	3.298625e+00	-6.674188e-02
6.863087423148566e-06	5.885058e+00	3.298625e+00	-6.838023e-02
6.863392507703634e-06	5.903206e+00	3.298625e+00	-6.832151e-02
6.863750342554483e-06	5.910587e+00	3.298625e+00	-6.890179e-02
6.864466012256183e-06	5.911983e+00	3.298625e+00	-7.276335e-02
6.865538381551188e-06	5.905519e+00	3.298625e+00	-8.250275e-02
6.866773055925712e-06	5.893332e+00	3.298625e+00	-9.478644e-02
6.868011930134073e-06	5.878387e+00	3.298625e+00	-1.045873e-01
6.869307443931045e-06	5.861019e+00	3.298625e+00	-1.105408e-01
6.870375731988290e-06	5.846289e+00	3.298625e+00	-1.117180e-01
6.870986401999020e-06	5.837862e+00	3.298625e+00	-1.106999e-01
6.871290310401475e-06	5.831103e+00	3.298625e+00	-1.097802e-01
6.871454250533541e-06	5.822688e+00	3.298625e+00	-1.093317e-01
6.871612263799197e-06	5.811623e+00	3.298625e+00	-1.090124e-01
6.871949364213642e-06	5.797428e+00	3.298625e+00	-1.082236e-01
6.872288195107493e-06	5.793219e+00	3.298625e+00	-1.070054e-01
6.872754395317041e-06	5.792030e+00	3.298625e+00	-1.047506e-01
6.873276199712844e-06	5.793919e+00	3.298625e+00	-1.013416e-01
6.874084604129790e-06	5.800843e+00	3.298625e+00	-9.440061e-02
6.874829931877449e-06	5.808866e+00	3.298625e+00	-8.645613e-02
6.875387705658505e-06	5.813253e+00	3.298625e+00	-7.947460e-02
6.876071535397797e-06	5.816695e+00	3.298625e+00	-6.979951e-02
6.877164105072253e-06	5.822412e+00	3.298625e+00	-5.247303e-02
6.878558527456623e-06	5.830818e+00	3.298625e+00	-2.731719e-02
6.880885033652663e-06	5.858611e+00	3.298625e+00	2.011986e-02
6.882991150736085e-06	5.941143e+00	3.298625e+00	6.687101e-02
6.884069861943561e-06	6.054366e+00	3.298625e+00	9.176546e-02
6.884773762468635e-06	6.172612e+00	3.298625e+00	1.080899e-01
6.885176008753392e-06	6.248048e+00	3.298625e+00	1.174462e-01
6.885678691057988e-06	6.342379e+00	3.298625e+00	1.292370e-01
6.886684055667181e-06	6.529163e+00	3.298625e+00	1.530092e-01
6.887676941015311e-06	6.709159e+00	3.298625e+00	1.766764e-01
6.888931998110149e-06	6.927422e+00	3.298625e+00	2.068154e-01
6.890806773098660e-06	7.236015e+00	3.298625e+00	2.520656e-01
6.892772473526152e-06	7.536817e+00	3.298625e+00	2.995645e-01
6.895829685855454e-06	7.967004e+00	3.298625e+00	3.731863e-01
6.899306918136948e-06	8.415277e+00	3.298625e+00	4.562764e-01
6.902452673360401e-06	8.780352e+00	3.298625e+00	5.305678e-01
6.905785553047173e-06	9.126488e+00	3.298625e+00	6.082217e-01
6.908793630681265e-06	9.407091e+00	3.298625e+00	6.773357e-01
6.911847141032284e-06	9.663574e+00	3.298625e+00	7.465148e-01
6.914632031957727e-06	9.875305e+00	3.298625e+00	8.087538e-01
6.917372047118179e-06	1.006457e+01	3.298625e+00	8.691851e-01
6.919907464366735e-06	1.022440e+01	3.298625e+00	9.243960e-01
6.922460876747658e-06	1.037148e+01	3.298625e+00	9.793000e-01
6.925099005399594e-06	1.050977e+01	3.298625e+00	1.035272e+00
6.928379108186825e-06	1.066426e+01	3.298625e+00	1.103806e+00
6.932483096161745e-06	1.083380e+01	3.298625e+00	1.187933e+00
6.938023316184257e-06	1.102670e+01	3.298625e+00	1.298669e+00
6.945562854574274e-06	1.123479e+01	3.298625e+00	1.444157e+00
6.956720951583141e-06	1.145529e+01	3.298625e+00	1.648407e+00
6.974646043146258e-06	1.166612e+01	3.298625e+00	1.948256e+00
7.009797465083808e-06	1.185634e+01	3.298625e+00	2.462193e+00
7.049797465083807e-06	1.192756e+01	3.298625e+00	2.950743e+00
7.089797465083807e-06	1.193673e+01	3.298625e+00	3.341334e+00
7.129797465083807e-06	1.193249e+01	3.298625e+00	3.647103e+00
7.169797465083808e-06	1.192703e+01	3.298625e+00	3.883135e+00
7.209797465083808e-06	1.192242e+01	3.298625e+00	4.062451e+00
7.249797465083807e-06	1.191883e+01	3.298625e+00	4.195997e+00
7.289797465083808e-06	1.191614e+01	3.298625e+00	4.292699e+00
7.329797465083808e-06	1.191419e+01	3.298625e+00	4.359571e+00
7.369797465083808e-06	1.191284e+01	3.298625e+00	4.401880e+00
7.409797465083807e-06	1.191199e+01	3.298625e+00	4.423358e+00
7.449797465083808e-06	1.191156e+01	3.298625e+00	4.426452e+00
7.489797465083808e-06	1.191150e+01	3.298625e+00	4.412608e+00
7.529797465083808e-06	1.191178e+01	3.298625e+00	4.382567e+00
7.569797465083808e-06	1.191239e+01	3.298625e+00	4.336652e+00
7.609797465083808e-06	1.191331e+01	3.298625e+00	4.275001e+00
7.649797465083808e-06	1.191455e+01	3.298625e+00	4.197740e+00
7.689797465083808e-06	1.191605e+01	3.298625e+00	4.108326e+00
7.696276054269881e-06	1.191632e+01	3.298625e+00	4.092053e+00
7.702754643455954e-06	1.191661e+01	3.298625e+00	4.075338e+00
7.709233232642026e-06	1.191690e+01	3.298625e+00	4.058182e+00
7.715711821828098e-06	1.191720e+01	3.298625e+00	4.040585e+00
7.722190411014170e-06	1.191751e+01	3.298625e+00	4.022546e+00
7.728669000200243e-06	1.191784e+01	3.298625e+00	4.004065e+00
7.735147589386316e-06	1.191817e+01	3.298625e+00	3.985143e+00
7.754242714678697e-06	1.191918e+01	3.298625e+00	3.927765e+00
7.762627826868642e-06	1.191965e+01	3.298625e+00	3.901510e+00
7.765087815112240e-06	1.191979e+01	3.298625e+00	3.893662e+00
7.770007791599438e-06	1.192007e+01	3.298625e+00	3.877807e+00
7.776635676464402e-06	1.192046e+01	3.298625e+00	3.856170e+00
7.782278102925431e-06	1.192079e+01	3.298625e+00	3.837494e+00
7.786630400927816e-06	1.192106e+01	3.298625e+00	3.822902e+00
7.790354670494068e-06	1.192128e+01	3.298625e+00	3.810283e+00
7.793799914710636e-06	1.192150e+01	3.298625e+00	3.798512e+00
7.796123310604548e-06	1.192164e+01	3.298625e+00	3.790523e+00
7.797470120943419e-06	1.192173e+01	3.298625e+00	3.785869e+00
7.798461650785357e-06	1.192179e+01	3.298625e+00	3.782433e+00
7.798979100487164e-06	1.192182e+01	3.298625e+00	3.780636e+00
7.799169279955329e-06	1.192183e+01	3.298625e+00	3.779975e+00
7.799176776001856e-06	1.192183e+01	3.298625e+00	3.779949e+00
7.799191768094906e-06	1.192183e+01	3.298625e+00	3.779897e+00
7.799221752281008e-06	1.192184e+01	3.298625e+00	3.779793e+00
7.799262162357906e-06	1.192184e+01	3.298625e+00	3.779652e+00
7.799315090145237e-06	1.192184e+01	3.298625e+00	3.779468e+00
7.799632656869214e-06	1.192186e+01	3.298625e+00	3.778363e+00
7.800056079167853e-06	1.192189e+01	3.298625e+00	3.776888e+00
7.800902923765129e-06	1.192194e+01	3.298625e+00	3.773932e+00
7.802596612959681e-06	1.192205e+01	3.298625e+00	3.767999e+00
7.805983991348786e-06	1.192227e+01	3.298625e+00	3.756072e+00
7.809271553761280e-06	1.192248e+01	3.298625e+00	3.744421e+00
7.812353163720762e-06	1.192268e+01	3.298625e+00	3.733429e+00
7.814339498432490e-06	1.192281e+01	3.298625e+00	3.726301e+00
7.817102173356286e-06	1.192299e+01	3.298625e+00	3.716319e+00
7.821954402162034e-06	1.192331e+01	3.298625e+00	3.698649e+00
7.827130706760538e-06	1.192366e+01	3.298625e+00	3.679625e+00
7.832085886958926e-06	1.192400e+01	3.298625e+00	3.661233e+00
7.836639188889134e-06	1.192431e+01	3.298625e+00	3.644169e+00
7.841306215421850e-06	1.192464e+01	3.298625e+00	3.626519e+00
7.845966068208059e-06	1.192496e+01	3.298625e+00	3.608741e+00
7.850726256938636e-06	1.192530e+01	3.298625e+00	3.590422e+00
7.855410097061068e-06	1.192564e+01	3.298625e+00	3.572244e+00
7.860134104375370e-06	1.192598e+01	3.298625e+00	3.553758e+00
7.867757739829127e-06	1.192654e+01	3.298625e+00	3.523587e+00
7.875381375282883e-06	1.192711e+01	3.298625e+00	3.493058e+00
7.883005010736640e-06	1.192769e+01	3.298625e+00	3.462172e+00
7.890628646190395e-06	1.192827e+01	3.298625e+00	3.430928e+00
7.898252281644153e-06	1.192887e+01	3.298625e+00	3.399326e+00
7.905875917097908e-06	1.192947e+01	3.298625e+00	3.367366e+00
7.913499552551666e-06	1.193008e+01	3.298625e+00	3.335049e+00
7.926282772307841e-06	1.193112e+01	3.298625e+00	3.280216e+00
7.943504416228298e-06	1.193255e+01	3.298625e+00	3.205052e+00
7.969751882775934e-06	1.193480e+01	3.298625e+00	3.088116e+00
8.009751882775934e-06	1.193833e+01	3.298625e+00	2.906425e+00
8.049751882775933e-06	1.194194e+01	3.298625e+00	2.722341e+00
8.089751882775934e-06	1.194561e+01	3.298625e+00	2.537859e+00
8.129751882775934e-06	1.194930e+01	3.298625e+00	2.354449e+00
8.133000000000000e-06	1.194960e+01	3.298625e+00	2.339698e+00
8.139496234448132e-06	1.195020e+01	3.298625e+00	2.310473e+00
8.152488703344395e-06	1.195139e+01	3.298625e+00	2.252299e+00
8.155488703344395e-06	1.195166e+01	3.298625e+00	2.238969e+00
8.164999999999999e-06	1.195252e+01	3.298625e+00	2.196971e+00
8.165999999999999e-06	1.195261e+01	3.298625e+00	2.192575e+00
8.171000000000000e-06	1.195306e+01	3.298625e+00	2.170685e+00
8.171999999999999e-06	1.195315e+01	3.298625e+00	2.166320e+00
8.173000000000000e-06	1.195325e+01	3.298625e+00	2.161960e+00
8.173100000000000e-06	1.195325e+01	2.968763e+00	2.161525e+00
8.173300000000000e-06	1.195327e+01	2.309038e+00	2.160653e+00
8.173599999999999e-06	1.195330e+01	1.319450e+00	2.159347e+00
8.174000000000000e-06	1.195334e+01	0.000000e+00	2.157606e+00
8.174039999999999e-06	1.195334e+01	0.000000e+00	2.157432e+00
8.174120000000000e-06	1.195335e+01	0.000000e+00	2.157084e+00
8.174600000000000e-06	1.195339e+01	0.000000e+00	2.154996e+00
8.175240000000000e-06	1.195332e+01	0.000000e+00	2.152215e+00
8.176520000000000e-06	1.195300e+01	0.000000e+00	2.146660e+00
8.179080000000000e-06	1.195268e+01	0.000000e+00	2.135581e+00
8.188824931003431e-06	1.195214e+01	0.000000e+00	2.093665e+00
8.189922341564194e-06	1.195189e+01	0.000000e+00	2.088979e+00
8.190196694204384e-06	1.194776e+01	0.000000e+00	2.087809e+00
8.190265282364431e-06	1.193731e+01	0.000000e+00	2.087517e+00
8.190282429404443e-06	1.191312e+01	0.000000e+00	2.087446e+00
8.190316723484466e-06	1.179211e+01	0.000000e+00	2.087312e+00
8.190325297004473e-06	1.173252e+01	0.000000e+00	2.087281e+00
8.190327440384475e-06	1.170908e+01	0.000000e+00	2.087274e+00
8.190331727144478e-06	1.164863e+01	0.000000e+00	2.087262e+00
8.190340300664483e-06	1.150510e+01	0.000000e+00	2.087239e+00
8.190342444044485e-06	1.146226e+01	0.000000e+00	2.087234e+00
8.190346730804488e-06	1.135925e+01	0.000000e+00	2.087226e+00
8.190355304324493e-06	1.111672e+01	0.000000e+00	2.087214e+00
8.190372451364507e-06	1.062835e+01	0.000000e+00	2.087191e+00
8.190406745444530e-06	9.971648e+00	0.000000e+00	2.087124e+00
8.190459741148330e-06	9.591972e+00	0.000000e+00	2.086962e+00
8.190543935668796e-06	9.473340e+00	0.000000e+00	2.086641e+00
8.190634314075135e-06	9.429464e+00	0.000000e+00	2.086269e+00
8.190815070887812e-06	9.352290e+00	0.000000e+00	2.085514e+00
8.191548062321102e-06	9.047988e+00	0.000000e+00	2.082438e+00
8.192392735387198e-06	8.712227e+00	0.000000e+00	2.078890e+00
8.194082081519387e-06	8.086479e+00	0.000000e+00	2.071809e+00
8.197460773783765e-06	6.968217e+00	0.000000e+00	2.057646e+00
8.201719126235609e-06	5.759270e+00	0.000000e+00	2.039674e+00
8.205874598516597e-06	4.788338e+00	0.000000e+00	2.021672e+00
8.209760522177031e-06	4.081031e+00	0.000000e+00	2.003606e+00
8.212228094080313e-06	3.805727e+00	0.000000e+00	1.989912e+00
8.214496597211897e-06	3.722217e+00	0.000000e+00	1.974099e+00
8.216164165571356e-06	3.719807e+00	0.000000e+00	1.960133e+00
8.218057802711348e-06	3.721348e+00	0.000000e+00	1.941910e+00
8.220191271333845e-06	3.718475e+00	0.000000e+00	1.918819e+00
8.221748656492983e-06	3.707366e+00	0.000000e+00	1.899430e+00
8.222718833736027e-06	3.692681e+00	0.000000e+00	1.884924e+00
8.223432134147250e-06	3.692894e+00	0.000000e+00	1.873164e+00
8.223920399865885e-06	3.704012e+00	0.000000e+00	1.865293e+00
8.224360882657455e-06	3.710128e+00	0.000000e+00	1.858305e+00
8.224830789286629e-06	3.707705e+00	0.000000e+00	1.850716e+00
8.225490978219964e-06	3.701326e+00	0.000000e+00	1.839373e+00
8.226579720768252e-06	3.691061e+00	0.000000e+00	1.818592e+00
8.227701607491591e-06	3.678573e+00	0.000000e+00	1.794456e+00
8.228783811950084e-06	3.663935e+00	0.000000e+00	1.767705e+00
8.229781058397076e-06	3.648347e+00	0.000000e+00	1.739011e+00
8.230810768799277e-06	3.630033e+00	0.000000e+00	1.704207e+00
8.231833078726791e-06	3.609453e+00	0.000000e+00	1.663212e+00
8.232879618038936e-06	3.585585e+00	0.000000e+00	1.612975e+00
8.233906451232770e-06	3.558807e+00	0.000000e+00	1.553602e+00
8.234944939949900e-06	3.527358e+00	0.000000e+00	1.481061e+00
8.235971744607065e-06	3.490375e+00	0.000000e+00	1.394399e+00
8.237009061745035e-06	3.444324e+00	0.000000e+00	1.288952e+00
8.238038323763843e-06	3.384521e+00	0.000000e+00	1.164110e+00
8.239074420295357e-06	3.299553e+00	0.000000e+00	1.017320e+00
8.240104580859520e-06	3.177547e+00	0.000000e+00	8.525094e-01
8.241139634182482e-06	3.010706e+00	0.000000e+00	6.722534e-01
8.242170600377527e-06	2.802994e+00	0.000000e+00	4.835483e-01
8.243205030702737e-06	2.559307e+00	0.000000e+00	2.924359e-01
8.244236555921105e-06	2.291079e+00	0.000000e+00	1.083764e-01
8.244695812072761e-06	2.164838e+00	0.000000e+00	3.526396e-02
8.244972516028580e-06	2.086917e+00	0.000000e+00	3.251139e-05
8.245228655889344e-06	2.014656e+00	0.000000e+00	-2.647551e-02
8.245396975610756e-06	1.967371e+00	0.000000e+00	-4.279284e-02
8.245550683730226e-06	1.924434e+00	0.000000e+00	-5.765824e-02
8.245858099969166e-06	1.839211e+00	0.000000e+00	-8.755805e-02
8.246472932447046e-06	1.670745e+00	0.000000e+00	-1.485707e-01
8.247654670217481e-06	1.351233e+00	0.000000e+00	-2.695923e-01
8.248765383108303e-06	1.054423e+00	0.000000e+00	-3.861880e-01
8.249867424880239e-06	7.624949e-01	0.000000e+00	-5.021647e-01
8.250797627368948e-06	5.174780e-01	0.000000e+00	-5.979576e-01
8.251380919722825e-06	3.645112e-01	0.000000e+00	-6.561297e-01
8.251600217774733e-06	3.072036e-01	0.000000e+00	-6.772958e-01
8.251746928981935e-06	2.689645e-01	0.000000e+00	-6.910847e-01
8.251890787615150e-06	2.315517e-01	0.000000e+00	-7.042933e-01
8.252099757271415e-06	1.773856e-01	0.000000e+00	-7.228220e-01
8.252461821282101e-06	8.426503e-02	0.000000e+00	-7.526031e-01
8.253185949303475e-06	-9.852483e-02	0.000000e+00	-8.032550e-01
8.254214020164471e-06	-3.465117e-01	0.000000e+00	-8.528830e-01
8.255635045393560e-06	-6.559725e-01	0.000000e+00	-8.749108e-01
8.257416607842090e-06	-9.656760e-01	0.000000e+00	-8.274347e-01
8.259745307310205e-06	-1.211377e+00	0.000000e+00	-6.614803e-01
8.262376715893058e-06	-1.257183e+00	0.000000e+00	-3.746592e-01
8.265154847935345e-06	-1.048535e+00	0.000000e+00	-4.320189e-03
8.267493827168504e-06	-6.822325e-01	0.000000e+00	3.285458e-01
8.269492064684724e-06	-2.524801e-01	0.000000e+00	6.089701e-01
8.270492064684724e-06	-4.108980e-03	0.000000e+00	7.418742e-01
8.270999999999999e-06	1.306676e-01	0.000000e+00	8.042271e-01
8.272000000000000e-06	4.017886e-01	0.000000e+00	9.196178e-01
8.272142857142856e-06	4.409976e-01	0.000000e+00	9.346962e-01
8.272285714285714e-06	4.801219e-01	0.000000e+00	9.494168e-01
8.272428571428571e-06	5.191616e-01	0.000000e+00	9.637795e-01
8.272571428571429e-06	5.581165e-01	0.000000e+00	9.777844e-01
8.272714285714286e-06	5.969868e-01	0.000000e+00	9.914313e-01
8.272857142857144e-06	6.357724e-01	0.000000e+00	1.004720e+00
8.273000000000000e-06	6.744732e-01	0.000000e+00	1.017652e+00
8.273069696189030e-06	6.932749e-01	0.000000e+00	1.023778e+00
8.273139392378059e-06	7.120087e-01	0.000000e+00	1.029773e+00
8.273209088567088e-06	7.306747e-01	0.000000e+00	1.035638e+00
8.273278784756118e-06	7.492728e-01	0.000000e+00	1.041372e+00
8.273348480945147e-06	7.678031e-01	0.000000e+00	1.046975e+00
8.273418177134176e-06	7.862655e-01	0.000000e+00	1.052448e+00
8.273487873323206e-06	8.046601e-01	0.000000e+00	1.057790e+00
8.273991484495546e-06	9.344012e-01	0.000000e+00	1.091826e+00
8.274998706840227e-06	1.175988e+00	0.000000e+00	1.137069e+00
8.276453979331090e-06	1.474195e+00	0.000000e+00	1.144397e+00
8.278089186073422e-06	1.731887e+00	0.000000e+00	1.057343e+00
8.278886770700740e-06	1.793581e+00	0.000000e+00	5.976985e-01
8.279335897001665e-06	1.764183e+00	0.000000e+00	6.297413e-03
8.279516034980402e-06	1.727170e+00	0.000000e+00	-1.485378e-02
8.279673501828489e-06	1.690294e+00	0.000000e+00	7.178639e-02
8.279760295386632e-06	1.672476e+00	0.000000e+00	-3.059887e-02
8.279812810311773e-06	1.660801e+00	0.000000e+00	-6.166531e-02
8.279874551632896e-06	1.645861e+00	0.000000e+00	1.236834e-02
8.279919045669818e-06	1.635774e+00	0.000000e+00	4.718148e-02
8.279979228913115e-06	1.623138e+00	0.000000e+00	3.357991e-02
8.280041422531521e-06	1.610111e+00	0.000000e+00	8.579391e-03
8.280120371537982e-06	1.593233e+00	0.000000e+00	5.321970e-03
8.280226886446283e-06	1.570645e+00	0.000000e+00	1.609973e-02
8.280350954424566e-06	1.544988e+00	0.000000e+00	1.550079e-02
8.280530438614223e-06	1.508589e+00	0.000000e+00	1.214792e-02
8.280728252540209e-06	1.469579e+00	0.000000e+00	1.338701e-02
8.281123880392180e-06	1.394714e+00	0.000000e+00	1.209836e-02
8.281575135752365e-06	1.313839e+00	0.000000e+00	1.137511e-02
8.282192641187686e-06	1.211380e+00	0.000000e+00	1.063921e-02
8.283081300849881e-06	1.078258e+00	0.000000e+00	9.297081e-03
8.284266426428229e-06	9.243991e-01	0.000000e+00	8.062232e-03
8.286033256552805e-06	7.253184e-01	0.000000e+00	7.228034e-03
8.286361541824234e-06	6.930700e-01	0.000000e+00	6.733461e-03
8.287018112367094e-06	6.368630e-01	0.000000e+00	5.362448e-03
8.288331253452813e-06	5.334375e-01	0.000000e+00	4.491684e-03
8.288634384590805e-06	5.118165e-01	0.000000e+00	4.247831e-03
8.289240646866788e-06	4.717546e-01	0.000000e+00	3.695722e-03
8.289259592562911e-06	4.705384e-01	0.000000e+00	3.688723e-03
8.289297483955162e-06	4.681664e-01	0.000000e+00	3.680333e-03
8.289373266739659e-06	4.634662e-01	0.000000e+00	3.635743e-03
8.289524832308655e-06	4.542399e-01	0.000000e+00	3.533330e-03
8.289827963446645e-06	4.363452e-01	0.000000e+00	3.351451e-03
8.290232144977961e-06	4.135953e-01	0.000000e+00	3.107773e-03
8.290830303197098e-06	3.817679e-01	0.000000e+00	2.715250e-03
8.291228383964514e-06	3.617817e-01	0.000000e+00	2.385610e-03
8.291588274204956e-06	3.446960e-01	0.000000e+00	2.052765e-03
8.291928885869951e-06	3.292520e-01	0.000000e+00	1.805959e-03
8.292237024141064e-06	3.158826e-01	0.000000e+00	1.665129e-03
8.292565955532333e-06	3.023036e-01	0.000000e+00	1.564950e-03
8.293091015797536e-06	2.821219e-01	0.000000e+00	1.438705e-03
8.294114344387883e-06	2.464512e-01	0.000000e+00	1.213579e-03
8.295226789071092e-06	2.123838e-01	0.000000e+00	9.857573e-04
8.296522736144182e-06	1.785227e-01	0.000000e+00	7.498848e-04
8.297874632697971e-06	1.486297e-01	0.000000e+00	5.398531e-04
8.299111983337025e-06	1.252086e-01	0.000000e+00	3.773114e-04
8.299772014183631e-06	1.141864e-01	0.000000e+00	3.019982e-04
8.300139114429623e-06	1.085574e-01	0.000000e+00	2.662943e-04
8.300325251693971e-06	1.058298e-01	0.000000e+00	2.536832e-04
8.300438722810509e-06	1.042103e-01	0.000000e+00	2.490247e-04
8.300548486803641e-06	1.026730e-01	0.000000e+00	2.429560e-04
8.300695371780036e-06	1.006511e-01	0.000000e+00	2.288796e-04
8.300842771464762e-06	9.866877e-02	0.000000e+00	2.133075e-04
8.301137570834211e-06	9.484661e-02	0.000000e+00	1.850889e-04
8.301657948348626e-06	8.841839e-02	0.000000e+00	1.371089e-04
8.302158894199421e-06	8.264369e-02	0.000000e+00	9.474561e-05
8.302944089741310e-06	7.432748e-02	0.000000e+00	3.494689e-05
8.303687561065841e-06	6.711581e-02	0.000000e+00	-1.391991e-05
8.304291226506170e-06	6.178411e-02	0.000000e+00	-4.580337e-05
8.304940485238733e-06	5.658534e-02	0.000000e+00	-7.339922e-05
8.305881303724029e-06	4.984867e-02	0.000000e+00	-1.045121e-04
8.307072929948764e-06	4.249541e-02	0.000000e+00	-1.303923e-04
8.308867044872444e-06	3.347378e-02	0.000000e+00	-1.457997e-04
8.311267243302309e-06	2.381976e-02	0.000000e+00	-1.368022e-04
8.312459490154070e-06	1.994601e-02	0.000000e+00	-1.204185e-04
8.313052187606165e-06	1.833099e-02	0.000000e+00	-1.101961e-04
8.313617539818654e-06	1.693893e-02	0.000000e+00	-1.014179e-04
8.314122554500238e-06	1.578751e-02	0.000000e+00	-9.391852e-05
8.314683563313612e-06	1.461479e-02	0.000000e+00	-8.542889e-05
8.315592758789082e-06	1.289348e-02	0.000000e+00	-7.127720e-05
8.316516736462867e-06	1.135473e-02	0.000000e+00	-5.645451e-05
8.317916881855745e-06	9.371622e-03	0.000000e+00	-3.355613e-05
8.319412573351879e-06	7.627233e-03	0.000000e+00	-9.151740e-06
8.321305049144098e-06	5.897566e-03	0.000000e+00	2.088913e-05
8.323611438947501e-06	4.307637e-03	0.000000e+00	5.545243e-05
8.326061701057498e-06	3.101907e-03	0.000000e+00	8.913036e-05
8.329058687421062e-06	2.102694e-03	0.000000e+00	1.260794e-04
8.332110572322507e-06	1.435769e-03	0.000000e+00	1.595044e-04
8.334924444012990e-06	1.046247e-03	0.000000e+00	1.869894e-04
8.337551710013356e-06	8.165623e-04	0.000000e+00	2.102070e-04
8.339955281309942e-06	6.823239e-04	0.000000e+00	2.297611e-04
8.342014164454893e-06	6.086188e-04	0.000000e+00	2.454117e-04
8.343879316603181e-06	5.664305e-04	0.000000e+00	2.588148e-04
8.345748330942525e-06	5.408076e-04	0.000000e+00	2.716289e-04
8.347481522563776e-06	5.285216e-04	0.000000e+00	2.830086e-04
8.349596836888743e-06	5.244929e-04	0.000000e+00	2.963313e-04
8.351874638189169e-06	5.293987e-04	0.000000e+00	3.100986e-04
8.354490718780819e-06	5.433495e-04	0.000000e+00	3.252731e-04
8.357088696443153e-06	5.630856e-04	0.000000e+00	3.397533e-04
8.359778681470414e-06	5.877569e-04	0.000000e+00	3.541282e-04
8.363309734495341e-06	6.236782e-04	0.000000e+00	3.720929e-04
8.368926746825099e-06	6.834250e-04	0.000000e+00	3.989935e-04
8.377169548275323e-06	7.695783e-04	0.000000e+00	4.352064e-04
8.390275900963608e-06	8.939209e-04	0.000000e+00	4.854824e-04
8.411596244818382e-06	1.054374e-03	0.000000e+00	5.486907e-04
8.451596244818381e-06	1.252058e-03	0.000000e+00	6.232155e-04
8.488754732851073e-06	1.354714e-03	0.000000e+00	6.580710e-04
8.488893545868142e-06	1.354858e-03	0.000000e+00	6.578612e-04
8.489726423970557e-06	1.354926e-03	0.000000e+00	6.572308e-04
8.490836928107111e-06	1.354916e-03	0.000000e+00	6.570143e-04
8.493057936380218e-06	1.354585e-03	0.000000e+00	6.564136e-04
8.497499952926431e-06	1.352689e-03	0.000000e+00	6.546975e-04
8.506383986018861e-06	1.344557e-03	0.000000e+00	6.494304e-04
8.521056073174751e-06	1.323953e-03	0.000000e+00	6.377494e-04
8.524056073174751e-06	1.318264e-03	0.000000e+00	6.347554e-04
8.530056073174751e-06	1.304546e-03	0.000000e+00	6.278180e-04
8.533056073174750e-06	1.297093e-03	0.000000e+00	6.241151e-04
8.535824139359608e-06	1.289793e-03	0.000000e+00	6.203523e-04
8.537554559215065e-06	1.284938e-03	0.000000e+00	6.181611e-04
8.538824139359608e-06	1.281282e-03	0.000000e+00	6.163899e-04
8.541363299648694e-06	1.273668e-03	0.000000e+00	6.127279e-04
8.546441620226864e-06	1.257360e-03	0.000000e+00	6.049715e-04
8.556598261383207e-06	1.221776e-03	0.000000e+00	5.882769e-04
8.566598261383209e-06	1.183341e-03	0.000000e+00	5.704947e-04
8.576598261383207e-06	1.141435e-03	0.000000e+00	5.513557e-04
8.586598261383208e-06	1.096621e-03	0.000000e+00	5.310955e-04
8.595445231681772e-06	1.055065e-03	0.000000e+00	5.124442e-04
8.599455240024246e-06	1.035646e-03	0.000000e+00	5.037732e-04
8.601731708420455e-06	1.024425e-03	0.000000e+00	4.987798e-04
8.603255761275906e-06	1.016852e-03	0.000000e+00	4.954149e-04
8.604082787721981e-06	1.012722e-03	0.000000e+00	4.935815e-04
8.605144019818681e-06	1.007401e-03	0.000000e+00	4.912207e-04
8.606616297315746e-06	9.999896e-04	0.000000e+00	4.879351e-04
8.608017911124105e-06	9.929002e-04	0.000000e+00	4.847950e-04
8.610223902808446e-06	9.816802e-04	0.000000e+00	4.798308e-04
8.612571769312567e-06	9.696628e-04	0.000000e+00	4.745210e-04
8.615718806447891e-06	9.534340e-04	0.000000e+00	4.673627e-04
8.619733819266293e-06	9.325501e-04	0.000000e+00	4.581715e-04
8.625654612604780e-06	9.014449e-04	0.000000e+00	4.445226e-04
8.634607652910908e-06	8.539346e-04	0.000000e+00	4.237684e-04
8.650988974833146e-06	7.668811e-04	0.000000e+00	3.860093e-04
8.682435664866470e-06	6.043039e-04	0.000000e+00	3.161925e-04
8.722435664866469e-06	4.141154e-04	0.000000e+00	2.356261e-04
8.762435664866471e-06	2.543587e-04	0.000000e+00	1.692692e-04
8.802435664866470e-06	1.367963e-04	0.000000e+00	1.219387e-04
8.842435664866470e-06	6.772034e-05	0.000000e+00	9.595996e-05
8.882435664866471e-06	4.818929e-05	0.000000e+00	9.138756e-05
8.922435664866471e-06	7.438185e-05	0.000000e+00	1.062136e-04
8.962435664866470e-06	1.390054e-04	0.000000e+00	1.370801e-04
9.002435664866470e-06	2.335593e-04	0.000000e+00	1.803031e-04
9.042435664866470e-06	3.502496e-04	0.000000e+00	2.326033e-04
9.082435664866471e-06	4.824531e-04	0.000000e+00	2.911959e-04
9.122435664866471e-06	6.243294e-04	0.000000e+00	3.536266e-04
9.162435664866470e-06	7.705435e-04	0.000000e+00	4.176025e-04
9.202435664866471e-06	9.158548e-04	0.000000e+00	4.808190e-04
9.242435664866471e-06	1.055022e-03	0.000000e+00	5.410254e-04
9.282435664866471e-06	1.183166e-03	0.000000e+00	5.961436e-04
9.322435664866470e-06	1.295916e-03	0.000000e+00	6.443058e-04
9.362435664866470e-06	1.389488e-03	0.000000e+00	6.839089e-04
9.402435664866471e-06	1.460809e-03	0.000000e+00	7.136557e-04
9.442435664866471e-06	1.507562e-03	0.000000e+00	7.325762e-04
9.482435664866470e-06	1.528198e-03	0.000000e+00	7.400324e-04
9.522435664866472e-06	1.521920e-03	0.000000e+00	7.357075e-04
9.562435664866471e-06	1.495112e-03	0.000000e+00	7.224021e-04
9.563435664866470e-06	1.494085e-03	0.000000e+00	7.219092e-04
9.565435664866471e-06	1.491626e-03	0.000000e+00	7.207527e-04
9.569435664866472e-06	1.486473e-03	0.000000e+00	7.183622e-04
9.577435664866472e-06	1.475456e-03	0.000000e+00	7.132528e-04
9.585999999999999e-06	1.462921e-03	0.000000e+00	7.074488e-04
9.586999999999998e-06	1.461378e-03	0.000000e+00	7.067359e-04
9.588999999999999e-06	1.458166e-03	0.000000e+00	7.052543e-04
9.592999999999999e-06	1.451609e-03	0.000000e+00	7.022342e-04
9.594000000000000e-06	1.449934e-03	0.000000e+00	7.014631e-04
9.595999999999999e-06	1.446509e-03	0.000000e+00	6.998891e-04
9.598000000000000e-06	1.443036e-03	0.000000e+00	6.982939e-04
9.599000000000001e-06	1.441275e-03	0.000000e+00	6.974858e-04
9.600000000000000e-06	1.439494e-03	0.000000e+00	6.966689e-04
9.601000000000000e-06	1.437696e-03	0.000000e+00	6.958449e-04
9.602000000000001e-06	1.435887e-03	0.000000e+00	6.950186e-04
9.602100000000001e-06	1.435705e-03	0.000000e+00	6.949339e-04
9.602300000000001e-06	1.435340e-03	0.000000e+00	6.947650e-04
9.602600000000000e-06	1.434791e-03	0.000000e+00	6.945134e-04
9.602999999999999e-06	1.434058e-03	0.000000e+00	6.941778e-04
9.603040000000000e-06	1.433984e-03	0.000000e+00	6.941440e-04
9.603120000000001e-06	1.433837e-03	0.000000e+00	6.940765e-04
9.603280000000000e-06	1.433542e-03	0.000000e+00	6.939417e-04
9.603600000000001e-06	1.432951e-03	0.000000e+00	6.936712e-04
9.604240000000000e-06	1.431763e-03	0.000000e+00	6.931273e-04
9.605519999999999e-06	1.429363e-03	0.000000e+00	6.920291e-04
9.608080000000001e-06	1.424471e-03	0.000000e+00	6.897934e-04
9.612506706178283e-06	1.415782e-03	0.000000e+00	6.858276e-04
9.617276225723048e-06	1.406188e-03	0.000000e+00	6.814581e-04
9.617824931003430e-06	1.405061e-03	0.000000e+00	6.809434e-04
9.618922341564193e-06	1.402777e-03	0.000000e+00	6.798969e-04
9.619196694204385e-06	1.402204e-03	0.000000e+00	6.796202e-04
9.619265282364432e-06	1.402060e-03	0.000000e+00	6.795083e-04
9.619282429404444e-06	1.402024e-03	0.000000e+00	6.793863e-04
9.619316723484467e-06	1.401952e-03	0.000000e+00	6.788170e-04
9.619325297004472e-06	1.401934e-03	0.000000e+00	6.785408e-04
9.619327440384476e-06	1.401930e-03	0.000000e+00	6.784397e-04
9.619331727144478e-06	1.401921e-03	0.000000e+00	6.781871e-04
9.619340300664484e-06	1.401903e-03	0.000000e+00	6.775641e-04
9.619342444044486e-06	1.401899e-03	0.000000e+00	6.773684e-04
9.619346730804489e-06	1.401890e-03	0.000000e+00	6.768701e-04
9.619355304324494e-06	1.401872e-03	0.000000e+00	6.755402e-04
9.619372451364506e-06	1.401829e-03	0.000000e+00	6.720989e-04
9.619406745444530e-06	1.401694e-03	0.000000e+00	6.665160e-04
9.619459740496495e-06	1.401400e-03	0.000000e+00	6.666393e-04
9.619543933386380e-06	1.400965e-03	0.000000e+00	6.766777e-04
9.619634310170924e-06	1.400703e-03	0.000000e+00	6.814813e-04
9.619815063740009e-06	1.400372e-03	0.000000e+00	6.788038e-04
9.620547644766517e-06	1.398878e-03	0.000000e+00	6.787680e-04
9.621391484145196e-06	1.397182e-03	0.000000e+00	6.775279e-04
9.623079162902552e-06	1.393768e-03	0.000000e+00	6.763346e-04
9.626454520417267e-06	1.386901e-03	0.000000e+00	6.731926e-04
9.630712001849807e-06	1.378077e-03	0.000000e+00	6.692237e-04
9.634867921398443e-06	1.369235e-03	0.000000e+00	6.652242e-04
9.638757930169906e-06	1.361115e-03	0.000000e+00	6.624560e-04
9.641226380481951e-06	1.356932e-03	0.000000e+00	6.626242e-04
9.643498948791990e-06	1.354061e-03	0.000000e+00	6.615726e-04
9.645169375851775e-06	1.351056e-03	0.000000e+00	6.567243e-04
9.647064105313803e-06	1.344600e-03	0.000000e+00	6.477333e-04
9.649195260254338e-06	1.333285e-03	0.000000e+00	6.352859e-04
9.650752651034244e-06	1.322994e-03	0.000000e+00	6.309747e-04
9.651722560961865e-06	1.316739e-03	0.000000e+00	6.304053e-04
9.652435617279706e-06	1.311850e-03	0.000000e+00	6.177616e-04
9.652923889500686e-06	1.306955e-03	0.000000e+00	6.045970e-04
9.653364218670808e-06	1.301276e-03	0.000000e+00	5.990860e-04
9.653834008649706e-06	1.294903e-03	0.000000e+00	5.961332e-04
9.654494443656890e-06	1.285744e-03	0.000000e+00	5.906965e-04
9.655584119111314e-06	1.269983e-03	0.000000e+00	5.812639e-04
9.656705575453841e-06	1.253086e-03	0.000000e+00	5.721046e-04
9.657787953830172e-06	1.236319e-03	0.000000e+00	5.637883e-04
9.658784909083382e-06	1.220637e-03	0.000000e+00	5.564325e-04
9.659814870012594e-06	1.204293e-03	0.000000e+00	5.489662e-04
9.660837015394934e-06	1.187941e-03	0.000000e+00	5.413127e-04
9.661883711816722e-06	1.170941e-03	0.000000e+00	5.327568e-04
9.662910409081305e-06	1.153708e-03	0.000000e+00	5.227730e-04
9.663949006585876e-06	1.135136e-03	0.000000e+00	5.098614e-04
9.664975720352920e-06	1.114675e-03	0.000000e+00	4.922638e-04
9.666013116320173e-06	1.090215e-03	0.000000e+00	4.661750e-04
9.667042313442723e-06	1.059061e-03	0.000000e+00	4.239010e-04
9.668078464622518e-06	1.014307e-03	0.000000e+00	3.475019e-04
9.669108579270561e-06	9.455198e-04	0.000000e+00	2.192905e-04
9.670143671296692e-06	8.384688e-04	0.000000e+00	3.098597e-05
9.671174605190460e-06	6.804422e-04	0.000000e+00	-2.213372e-04
9.672209062768272e-06	4.549350e-04	0.000000e+00	-5.581494e-04
9.673240565160147e-06	1.572889e-04	0.000000e+00	-1.022788e-03
9.673702073770472e-06	-1.149461e-05	0.000000e+00	-1.344207e-03
9.673960949451155e-06	-1.273180e-04	0.000000e+00	-1.574169e-03
9.674225873771866e-06	-2.614383e-04	0.000000e+00	-1.774584e-03
9.674380390507646e-06	-3.445160e-04	0.000000e+00	-1.853262e-03
9.674542544558587e-06	-4.345491e-04	0.000000e+00	-1.926305e-03
9.674790811239290e-06	-5.765578e-04	0.000000e+00	-2.040905e-03
9.675287344600699e-06	-8.732720e-04	0.000000e+00	-2.266208e-03
9.676045704043426e-06	-1.362264e-03	0.000000e+00	-2.664380e-03
9.677165983830588e-06	-2.191278e-03	0.000000e+00	-3.499442e-03
9.678274009183532e-06	-3.294098e-03	0.000000e+00	-5.228169e-03
9.679417933451432e-06	-5.326086e-03	0.000000e+00	-1.242581e-02
9.680088697743109e-06	-9.074664e-03	0.000000e+00	-4.751166e-02
9.680492613572676e-06	-1.717843e-02	0.000000e+00	-1.232219e-01
9.680857318912204e-06	-3.283660e-02	0.000000e+00	-2.378727e-01
9.681001585317763e-06	-4.258759e-02	0.000000e+00	-2.862431e-01
9.681165389998769e-06	-5.743517e-02	0.000000e+00	-3.374979e-01
9.681492999360781e-06	-9.522634e-02	0.000000e+00	-4.319457e-01
9.682148218084809e-06	-1.932316e-01	0.000000e+00	-5.955829e-01
9.683251330074921e-06	-3.996333e-01	0.000000e+00	-8.126474e-01
9.684624555960725e-06	-6.947406e-01	0.000000e+00	-9.915489e-01
9.686497647983520e-06	-1.100679e+00	0.000000e+00	-1.097634e+00
9.688766834911431e-06	-1.507461e+00	0.000000e+00	-1.065344e+00
9.691475818754041e-06	-1.792286e+00	0.000000e+00	-8.657510e-01
9.694227183238793e-06	-1.828561e+00	0.000000e+00	-5.523125e-01
9.696576432218693e-06	-1.672411e+00	0.000000e+00	-2.356050e-01
9.697487973376774e-06	-1.560553e+00	0.000000e+00	-1.062250e-01
9.698176917683834e-06	-1.452928e+00	0.000000e+00	-7.994223e-03
9.698622111385880e-06	-1.375649e+00	0.000000e+00	5.470802e-02
9.699109612595909e-06	-1.283266e+00	0.000000e+00	1.218904e-01
9.700000000000000e-06	-1.104727e+00	0.000000e+00	2.421704e-01
9.700142857142857e-06	-1.073899e+00	4.712322e-01	2.608402e-01
9.700285714285715e-06	-1.042680e+00	9.424644e-01	2.793066e-01
9.700428571428571e-06	-1.011070e+00	1.413697e+00	2.975697e-01
9.700571428571430e-06	-9.790687e-01	1.884929e+00	3.156293e-01
9.700714285714286e-06	-9.466771e-01	2.356161e+00	3.334857e-01
9.700857142857144e-06	-9.138947e-01	2.827393e+00	3.511386e-01
9.701000000000001e-06	-8.807214e-01	3.298625e+00	3.685882e-01
9.701364076700968e-06	-7.943777e-01	3.298625e+00	4.116846e-01
9.701733932397189e-06	-7.305860e-01	3.298625e+00	4.531869e-01
9.702473643789631e-06	-6.320890e-01	3.298625e+00	5.296823e-01
9.703449044922680e-06	-4.176716e-01	3.298625e+00	6.172473e-01
9.704403693104578e-06	-1.361020e-01	3.298625e+00	6.844735e-01
9.705423234893468e-06	1.942847e-01	3.298625e+00	7.264419e-01
9.707121112834607e-06	7.689046e-01	3.298625e+00	7.438601e-01
9.707858843261824e-06	1.018609e+00	3.298625e+00	7.306064e-01
9.708291612895201e-06	1.162257e+00	3.298625e+00	7.141181e-01
9.708462841230507e-06	1.217843e+00	3.298625e+00	7.064115e-01
9.708629447706588e-06	1.271124e+00	3.298625e+00	6.985530e-01
9.708715256994633e-06	1.298325e+00	3.298625e+00	6.945069e-01
9.708767058400263e-06	1.314632e+00	3.298625e+00	6.920184e-01
9.708828216639270e-06	1.333796e+00	3.298625e+00	6.890037e-01
9.708871000400039e-06	1.347147e+00	3.298625e+00	6.868875e-01
9.708929774640513e-06	1.365406e+00	3.298625e+00	6.839865e-01
9.708990237768490e-06	1.384100e+00	3.298625e+00	6.809841e-01
9.709067059477337e-06	1.407712e+00	3.298625e+00	6.771188e-01
9.709164684551806e-06	1.437495e+00	3.298625e+00	6.721398e-01
9.709293704104396e-06	1.476481e+00	3.298625e+00	6.654679e-01
9.709445818374933e-06	1.521869e+00	3.298625e+00	6.574557e-01
9.709652562604301e-06	1.582388e+00	3.298625e+00	6.462712e-01
9.710021947160847e-06	1.687766e+00	3.298625e+00	6.256273e-01
9.710394570440243e-06	1.790074e+00	3.298625e+00	6.038923e-01
9.710979795923328e-06	1.941736e+00	3.298625e+00	5.678549e-01
9.711775803864751e-06	2.130206e+00	3.298625e+00	5.155622e-01
9.712956466547514e-06	2.366713e+00	3.298625e+00	4.318594e-01
9.714924178913158e-06	2.688511e+00	3.298625e+00	2.841370e-01
9.715345211765651e-06	2.741110e+00	3.298625e+00	2.513785e-01
9.716187277470634e-06	2.821741e+00	3.298625e+00	1.846203e-01
9.716397793896879e-06	2.838578e+00	3.298625e+00	1.679004e-01
9.716818826749372e-06	2.866591e+00	3.298625e+00	1.344495e-01
9.717134601388739e-06	2.883721e+00	3.298625e+00	1.094290e-01
9.717187230495302e-06	2.886268e+00	3.298625e+00	1.052670e-01
9.717292488708424e-06	2.905072e+00	3.298625e+00	9.695483e-02
9.717503005134671e-06	3.224502e+00	3.298625e+00	8.022821e-02
9.717924037987162e-06	4.283571e+00	3.298625e+00	4.636101e-02
9.718357019434525e-06	4.947778e+00	3.298625e+00	1.138766e-02
9.718944362411862e-06	5.373133e+00	3.298625e+00	-3.412712e-02
9.719363225778324e-06	5.626319e+00	3.298625e+00	-6.033590e-02
9.719743296463788e-06	5.782328e+00	3.298625e+00	-7.384602e-02
9.720132483824658e-06	5.867862e+00	3.298625e+00	-7.847257e-02
9.720431714722227e-06	5.896345e+00	3.298625e+00	-7.900419e-02
9.720743029284640e-06	5.906689e+00	3.298625e+00	-7.932314e-02
9.721270206875220e-06	5.910693e+00	3.298625e+00	-8.151633e-02
9.722324562056380e-06	5.906533e+00	3.298625e+00	-8.996540e-02
9.723615208340934e-06	5.895024e+00	3.298625e+00	-1.026703e-01
9.724793058786150e-06	5.881323e+00	3.298625e+00	-1.127899e-01
9.726236283532367e-06	5.862202e+00	3.298625e+00	-1.206196e-01
9.727315083990175e-06	5.847286e+00	3.298625e+00	-1.226093e-01
9.727952826322600e-06	5.838582e+00	3.298625e+00	-1.218826e-01
9.728300046064741e-06	5.833467e+00	3.298625e+00	-1.208909e-01
9.728477716086023e-06	5.828744e+00	3.298625e+00	-1.202884e-01
9.728578381400986e-06	5.822969e+00	3.298625e+00	-1.199762e-01
9.728675746168859e-06	5.815205e+00	3.298625e+00	-1.197559e-01
9.728788271670905e-06	5.807106e+00	3.298625e+00	-1.195877e-01
9.729135004576475e-06	5.795120e+00	3.298625e+00	-1.187025e-01
9.729597315117237e-06	5.790332e+00	3.298625e+00	-1.168774e-01
9.730069001712118e-06	5.789948e+00	3.298625e+00	-1.143531e-01
9.730664092412810e-06	5.792683e+00	3.298625e+00	-1.102028e-01
9.731186020200668e-06	5.797824e+00	3.298625e+00	-1.055884e-01
9.731855545573141e-06	5.806028e+00	3.298625e+00	-9.843951e-02
9.732317777359010e-06	5.809966e+00	3.298625e+00	-9.280241e-02
9.732914960464724e-06	5.813093e+00	3.298625e+00	-8.458883e-02
9.734046140253682e-06	5.818970e+00	3.298625e+00	-6.709729e-02
9.735476886585963e-06	5.827505e+00	3.298625e+00	-4.160491e-02
9.738157055518424e-06	5.868668e+00	3.298625e+00	1.301475e-02
9.740505999070003e-06	5.985526e+00	3.298625e+00	6.531619e-02
9.741582003959790e-06	6.115068e+00	3.298625e+00	9.026121e-02
9.742432041291109e-06	6.266542e+00	3.298625e+00	1.100941e-01
9.742814904173179e-06	6.338980e+00	3.298625e+00	1.190750e-01
9.743320653850760e-06	6.433361e+00	3.298625e+00	1.310420e-01
9.744323508188837e-06	6.617272e+00	3.298625e+00	1.549510e-01
9.745640479198392e-06	6.851373e+00	3.298625e+00	1.865802e-01
9.746889914637970e-06	7.062856e+00	3.298625e+00	2.167630e-01
9.748943123282947e-06	7.389191e+00	3.298625e+00	2.665275e-01
9.751111204695595e-06	7.710781e+00	3.298625e+00	3.190515e-01
9.753550146010968e-06	8.047297e+00	3.298625e+00	3.778917e-01
9.756293851397678e-06	8.396703e+00	3.298625e+00	4.435711e-01
9.759595800180674e-06	8.778468e+00	3.298625e+00	5.217504e-01
9.762939698091444e-06	9.126063e+00	3.298625e+00	5.998896e-01
9.766063975090793e-06	9.417347e+00	3.298625e+00	6.718730e-01
9.768973129706142e-06	9.661641e+00	3.298625e+00	7.379682e-01
9.771737878455838e-06	9.872073e+00	3.298625e+00	7.999461e-01
9.774341252118172e-06	1.005271e+01	3.298625e+00	8.575662e-01
9.776793565405953e-06	1.020858e+01	3.298625e+00	9.111857e-01
9.779128575158179e-06	1.034496e+01	3.298625e+00	9.616395e-01
9.781550134125324e-06	1.047464e+01	3.298625e+00	1.013326e+00
9.784446826905738e-06	1.061543e+01	3.298625e+00	1.074302e+00
9.788178991138173e-06	1.077667e+01	3.298625e+00	1.151537e+00
9.793062565823473e-06	1.095771e+01	3.298625e+00	1.250353e+00
9.799828908520066e-06	1.116179e+01	3.298625e+00	1.383099e+00
9.809404250137363e-06	1.137743e+01	3.298625e+00	1.562616e+00
9.824583778999114e-06	1.159747e+01	3.298625e+00	1.827146e+00
9.851283026337131e-06	1.179656e+01	3.298625e+00	2.241275e+00
9.891283026337132e-06	1.191022e+01	3.298625e+00	2.769121e+00
9.931283026337132e-06	1.193624e+01	3.298625e+00	3.198849e+00
9.971283026337132e-06	1.193459e+01	3.298625e+00	3.541945e+00
9.999999999999999e-06	1.193044e+01	3.298625e+00	3.748117e+00
