0.000000000000000e+00	7.632288e+01	3.182492e+00
7.356741174765573e-10	7.647282e+01	3.197141e+00
1.716572940779057e-09	7.673065e+01	3.215260e+00
3.678370587384057e-09	7.737715e+01	3.246837e+00
5.884133803079303e-09	7.823550e+01	3.274117e+00
8.412471667020470e-09	7.926621e+01	3.292565e+00
1.157239089408778e-08	8.035041e+01	3.298577e+00
1.528807323986059e-08	8.115382e+01	3.290483e+00
1.720895656046508e-08	8.123889e+01	3.282551e+00
1.950727405438153e-08	8.094523e+01	3.273670e+00
2.187141757346346e-08	8.033277e+01	3.270042e+00
2.438693799966921e-08	7.944141e+01	3.275337e+00
2.670793838694740e-08	7.854188e+01	3.291258e+00
2.989938104045694e-08	7.744469e+01	3.329155e+00
3.336969592785031e-08	7.660533e+01	3.383692e+00
3.532340096540673e-08	7.640546e+01	3.418736e+00
3.732768927720679e-08	7.648418e+01	3.455466e+00
3.932550774315418e-08	7.680192e+01	3.489497e+00
4.159961731200113e-08	7.739930e+01	3.522475e+00
4.396265354828344e-08	7.818858e+01	3.548266e+00
4.636737839409280e-08	7.904051e+01	3.563553e+00
4.959014625737515e-08	8.001069e+01	3.568803e+00
5.320423775576323e-08	8.071223e+01	3.561922e+00
5.506293269027458e-08	8.079646e+01	3.555098e+00
5.752839975498342e-08	8.054358e+01	3.546379e+00
5.978442753877753e-08	8.005595e+01	3.542594e+00
6.207327984412758e-08	7.936452e+01	3.545621e+00
6.438864253437896e-08	7.858463e+01	3.557744e+00
6.742142963259311e-08	7.764924e+01	3.586623e+00
7.087487833909287e-08	7.686058e+01	3.631608e+00
7.294949254008021e-08	7.662442e+01	3.663157e+00
7.484172721194540e-08	7.663349e+01	3.693203e+00
7.658413761201496e-08	7.682472e+01	3.719481e+00
7.889943309163346e-08	7.729826e+01	3.749940e+00
8.144218474457574e-08	7.799905e+01	3.775989e+00
8.380266282911700e-08	7.872643e+01	3.790930e+00
8.689656192707553e-08	7.959196e+01	3.797429e+00
9.032919947556108e-08	8.028325e+01	3.793218e+00
9.225601784358929e-08	8.045464e+01	3.786953e+00
9.419591208566582e-08	8.040099e+01	3.779587e+00
9.610424776985180e-08	8.015726e+01	3.773987e+00
9.838255881807101e-08	7.966923e+01	3.771580e+00
1.007363452626232e-07	7.902609e+01	3.775580e+00
1.031439722671764e-07	7.832710e+01	3.788232e+00
1.063554857394146e-07	7.752881e+01	3.816973e+00
1.099724097546110e-07	7.692773e+01	3.859335e+00
1.117789417203144e-07	7.682687e+01	3.883093e+00
1.139075593969309e-07	7.694350e+01	3.911154e+00
1.160848960450129e-07	7.725684e+01	3.937119e+00
1.183668081319231e-07	7.775573e+01	3.959322e+00
1.207168893171208e-07	7.837527e+01	3.975131e+00
1.233914825816611e-07	7.908031e+01	3.983578e+00
1.267082735652563e-07	7.978893e+01	3.983019e+00
1.294764897944338e-07	8.014471e+01	3.976053e+00
1.312713600790030e-07	8.018717e+01	3.969633e+00
1.334524917826061e-07	8.002001e+01	3.962449e+00
1.357955749172535e-07	7.964580e+01	3.957926e+00
1.381185392530774e-07	7.912711e+01	3.958607e+00
1.404665785860776e-07	7.853658e+01	3.966224e+00
1.434596355413542e-07	7.784471e+01	3.985596e+00
1.469170636645431e-07	7.725156e+01	4.017099e+00
1.489813022388759e-07	7.707522e+01	4.039290e+00
1.508795735637919e-07	7.708374e+01	4.060665e+00
1.526346553633607e-07	7.723162e+01	4.079364e+00
1.549542065075924e-07	7.759417e+01	4.100685e+00
1.574821180051846e-07	7.812553e+01	4.118337e+00
1.598432627925388e-07	7.867985e+01	4.127814e+00
1.629432270016191e-07	7.934097e+01	4.130310e+00
1.663847829301682e-07	7.987103e+01	4.124362e+00
1.683378016275654e-07	8.000650e+01	4.117963e+00
1.702630733463493e-07	7.997170e+01	4.110824e+00
1.721398342929746e-07	7.979700e+01	4.105043e+00
1.744179106423546e-07	7.943706e+01	4.101179e+00
1.767690202314382e-07	7.896007e+01	4.101981e+00
1.791348594383989e-07	7.844654e+01	4.109057e+00
1.823300347065579e-07	7.784749e+01	4.127460e+00
1.858999982573621e-07	7.739484e+01	4.155481e+00
1.877186491022226e-07	7.731414e+01	4.171792e+00
1.898281525170521e-07	7.739631e+01	4.190845e+00
1.919839304963536e-07	7.762704e+01	4.208348e+00
1.942634929316322e-07	7.800221e+01	4.223149e+00
1.966122521395583e-07	7.847249e+01	4.233123e+00
1.992548028109350e-07	7.900759e+01	4.237208e+00
2.025566104864154e-07	7.955612e+01	4.233826e+00
2.054790504079789e-07	7.985693e+01	4.225458e+00
2.072457425323119e-07	7.989660e+01	4.218893e+00
2.095930424192284e-07	7.976871e+01	4.210549e+00
2.118344582062026e-07	7.950595e+01	4.204839e+00
2.141233840523122e-07	7.912603e+01	4.202783e+00
2.164455148430577e-07	7.869055e+01	4.205745e+00
2.194026707969133e-07	7.817687e+01	4.216642e+00
2.228243740197307e-07	7.773112e+01	4.236070e+00
2.248826946477298e-07	7.759448e+01	4.250351e+00
2.267646057919529e-07	7.759602e+01	4.264205e+00
2.284714696726934e-07	7.770072e+01	4.276057e+00
2.307999032535065e-07	7.797273e+01	4.289724e+00
2.333758477730458e-07	7.838237e+01	4.300584e+00
2.357388934230295e-07	7.880659e+01	4.305221e+00
2.388276907654349e-07	7.931715e+01	4.303696e+00
2.422451685833287e-07	7.973334e+01	4.295311e+00
2.442514315578415e-07	7.985197e+01	4.287927e+00
2.461145590254415e-07	7.984203e+01	4.280334e+00
2.478446422626754e-07	7.973547e+01	4.273966e+00
2.501305230517362e-07	7.948109e+01	4.267768e+00
2.525522661857549e-07	7.912466e+01	4.264772e+00
2.549025609989986e-07	7.874477e+01	4.266495e+00
2.579981555698407e-07	7.829998e+01	4.275267e+00
2.614715382441160e-07	7.794926e+01	4.290764e+00
2.633718363706182e-07	7.787110e+01	4.301022e+00
2.654079673174813e-07	7.791356e+01	4.312339e+00
2.674612852896836e-07	7.806458e+01	4.322564e+00
2.697388127368504e-07	7.833617e+01	4.331332e+00
2.721101493289069e-07	7.869218e+01	4.336650e+00
2.745995432095733e-07	7.908496e+01	4.337204e+00
2.778551878585493e-07	7.951698e+01	4.331149e+00
2.815619794096614e-07	7.983201e+01	4.318556e+00
2.833963877100379e-07	7.987209e+01	4.310936e+00
2.856211845947159e-07	7.978288e+01	4.301806e+00
2.878817599705331e-07	7.958579e+01	4.294251e+00
2.901767146267627e-07	7.930294e+01	4.289426e+00
2.925049068616950e-07	7.897824e+01	4.288342e+00
2.954252840311052e-07	7.860212e+01	4.292259e+00
2.988363822789678e-07	7.827486e+01	4.301911e+00
3.008592036665178e-07	7.817893e+01	4.309526e+00
3.027730553475169e-07	7.818687e+01	4.317310e+00
3.045673245944194e-07	7.827759e+01	4.323997e+00
3.068972660371581e-07	7.849355e+01	4.330741e+00
3.093683191063847e-07	7.880076e+01	4.334759e+00
3.117288734998853e-07	7.912891e+01	4.334557e+00
3.148444235318823e-07	7.952525e+01	4.328502e+00
3.183052778974737e-07	7.984852e+01	4.316617e+00
3.203314081515246e-07	7.994022e+01	4.307787e+00
3.221859209513987e-07	7.993311e+01	4.299176e+00
3.239052161430256e-07	7.985375e+01	4.291730e+00
3.261772266048799e-07	7.966470e+01	4.283583e+00
3.286104589267275e-07	7.939773e+01	4.277583e+00
3.309530389499398e-07	7.911691e+01	4.275286e+00
3.340341229999741e-07	7.879186e+01	4.277112e+00
3.374924026263617e-07	7.853996e+01	4.283323e+00
3.393165173703550e-07	7.849041e+01	4.287837e+00
3.414001616685922e-07	7.853248e+01	4.293186e+00
3.435234491092071e-07	7.866029e+01	4.297644e+00
3.457961147383301e-07	7.887590e+01	4.300392e+00
3.481640908613282e-07	7.915437e+01	4.300266e+00
3.507609406240086e-07	7.947044e+01	4.296079e+00
3.540517584738102e-07	7.980720e+01	4.285682e+00
3.573054268709713e-07	8.002514e+01	4.271723e+00
3.590106465183094e-07	8.006253e+01	4.263436e+00
3.610505336225928e-07	8.001885e+01	4.253510e+00
3.631297097386136e-07	7.990159e+01	4.244378e+00
3.653805913579298e-07	7.970975e+01	4.236364e+00
3.676947239645337e-07	7.947459e+01	4.230754e+00
3.703229387790277e-07	7.921214e+01	4.227903e+00
3.736003121644400e-07	7.895241e+01	4.228334e+00
3.761822849586952e-07	7.883594e+01	4.230834e+00
3.780797190077288e-07	7.882616e+01	4.233352e+00
3.799431666440644e-07	7.889017e+01	4.235484e+00
3.825981878223566e-07	7.907249e+01	4.236922e+00
3.850367141592288e-07	7.930412e+01	4.235856e+00
3.874611592877315e-07	7.956620e+01	4.231590e+00
3.905161036531327e-07	7.987064e+01	4.221866e+00
3.940356204474257e-07	8.013165e+01	4.206592e+00
3.961262695100572e-07	8.021065e+01	4.196021e+00
3.979274096886321e-07	8.021185e+01	4.186486e+00
3.995638362586382e-07	8.016052e+01	4.178186e+00
4.018547862099401e-07	8.002405e+01	4.167839e+00
4.043988102997180e-07	7.982045e+01	4.158500e+00
4.067398750892321e-07	7.961390e+01	4.152544e+00
4.097662703812937e-07	7.937848e+01	4.148455e+00
4.131622653777317e-07	7.919672e+01	4.146937e+00
4.149370991595781e-07	7.916251e+01	4.147056e+00
4.170395400950696e-07	7.919739e+01	4.147362e+00
4.191869559803711e-07	7.929881e+01	4.146927e+00
4.214582080193891e-07	7.946704e+01	4.144938e+00
4.238332990699470e-07	7.968494e+01	4.140564e+00
4.264741137757374e-07	7.993590e+01	4.132547e+00
4.297805555807787e-07	8.020095e+01	4.118584e+00
4.330629085699022e-07	8.037444e+01	4.101874e+00
4.348165547181736e-07	8.040663e+01	4.092190e+00
4.368170909236210e-07	8.037750e+01	4.081142e+00
4.388496677227675e-07	8.029430e+01	4.070652e+00
4.410914530577754e-07	8.015429e+01	4.060488e+00
4.433930310811666e-07	7.998225e+01	4.052006e+00
4.459388573108667e-07	7.979497e+01	4.045180e+00
4.491767075332549e-07	7.960628e+01	4.039460e+00
4.517476481320464e-07	7.952086e+01	4.036543e+00
4.534920184221795e-07	7.951466e+01	4.035061e+00
4.553440672558658e-07	7.956292e+01	4.033285e+00
4.579528374249285e-07	7.969917e+01	4.029657e+00
4.604397612497201e-07	7.988120e+01	4.024405e+00
4.628511370258543e-07	8.008461e+01	4.016904e+00
4.659204340257742e-07	8.032817e+01	4.004000e+00
4.693998798831976e-07	8.053957e+01	3.986223e+00
4.715835268720175e-07	8.061346e+01	3.973807e+00
4.732743224297384e-07	8.062151e+01	3.963860e+00
4.752835641336821e-07	8.057959e+01	3.952364e+00
4.776227189764481e-07	8.047980e+01	3.939966e+00
4.799313116491885e-07	8.034406e+01	3.929225e+00
4.822659198093723e-07	8.019207e+01	3.920301e+00
4.851266089845189e-07	8.002772e+01	3.911886e+00
4.885344841889114e-07	7.989265e+01	3.904216e+00
4.903354706618541e-07	7.986758e+01	3.900886e+00
4.924769403155106e-07	7.989694e+01	3.897090e+00
4.946695814799113e-07	7.997923e+01	3.892642e+00
4.969429234467466e-07	8.011202e+01	3.886869e+00
4.993264825379415e-07	8.028400e+01	3.879049e+00
5.020299154782109e-07	8.048580e+01	3.867703e+00
5.053584657801896e-07	8.069579e+01	3.850711e+00
5.086439638918850e-07	8.083329e+01	3.831767e+00
5.104430496650555e-07	8.086100e+01	3.820817e+00
5.123936183588861e-07	8.084243e+01	3.808962e+00
5.143620088297077e-07	8.078467e+01	3.797545e+00
5.165917381185441e-07	8.068351e+01	3.785671e+00
5.188772436451299e-07	8.055877e+01	3.774949e+00
5.213190262751796e-07	8.042722e+01	3.765333e+00
5.245077258519569e-07	8.029132e+01	3.754979e+00
5.270763050001969e-07	8.023151e+01	3.747884e+00
5.290721891822137e-07	8.023120e+01	3.742813e+00
5.309442273483117e-07	8.027355e+01	3.737906e+00
5.333393056106563e-07	8.037585e+01	3.730848e+00
5.357793275365497e-07	8.051806e+01	3.722353e+00
5.381419691246888e-07	8.067517e+01	3.712361e+00
5.412941291041427e-07	8.087348e+01	3.696412e+00
5.447566800985318e-07	8.104218e+01	3.676492e+00
5.470048806249006e-07	8.110570e+01	3.662554e+00
5.486155887496914e-07	8.111476e+01	3.652337e+00
5.508520643082834e-07	8.108351e+01	3.638423e+00
5.529875651247101e-07	8.101873e+01	3.625819e+00
5.552290955698909e-07	8.092293e+01	3.613680e+00
5.575092814921209e-07	8.081462e+01	3.602722e+00
5.602603341899144e-07	8.069812e+01	3.591320e+00
5.635817237445494e-07	8.059989e+01	3.579319e+00
5.653907895602713e-07	8.058070e+01	3.573368e+00
5.675402766232986e-07	8.060280e+01	3.566479e+00
5.697413593327760e-07	8.066622e+01	3.559046e+00
5.720386266972054e-07	8.077036e+01	3.550435e+00
5.744405597213009e-07	8.090611e+01	3.540097e+00
5.771600551523556e-07	8.106696e+01	3.526497e+00
5.804899309270787e-07	8.123547e+01	3.507502e+00
5.839509485197273e-07	8.135383e+01	3.485971e+00
5.858569471120057e-07	8.137991e+01	3.473642e+00
5.877464914074725e-07	8.136938e+01	3.461430e+00
5.896261087931168e-07	8.133066e+01	3.449685e+00
5.918413034382316e-07	8.125858e+01	3.436638e+00
5.941066610546064e-07	8.116905e+01	3.424367e+00
5.964163902763749e-07	8.107829e+01	3.413166e+00
5.995439219578049e-07	8.098087e+01	3.399648e+00
6.021483378881598e-07	8.093735e+01	3.389375e+00
6.042067545649017e-07	8.093969e+01	3.381631e+00
6.062004177826982e-07	8.097753e+01	3.374024e+00
6.086117870796707e-07	8.106120e+01	3.364223e+00
6.110729449745695e-07	8.117628e+01	3.353197e+00
6.134990600381221e-07	8.130419e+01	3.340929e+00
6.167251235517023e-07	8.146321e+01	3.322566e+00
6.202612627175564e-07	8.159666e+01	3.300605e+00
6.224663806766849e-07	8.164433e+01	3.286207e+00
6.240423888840300e-07	8.165099e+01	3.275784e+00
6.262752291445513e-07	8.162782e+01	3.261270e+00
6.283699618534784e-07	8.158090e+01	3.248195e+00
6.305962715688267e-07	8.151114e+01	3.235148e+00
6.328597801987386e-07	8.143327e+01	3.222941e+00
6.355728289208527e-07	8.135197e+01	3.209670e+00
6.388721111182361e-07	8.128730e+01	3.194855e+00
6.408379821706219e-07	8.127875e+01	3.186490e+00
6.431559456191440e-07	8.130794e+01	3.176714e+00
6.456174505852890e-07	8.137512e+01	3.165915e+00
6.479587836293773e-07	8.146748e+01	3.154878e+00
6.503274117632753e-07	8.157741e+01	3.142600e+00
6.533857083944859e-07	8.171714e+01	3.125083e+00
6.568234699467720e-07	8.184470e+01	3.103718e+00
6.595393901278411e-07	8.190889e+01	3.085948e+00
6.612295483121348e-07	8.192331e+01	3.074682e+00
6.630875776682262e-07	8.191467e+01	3.062391e+00
6.649343329846303e-07	8.188625e+01	3.050508e+00
6.671381065050517e-07	8.183336e+01	3.036962e+00
6.693905300632116e-07	8.176853e+01	3.023946e+00
6.716795988615775e-07	8.170437e+01	3.011714e+00
6.747908542286654e-07	8.163699e+01	2.996314e+00
6.771254921314303e-07	8.161226e+01	2.985411e+00
6.792418917629406e-07	8.161871e+01	2.975814e+00
6.813655303095275e-07	8.165390e+01	2.966089e+00
6.837720779551401e-07	8.172301e+01	2.954603e+00
6.862427019381683e-07	8.181652e+01	2.942004e+00
6.888100686822975e-07	8.192398e+01	2.927772e+00
6.920831649518906e-07	8.204918e+01	2.908052e+00
6.957586846415193e-07	8.215359e+01	2.884514e+00
6.979737420728831e-07	8.218742e+01	2.869863e+00
6.995837180417130e-07	8.219058e+01	2.859163e+00
7.015782605271832e-07	8.217300e+01	2.846145e+00
7.038087662131882e-07	8.213421e+01	2.832083e+00
7.060732214088353e-07	8.208154e+01	2.818514e+00
7.083611044898398e-07	8.202522e+01	2.805663e+00
7.111436758877837e-07	8.196850e+01	2.791076e+00
7.140674606409145e-07	8.193438e+01	2.776595e+00
7.161827176063243e-07	8.193423e+01	2.766460e+00
7.182250125459537e-07	8.195961e+01	2.756692e+00
7.206969857909315e-07	8.201777e+01	2.744526e+00
7.232099708724427e-07	8.209885e+01	2.731514e+00
7.256322515259394e-07	8.218842e+01	2.718073e+00
7.288644291161561e-07	8.230283e+01	2.698794e+00
7.323630815573055e-07	8.240059e+01	2.676712e+00
7.347916440542087e-07	8.244228e+01	2.660860e+00
7.364029969793748e-07	8.245157e+01	2.650245e+00
7.382417107451847e-07	8.244468e+01	2.638248e+00
7.400696359257257e-07	8.242351e+01	2.626605e+00
7.422664530321579e-07	8.238448e+01	2.613123e+00
7.445088237898673e-07	8.233751e+01	2.600018e+00
7.468259811282669e-07	8.229158e+01	2.587260e+00
7.499392658112050e-07	8.224553e+01	2.571040e+00
7.519236209158816e-07	8.223301e+01	2.561115e+00
7.540844998963717e-07	8.224167e+01	2.550527e+00
7.562925956169887e-07	8.227274e+01	2.539634e+00
7.586848715647053e-07	8.232875e+01	2.527486e+00
7.611578379855701e-07	8.240372e+01	2.514315e+00
7.638040220879226e-07	8.249125e+01	2.499338e+00
7.671041699977642e-07	8.258968e+01	2.479479e+00
7.708602477119994e-07	8.267154e+01	2.455852e+00
7.730951602126773e-07	8.269704e+01	2.441485e+00
7.746921686631556e-07	8.269892e+01	2.431217e+00
7.766319460068800e-07	8.268561e+01	2.418957e+00
7.788669834967722e-07	8.265639e+01	2.405247e+00
7.811346244039693e-07	8.261756e+01	2.391906e+00
7.834182852590948e-07	8.257725e+01	2.379151e+00
7.862566174302551e-07	8.253694e+01	2.364105e+00
7.888055069136257e-07	8.251802e+01	2.351149e+00
7.909676393127506e-07	8.252119e+01	2.340425e+00
7.931348300789714e-07	8.254471e+01	2.329686e+00
7.955965841589330e-07	8.259244e+01	2.317232e+00
7.981138484858906e-07	8.265784e+01	2.304005e+00
8.006171244703602e-07	8.273095e+01	2.290154e+00
8.038761766231122e-07	8.282034e+01	2.271120e+00
8.074549488898059e-07	8.289648e+01	2.249338e+00
8.097780000384681e-07	8.292612e+01	2.234871e+00
8.113583101015683e-07	8.293249e+01	2.224992e+00
8.131803113867289e-07	8.292698e+01	2.213721e+00
8.149913711747979e-07	8.291106e+01	2.202756e+00
8.171835651557503e-07	8.288201e+01	2.189902e+00
8.194181972817435e-07	8.284772e+01	2.177328e+00
8.218281245900701e-07	8.281382e+01	2.164416e+00
8.249682583507703e-07	8.278304e+01	2.148316e+00
8.269325366040661e-07	8.277773e+01	2.138559e+00
8.294091402541694e-07	8.279198e+01	2.126430e+00
8.318263873751809e-07	8.282494e+01	2.114491e+00
8.341535667414303e-07	8.287275e+01	2.102703e+00
8.365674310121044e-07	8.293301e+01	2.089986e+00
8.394421583237498e-07	8.300683e+01	2.074117e+00
8.428141954766959e-07	8.308056e+01	2.054679e+00
8.462519680941753e-07	8.313173e+01	2.034288e+00
8.483034038613658e-07	8.314547e+01	2.021999e+00
8.499756515015161e-07	8.314459e+01	2.012035e+00
8.515086915434374e-07	8.313538e+01	2.003057e+00
8.536700775554590e-07	8.311320e+01	1.990726e+00
8.559449827251954e-07	8.308408e+01	1.978195e+00
8.582491510877045e-07	8.305451e+01	1.966055e+00
8.612111641983863e-07	8.302474e+01	1.951107e+00
8.634192074346600e-07	8.301422e+01	1.940336e+00
8.656122409206022e-07	8.301866e+01	1.929855e+00
8.678492962450192e-07	8.303883e+01	1.919177e+00
8.702892526120473e-07	8.307671e+01	1.907353e+00
8.727991811705169e-07	8.312803e+01	1.894836e+00
8.752651653337395e-07	8.318404e+01	1.882042e+00
8.785134678430493e-07	8.325283e+01	1.864479e+00
8.820616581396978e-07	8.331083e+01	1.844688e+00
8.843887988884386e-07	8.333352e+01	1.831494e+00
8.859952848034911e-07	8.333843e+01	1.822378e+00
8.877885655932095e-07	8.333430e+01	1.812312e+00
8.895591593112648e-07	8.332253e+01	1.802568e+00
8.917468228238599e-07	8.330068e+01	1.790868e+00
8.939742369508232e-07	8.327509e+01	1.779385e+00
8.965358491013930e-07	8.324854e+01	1.766743e+00
8.997222554470140e-07	8.322683e+01	1.751619e+00
9.018284149542800e-07	8.322383e+01	1.741898e+00
9.038287180813659e-07	8.323406e+01	1.732776e+00
9.065862015216755e-07	8.326471e+01	1.720128e+00
9.089824318327753e-07	8.330338e+01	1.708912e+00
9.114381945845067e-07	8.335107e+01	1.697048e+00
9.142596873166729e-07	8.340621e+01	1.682908e+00
9.176469632011476e-07	8.346142e+01	1.665372e+00
9.209185100057577e-07	8.349677e+01	1.648097e+00
9.229091286766745e-07	8.350584e+01	1.637537e+00
9.245920080566968e-07	8.350442e+01	1.628678e+00
9.261163466521066e-07	8.349689e+01	1.620790e+00
9.282732807892083e-07	8.347946e+01	1.609900e+00
9.304634188870539e-07	8.345778e+01	1.599197e+00
9.328993496527647e-07	8.343409e+01	1.587775e+00
9.359984536216309e-07	8.341082e+01	1.573793e+00
9.379091909981720e-07	8.340430e+01	1.565434e+00
9.400784674966019e-07	8.340800e+01	1.556125e+00
9.423020580239019e-07	8.342322e+01	1.546607e+00
9.447199556085365e-07	8.345164e+01	1.536151e+00
9.472152084784242e-07	8.349020e+01	1.525126e+00
9.495137680237994e-07	8.352973e+01	1.514658e+00
9.526331654189805e-07	8.358041e+01	1.499988e+00
9.559950016827689e-07	8.362324e+01	1.483783e+00
9.585130033377392e-07	8.364285e+01	1.471489e+00
9.602321994695236e-07	8.364738e+01	1.463100e+00
9.619864285558825e-07	8.364454e+01	1.454630e+00
9.636834029799577e-07	8.363596e+01	1.446588e+00
9.658652497352271e-07	8.361915e+01	1.436518e+00
9.680851137276167e-07	8.359920e+01	1.426629e+00
9.708783040852771e-07	8.357612e+01	1.414703e+00
9.741300111427808e-07	8.355801e+01	1.401347e+00
9.762371819783029e-07	8.355510e+01	1.392936e+00
9.782682977043249e-07	8.356247e+01	1.384942e+00
9.809932221953777e-07	8.358471e+01	1.374190e+00
9.833277711803549e-07	8.361259e+01	1.364840e+00
9.857686148805515e-07	8.364778e+01	1.354827e+00
9.882443712674382e-07	8.368397e+01	1.344378e+00
9.915167187813117e-07	8.372395e+01	1.330199e+00
9.951967682315931e-07	8.375364e+01	1.314009e+00
9.972722739034427e-07	8.376014e+01	1.304863e+00
9.990348397497706e-07	8.375783e+01	1.297172e+00
1.000724819224235e-06	8.375012e+01	1.289938e+00
1.002914587632117e-06	8.373489e+01	1.280810e+00
1.005135726767883e-06	8.371676e+01	1.271881e+00
1.008125530914826e-06	8.369412e+01	1.260380e+00
1.011438646313048e-06	8.367693e+01	1.248138e+00
1.013529750779119e-06	8.367392e+01	1.240643e+00
1.015620507380705e-06	8.368010e+01	1.233262e+00
1.018283120596129e-06	8.369840e+01	1.223852e+00
1.020593983452821e-06	8.372179e+01	1.215577e+00
1.023005099175017e-06	8.375121e+01	1.206762e+00
1.025215094579608e-06	8.377892e+01	1.198484e+00
1.027845048103678e-06	8.380970e+01	1.188434e+00
1.028845048103678e-06	8.382010e+01	1.184564e+00
1.029309903792643e-06	8.382414e+01	1.182749e+00
1.029929711377929e-06	8.382884e+01	1.180323e+00
1.031000000000000e-06	8.383607e+01	1.176127e+00
1.032000000000000e-06	8.384072e+01	1.172202e+00
1.032280000000000e-06	8.384167e+01	1.171104e+00
1.032600000000000e-06	8.384255e+01	1.169851e+00
1.033240000000000e-06	8.384359e+01	1.167351e+00
1.034520000000000e-06	8.384317e+01	1.162389e+00
1.036774587821288e-06	8.383685e+01	1.153774e+00
1.038821346865200e-06	8.382585e+01	1.146147e+00
1.041275658876444e-06	8.380803e+01	1.137326e+00
1.044006976253575e-06	8.378770e+01	1.127947e+00
1.047471753144369e-06	8.376493e+01	1.116502e+00
1.047715442799861e-06	8.376370e+01	1.115719e+00
1.048202822110845e-06	8.376180e+01	1.114181e+00
1.048324666938591e-06	8.376137e+01	1.113798e+00
1.048355128145527e-06	8.376126e+01	1.113702e+00
1.048416050559400e-06	8.376106e+01	1.113511e+00
1.048431281162869e-06	8.376102e+01	1.113463e+00
1.048435088813736e-06	8.376100e+01	1.113451e+00
1.048442704115470e-06	8.376098e+01	1.113428e+00
1.048444607940903e-06	8.376097e+01	1.113422e+00
1.048449367504487e-06	8.376096e+01	1.113407e+00
1.048451033351742e-06	8.376096e+01	1.113402e+00
1.048452937177175e-06	8.376095e+01	1.113396e+00
1.048456744828042e-06	8.376093e+01	1.113384e+00
1.048464360129777e-06	8.376091e+01	1.113361e+00
1.048479590733245e-06	8.376086e+01	1.113314e+00
1.048510051940181e-06	8.376077e+01	1.113224e+00
1.048570974354054e-06	8.376060e+01	1.113045e+00
1.048667615594755e-06	8.376033e+01	1.112766e+00
1.048781605455000e-06	8.376007e+01	1.112439e+00
1.048961645868259e-06	8.375973e+01	1.111925e+00
1.049156329942887e-06	8.375949e+01	1.111371e+00
1.049545698092144e-06	8.375945e+01	1.110262e+00
1.050210307714697e-06	8.376067e+01	1.108370e+00
1.051539526959801e-06	8.376734e+01	1.104560e+00
1.053681416910351e-06	8.378630e+01	1.098317e+00
1.055601064798124e-06	8.381038e+01	1.092551e+00
1.057586442196563e-06	8.384038e+01	1.086343e+00
1.059461117473825e-06	8.386941e+01	1.080195e+00
1.062168016433153e-06	8.390536e+01	1.070871e+00
1.064999064828648e-06	8.392648e+01	1.060655e+00
1.068344815626574e-06	8.392332e+01	1.048025e+00
1.070291550664293e-06	8.390025e+01	1.040082e+00
1.071935883407148e-06	8.385543e+01	1.032143e+00
1.073570838820649e-06	8.377044e+01	1.022046e+00
1.075407732358405e-06	8.360212e+01	1.007680e+00
1.077222975488630e-06	8.330587e+01	9.906959e-01
1.080591567702713e-06	8.247567e+01	9.557538e-01
1.082273908596858e-06	8.192060e+01	9.370804e-01
1.083405138004133e-06	8.146001e+01	9.237219e-01
1.084260222280299e-06	8.106832e+01	9.134325e-01
1.084988136676129e-06	8.070650e+01	9.048949e-01
1.085697086405481e-06	8.032930e+01	8.969059e-01
1.086733272781803e-06	7.974189e+01	8.855058e-01
1.087823794092214e-06	7.908317e+01	8.733393e-01
1.088907756864886e-06	7.838338e+01	8.603876e-01
1.089916254076332e-06	7.768481e+01	8.466559e-01
1.090947854781793e-06	7.691168e+01	8.298701e-01
1.091968998876923e-06	7.607269e+01	8.094366e-01
1.093013437781805e-06	7.511727e+01	7.835129e-01
1.094040817048248e-06	7.405567e+01	7.520743e-01
1.095079288153335e-06	7.283031e+01	7.134482e-01
1.096106601272859e-06	7.143717e+01	6.678103e-01
1.097143536558968e-06	6.981814e+01	6.138019e-01
1.098172993927238e-06	6.797211e+01	5.521324e-01
1.099208868113038e-06	6.585190e+01	4.821208e-01
1.100239229057649e-06	6.346707e+01	4.050684e-01
1.101274134584594e-06	6.078968e+01	3.210848e-01
1.102305227625390e-06	5.784820e+01	2.320530e-01
1.103339546114919e-06	5.464230e+01	1.388859e-01
1.104371162162665e-06	5.122276e+01	4.388702e-02
1.105405041469468e-06	4.761729e+01	-5.145997e-02
1.106437014512198e-06	4.389404e+01	-1.447558e-01
1.107470585209371e-06	4.010040e+01	-2.343313e-01
1.108502810469465e-06	3.631012e+01	-3.180563e-01
1.109544406474672e-06	3.255644e+01	-3.944426e-01
1.110861549373450e-06	2.800560e+01	-4.775091e-01
1.112360885671430e-06	2.321144e+01	-5.517390e-01
1.114269515204853e-06	1.784494e+01	-6.137044e-01
1.116548047267090e-06	1.253687e+01	-6.451860e-01
1.118902225349529e-06	8.224332e+00	-6.370495e-01
1.120846527888692e-06	5.566133e+00	-6.034145e-01
1.123218654879631e-06	3.228819e+00	-5.416147e-01
1.125447535675662e-06	1.595886e+00	-4.754238e-01
1.126188509166734e-06	1.186637e+00	-4.531674e-01
1.127518053017855e-06	5.951034e-01	-4.147456e-01
1.128000000000000e-06	4.036379e-01	-4.014418e-01
1.128252742249981e-06	3.153086e-01	-3.949074e-01
1.128541590535674e-06	2.198754e-01	-3.877210e-01
1.129000000000000e-06	7.419715e-02	-3.766341e-01
1.129137522839297e-06	3.344974e-02	-3.734886e-01
1.129296371368649e-06	-1.250663e-02	-3.699272e-01
1.129458361748277e-06	-5.829440e-02	-3.663709e-01
1.129636750472389e-06	-1.073660e-01	-3.625529e-01
1.129783463197120e-06	-1.464151e-01	-3.595129e-01
1.130000000000000e-06	-2.023315e-01	-3.551651e-01
1.130053672552130e-06	-2.158283e-01	-3.541176e-01
1.130107345104260e-06	-2.291738e-01	-3.530839e-01
1.130161017656390e-06	-2.423680e-01	-3.520641e-01
1.130214690208520e-06	-2.554108e-01	-3.510582e-01
1.130268362760650e-06	-2.683023e-01	-3.500660e-01
1.130322035312780e-06	-2.810424e-01	-3.490877e-01
1.130375707864910e-06	-2.936312e-01	-3.481233e-01
1.130763535338367e-06	-3.836037e-01	-3.415773e-01
1.131539190285279e-06	-5.473920e-01	-3.301734e-01
1.132355246474118e-06	-6.603757e-01	-3.206630e-01
1.133256104376709e-06	-7.024588e-01	-3.136336e-01
1.134180673973800e-06	-7.055533e-01	-3.101450e-01
1.135015886018375e-06	-7.049271e-01	-3.106439e-01
1.136380374138512e-06	-7.044222e-01	-3.176380e-01
1.138154148071669e-06	-7.036516e-01	-3.339784e-01
1.140269974210060e-06	-7.031608e-01	-3.591435e-01
1.142372363641902e-06	-7.026290e-01	-3.838207e-01
1.144497668226599e-06	-7.015687e-01	-4.042420e-01
1.144865926893758e-06	-7.014225e-01	-4.065268e-01
1.145602444228076e-06	-7.012131e-01	-4.091584e-01
1.145786573561656e-06	-7.010718e-01	-4.095315e-01
1.146154832228815e-06	-7.007151e-01	-4.097828e-01
1.146246896895604e-06	-7.005264e-01	-4.097693e-01
1.146431026229184e-06	-6.990135e-01	-4.096109e-01
1.146477058562579e-06	-6.947112e-01	-4.095528e-01
1.146569123229369e-06	-6.755813e-01	-4.094067e-01
1.146592139396066e-06	-6.704575e-01	-4.093665e-01
1.146638171729461e-06	-6.628556e-01	-4.092763e-01
1.146730236396250e-06	-6.520181e-01	-4.090662e-01
1.146914365729830e-06	-6.302145e-01	-4.085504e-01
1.147132178210356e-06	-5.965085e-01	-4.077500e-01
1.147567803171408e-06	-5.042391e-01	-4.055934e-01
1.148150127269581e-06	-3.499092e-01	-4.019700e-01
1.148386762975324e-06	-2.771922e-01	-4.002238e-01
1.148521885883738e-06	-2.313721e-01	-3.991143e-01
1.148595575576122e-06	-2.039050e-01	-3.984806e-01
1.148654755362050e-06	-1.790249e-01	-3.979575e-01
1.148714607633653e-06	-1.506964e-01	-3.974167e-01
1.148828444273865e-06	-9.214332e-02	-3.963646e-01
1.148945453364630e-06	-2.936647e-02	-3.952537e-01
1.149332039260689e-06	1.819323e-01	-3.913381e-01
1.149777459866788e-06	4.254102e-01	-3.863799e-01
1.150369136259854e-06	7.425568e-01	-3.790366e-01
1.151366575828596e-06	1.244651e+00	-3.648171e-01
1.152432438345612e-06	1.734643e+00	-3.473858e-01
1.153116251815528e-06	2.026999e+00	-3.345727e-01
1.154031477565850e-06	2.370234e+00	-3.149777e-01
1.155374741633831e-06	2.617767e+00	-2.814309e-01
1.157021285195947e-06	2.403818e+00	-2.314313e-01
1.158654324417730e-06	1.837782e+00	-1.710321e-01
1.160046352994282e-06	1.300182e+00	-1.108375e-01
1.161573490781823e-06	7.394043e-01	-3.822351e-02
1.162675957480191e-06	3.840277e-01	1.658892e-02
1.163423394096806e-06	2.231502e-01	5.414933e-02
1.164148241618531e-06	1.467490e-01	9.009500e-02
1.164599865043313e-06	1.254262e-01	1.118878e-01
1.165168953151271e-06	1.110250e-01	1.384163e-01
1.165698161313923e-06	1.021673e-01	1.619381e-01
1.166555730397831e-06	9.292151e-02	1.975166e-01
1.167467777354613e-06	8.656234e-02	2.313407e-01
1.168843665666767e-06	8.063081e-02	2.738424e-01
1.170338605538402e-06	7.641049e-02	3.067351e-01
1.172611387688783e-06	7.169624e-02	3.308601e-01
1.175058176910890e-06	6.709567e-02	3.262550e-01
1.177961478572554e-06	6.163447e-02	2.898828e-01
1.179785700900123e-06	5.822106e-02	2.556943e-01
1.181659838283353e-06	5.504638e-02	2.175948e-01
1.183499885916098e-06	5.273634e-02	1.863683e-01
1.185760365177800e-06	5.144700e-02	1.644268e-01
1.188086661278479e-06	5.216606e-02	1.663907e-01
1.190398760719379e-06	5.534356e-02	1.996283e-01
1.193541487428018e-06	6.301077e-02	2.886876e-01
1.197062782080558e-06	7.440285e-02	4.256046e-01
1.199000444235227e-06	8.153379e-02	5.121813e-01
1.201084002910016e-06	8.935054e-02	6.065944e-01
1.203197242455847e-06	9.672582e-02	6.937727e-01
1.205464053463516e-06	1.035082e-01	7.702964e-01
1.207799887756749e-06	1.088460e-01	8.245469e-01
1.210364177131337e-06	1.124680e-01	8.508084e-01
1.213611196397542e-06	1.142924e-01	8.429527e-01
1.216581898393305e-06	1.141375e-01	8.085133e-01
1.218390828438647e-06	1.135374e-01	7.798483e-01
1.220558334414120e-06	1.129880e-01	7.477417e-01
1.222859803089446e-06	1.132637e-01	7.260624e-01
1.225143548414407e-06	1.148982e-01	7.243275e-01
1.227453523251265e-06	1.183457e-01	7.487032e-01
1.230403903052667e-06	1.252308e-01	8.159406e-01
1.233827419533235e-06	1.355775e-01	9.281591e-01
1.235968737441536e-06	1.429775e-01	1.011710e+00
1.237655642553654e-06	1.490667e-01	1.081123e+00
1.239364125276742e-06	1.550311e-01	1.148222e+00
1.241785746391759e-06	1.626789e-01	1.231145e+00
1.244380688277780e-06	1.694985e-01	1.299397e+00
1.246753823976083e-06	1.739991e-01	1.335954e+00
1.249783808005363e-06	1.773177e-01	1.346631e+00
1.253167051091392e-06	1.788628e-01	1.326679e+00
1.255034287529509e-06	1.789760e-01	1.304862e+00
1.256919710972371e-06	1.788670e-01	1.279707e+00
1.258755535395883e-06	1.790445e-01	1.259596e+00
1.261022254192072e-06	1.800598e-01	1.246780e+00
1.263354414136837e-06	1.823168e-01	1.251748e+00
1.265672411489112e-06	1.861314e-01	1.280098e+00
1.268821665273205e-06	1.935521e-01	1.351816e+00
1.272340197416219e-06	2.037651e-01	1.460329e+00
1.274298162607342e-06	2.100550e-01	1.529586e+00
1.276348410603188e-06	2.167390e-01	1.603409e+00
1.278416639981526e-06	2.230832e-01	1.671833e+00
1.280684951472681e-06	2.292051e-01	1.734340e+00
1.283032285219970e-06	2.343143e-01	1.780745e+00
1.285531475803975e-06	2.381179e-01	1.805877e+00
1.288769541218477e-06	2.409212e-01	1.807092e+00
1.291940788965373e-06	2.421258e-01	1.785748e+00
1.293759309461851e-06	2.423806e-01	1.767302e+00
1.296061886742464e-06	2.427675e-01	1.745256e+00
1.298325717258389e-06	2.437335e-01	1.732594e+00
1.300605255626337e-06	2.456733e-01	1.734500e+00
1.302913937856531e-06	2.489286e-01	1.755833e+00
1.305882944881824e-06	2.549390e-01	1.810545e+00
1.309311094526619e-06	2.636190e-01	1.899637e+00
1.311443963807654e-06	2.697065e-01	1.965247e+00
1.313107539952122e-06	2.746426e-01	2.019167e+00
1.314878137302731e-06	2.797196e-01	2.073870e+00
1.317513613833581e-06	2.865897e-01	2.145010e+00
1.320010112346113e-06	2.920582e-01	2.196915e+00
1.322431915468981e-06	2.960018e-01	2.227077e+00
1.325432994183874e-06	2.990809e-01	2.237793e+00
1.328907616704531e-06	3.009804e-01	2.225824e+00
1.330786380218636e-06	3.014628e-01	2.211521e+00
1.332735311790371e-06	3.018072e-01	2.194652e+00
1.334679109716171e-06	3.023976e-01	2.181758e+00
1.336938132518233e-06	3.037036e-01	2.176285e+00
1.339276949746828e-06	3.059946e-01	2.184851e+00
1.341715067320411e-06	3.096282e-01	2.212526e+00
1.344929430730258e-06	3.161069e-01	2.274312e+00
1.348592191146495e-06	3.249073e-01	2.365888e+00
1.350387552633332e-06	3.295681e-01	2.415932e+00
1.352569475320193e-06	3.352166e-01	2.476486e+00
1.354799663797393e-06	3.405673e-01	2.532068e+00
1.357092434997901e-06	3.453304e-01	2.578240e+00
1.359439441946342e-06	3.491803e-01	2.610303e+00
1.362201528140376e-06	3.523009e-01	2.627241e+00
1.365543295621475e-06	3.545401e-01	2.625233e+00
1.367991142826722e-06	3.554022e-01	2.612510e+00
1.369815791876962e-06	3.557911e-01	2.599507e+00
1.371680551260403e-06	3.562896e-01	2.587976e+00
1.374220737121564e-06	3.574786e-01	2.580187e+00
1.376652462103756e-06	3.594109e-01	2.584839e+00
1.379037016362421e-06	3.623502e-01	2.605190e+00
1.382093311753731e-06	3.675358e-01	2.652602e+00
1.385600630487929e-06	3.747684e-01	2.726224e+00
1.387631709871088e-06	3.793931e-01	2.775383e+00
1.389604619186436e-06	3.839822e-01	2.824581e+00
1.391540229992133e-06	3.882731e-01	2.869705e+00
1.393825333292140e-06	3.928249e-01	2.915347e+00
1.396188224618246e-06	3.967659e-01	2.951205e+00
1.398528998987714e-06	3.996828e-01	2.972165e+00
1.401712999541076e-06	4.022273e-01	2.979809e+00
1.405237053392929e-06	4.038308e-01	2.970647e+00
1.406992895371560e-06	4.042840e-01	2.961185e+00
1.409055632361377e-06	4.047512e-01	2.949384e+00
1.411168283779175e-06	4.054883e-01	2.941395e+00
1.413424524149065e-06	4.067967e-01	2.940882e+00
1.415747836411090e-06	4.089023e-01	2.951878e+00
1.418432672453517e-06	4.123857e-01	2.980446e+00
1.421736554280104e-06	4.178798e-01	3.033771e+00
1.424578450689943e-06	4.233348e-01	3.090594e+00
1.426342019189494e-06	4.269155e-01	3.128799e+00
1.428714151639482e-06	4.316451e-01	3.178926e+00
1.430980770713310e-06	4.358007e-01	3.221447e+00
1.433277994027086e-06	4.394146e-01	3.255707e+00
1.435615930804762e-06	4.422888e-01	3.278726e+00
1.438501191531921e-06	4.447118e-01	3.290648e+00
1.441894875164455e-06	4.464244e-01	3.288112e+00
1.444066282846201e-06	4.470336e-01	3.279518e+00
1.445908497095888e-06	4.473809e-01	3.269927e+00
1.447567703584813e-06	4.477643e-01	3.262523e+00
1.449885223590207e-06	4.486332e-01	3.257398e+00
1.452414798694511e-06	4.501694e-01	3.260817e+00
1.454768681771602e-06	4.523551e-01	3.275483e+00
1.457845379520764e-06	4.562878e-01	3.310914e+00
1.461271470632221e-06	4.616186e-01	3.364715e+00
1.463318069511620e-06	4.651499e-01	3.402087e+00
1.465227795648082e-06	4.685345e-01	3.438334e+00
1.467023303563094e-06	4.715903e-01	3.470563e+00
1.469330633440708e-06	4.751474e-01	3.506534e+00
1.471805138062583e-06	4.783708e-01	3.536399e+00
1.474161876735516e-06	4.806889e-01	3.553796e+00
1.477268382193105e-06	4.826740e-01	3.561088e+00
1.480725781172509e-06	4.839416e-01	3.555574e+00
1.482614232173958e-06	4.843200e-01	3.548123e+00
1.484585030881864e-06	4.846258e-01	3.539254e+00
1.486556588114379e-06	4.850701e-01	3.532647e+00
1.488820501698269e-06	4.859256e-01	3.530432e+00
1.491168793916870e-06	4.873398e-01	3.536200e+00
1.493648109922985e-06	4.895404e-01	3.553036e+00
1.496885567674261e-06	4.933612e-01	3.589362e+00
1.500592917944188e-06	4.985283e-01	3.642939e+00
1.502477208945861e-06	5.013366e-01	3.672957e+00
1.504907104668909e-06	5.048999e-01	3.710874e+00
1.507231234545296e-06	5.080010e-01	3.742642e+00
1.509541826251985e-06	5.106053e-01	3.767195e+00
1.511881126728645e-06	5.126131e-01	3.782833e+00
1.514863981803166e-06	5.142877e-01	3.789858e+00
1.518308724586251e-06	5.153719e-01	3.785681e+00
1.520312305018125e-06	5.156828e-01	3.778723e+00
1.522188103743650e-06	5.158632e-01	3.770766e+00
1.523939324205517e-06	5.161040e-01	3.764581e+00
1.526236202616915e-06	5.166792e-01	3.760551e+00
1.528634723160291e-06	5.177037e-01	3.762869e+00
1.530987737842581e-06	5.192710e-01	3.773723e+00
1.534096883967823e-06	5.221416e-01	3.800211e+00
1.537585955284916e-06	5.260684e-01	3.840638e+00
1.539569834514560e-06	5.285351e-01	3.867196e+00
1.541553520294292e-06	5.310478e-01	3.894506e+00
1.543512695822813e-06	5.333990e-01	3.919595e+00
1.545799395768422e-06	5.358387e-01	3.944425e+00
1.548167662687161e-06	5.379154e-01	3.963553e+00
1.550528840453801e-06	5.394070e-01	3.974167e+00
1.553736143806017e-06	5.406039e-01	3.976549e+00
1.557297191559677e-06	5.412263e-01	3.969054e+00
1.559069086768830e-06	5.413353e-01	3.962540e+00
1.561146135723262e-06	5.414233e-01	3.954537e+00
1.563272143088602e-06	5.416580e-01	3.948692e+00
1.565536045228957e-06	5.421995e-01	3.947016e+00
1.567866687459027e-06	5.431817e-01	3.951811e+00
1.570570166691153e-06	5.449100e-01	3.966361e+00
1.573885874944870e-06	5.476978e-01	3.994374e+00
1.576642132860788e-06	5.504006e-01	4.023540e+00
1.578442581285667e-06	5.522704e-01	4.044220e+00
1.580670065511346e-06	5.545242e-01	4.069000e+00
1.583027332126881e-06	5.566830e-01	4.091940e+00
1.585353113254315e-06	5.584553e-01	4.109357e+00
1.587713007474917e-06	5.597742e-01	4.120036e+00
1.590634850640451e-06	5.607439e-01	4.123630e+00
1.594063619460147e-06	5.612202e-01	4.118328e+00
1.596195769536771e-06	5.612434e-01	4.111185e+00
1.598028093030545e-06	5.611669e-01	4.103784e+00
1.599696263514578e-06	5.611360e-01	4.097765e+00
1.602012403574425e-06	5.612777e-01	4.092353e+00
1.604550252403352e-06	5.617610e-01	4.091516e+00
1.606906338849570e-06	5.626306e-01	4.097204e+00
1.609982217397225e-06	5.643633e-01	4.113761e+00
1.613406735872931e-06	5.668158e-01	4.140191e+00
1.615398810071332e-06	5.684242e-01	4.158370e+00
1.617345709146232e-06	5.700377e-01	4.176833e+00
1.619229523038147e-06	5.715124e-01	4.193471e+00
1.621534724006105e-06	5.730943e-01	4.210606e+00
1.623910867664590e-06	5.743898e-01	4.223393e+00
1.626263620077112e-06	5.752369e-01	4.229721e+00
1.629407400921363e-06	5.757440e-01	4.229150e+00
1.632919620126135e-06	5.757572e-01	4.220610e+00
1.634827769669565e-06	5.755820e-01	4.213444e+00
1.636810649458206e-06	5.753494e-01	4.205431e+00
1.638800751901630e-06	5.751961e-01	4.198741e+00
1.641052530524802e-06	5.752171e-01	4.194243e+00
1.643392147973471e-06	5.755338e-01	4.194141e+00
1.645884349436818e-06	5.762674e-01	4.200118e+00
1.649124782055246e-06	5.777344e-01	4.215753e+00
1.652380992399431e-06	5.795829e-01	4.237221e+00
1.654189833946247e-06	5.807076e-01	4.250689e+00
1.656430718853737e-06	5.820764e-01	4.267101e+00
1.658703336754238e-06	5.833101e-01	4.281534e+00
1.661005926475854e-06	5.843018e-01	4.292417e+00
1.663356403338114e-06	5.849608e-01	4.298399e+00
1.666197748480476e-06	5.852664e-01	4.298536e+00
1.669579808533123e-06	5.851107e-01	4.291256e+00
1.671999631531153e-06	5.847425e-01	4.282444e+00
1.673783969015529e-06	5.843872e-01	4.274854e+00
1.675761777136508e-06	5.840211e-01	4.267010e+00
1.678215802019861e-06	5.837183e-01	4.259725e+00
1.680749453552308e-06	5.836616e-01	4.256206e+00
1.683107522942958e-06	5.839294e-01	4.257883e+00
1.686198392928274e-06	5.847259e-01	4.266933e+00
1.689652328278765e-06	5.859978e-01	4.282928e+00
1.691554950293679e-06	5.868176e-01	4.293606e+00
1.693583168004845e-06	5.877097e-01	4.305342e+00
1.695624485982788e-06	5.885210e-01	4.315939e+00
1.697903067114256e-06	5.892414e-01	4.325102e+00
1.700273707783168e-06	5.897178e-01	4.330685e+00
1.702749480539447e-06	5.898551e-01	4.331310e+00
1.705998139521813e-06	5.895429e-01	4.325073e+00
1.709687142516895e-06	5.887679e-01	4.312053e+00
1.711503082837763e-06	5.882770e-01	4.304181e+00
1.713693840235197e-06	5.876763e-01	4.294745e+00
1.715928057955152e-06	5.871682e-01	4.286835e+00
1.718216430831725e-06	5.868322e-01	4.281639e+00
1.720544028615536e-06	5.867437e-01	4.280284e+00
1.723416764682296e-06	5.869864e-01	4.284040e+00
1.726804798125563e-06	5.876205e-01	4.293840e+00
1.728932386980389e-06	5.881572e-01	4.302157e+00
1.730827237428697e-06	5.886759e-01	4.310247e+00
1.732554477778580e-06	5.891083e-01	4.317077e+00
1.734890622683316e-06	5.895553e-01	4.324350e+00
1.737440387785029e-06	5.898122e-01	4.328960e+00
1.739801632468479e-06	5.897581e-01	4.329017e+00
1.742896551594777e-06	5.892665e-01	4.323053e+00
1.746319245015513e-06	5.883443e-01	4.311084e+00
1.748358421158570e-06	5.876486e-01	4.301932e+00
1.749979083555967e-06	5.870510e-01	4.294106e+00
1.751679980978524e-06	5.864505e-01	4.286394e+00
1.754278487260401e-06	5.856533e-01	4.276568e+00
1.756702443834580e-06	5.850933e-01	4.270293e+00
1.759115358551252e-06	5.847816e-01	4.267864e+00
1.762105054608293e-06	5.847145e-01	4.269791e+00
1.765614399727524e-06	5.849236e-01	4.276522e+00
1.767470233317418e-06	5.851174e-01	4.281405e+00
1.769551621819945e-06	5.853444e-01	4.287106e+00
1.771672109750911e-06	5.855017e-01	4.291885e+00
1.773944172548596e-06	5.855229e-01	4.294898e+00
1.776310735035240e-06	5.853288e-01	4.294925e+00
1.778900890000520e-06	5.848237e-01	4.290747e+00
1.782187715228062e-06	5.838109e-01	4.280143e+00
1.785442800609584e-06	5.825341e-01	4.265801e+00
1.787144269117116e-06	5.817905e-01	4.257294e+00
1.789185690605311e-06	5.808886e-01	4.247075e+00
1.791266893997119e-06	5.800304e-01	4.237689e+00
1.793516825107277e-06	5.792256e-01	4.229503e+00
1.795830238450910e-06	5.785740e-01	4.223835e+00
1.798460189334328e-06	5.780709e-01	4.221081e+00
1.801737275382437e-06	5.777128e-01	4.221820e+00
1.804321496857456e-06	5.775749e-01	4.224668e+00
1.806213863496700e-06	5.775167e-01	4.227463e+00
1.808087811455926e-06	5.774311e-01	4.229878e+00
1.810729249263442e-06	5.771925e-01	4.231617e+00
1.813176251473019e-06	5.767972e-01	4.230731e+00
1.815594926436327e-06	5.761741e-01	4.226518e+00
1.818651300791653e-06	5.750694e-01	4.216659e+00
1.822162543802212e-06	5.735009e-01	4.201105e+00
1.824245065468924e-06	5.724571e-01	4.190325e+00
1.825862315077303e-06	5.716132e-01	4.181550e+00
1.827582377547623e-06	5.707372e-01	4.172630e+00
1.830146621103945e-06	5.695236e-01	4.160837e+00
1.832589151066500e-06	5.685086e-01	4.151835e+00
1.834984340965892e-06	5.676971e-01	4.145875e+00
1.837962894377088e-06	5.669252e-01	4.142151e+00
1.841448599123907e-06	5.662315e-01	4.141068e+00
1.843266154906250e-06	5.659274e-01	4.141432e+00
1.845445737496498e-06	5.655641e-01	4.141964e+00
1.847676506898601e-06	5.651258e-01	4.141585e+00
1.849961322913613e-06	5.645560e-01	4.139476e+00
1.852311612983710e-06	5.637968e-01	4.134822e+00
1.855083564581185e-06	5.626571e-01	4.125836e+00
1.858422297750653e-06	5.610046e-01	4.111043e+00
1.861324808259123e-06	5.593923e-01	4.095737e+00
1.862964269232848e-06	5.584325e-01	4.086455e+00
1.864987769473828e-06	5.572469e-01	4.075084e+00
1.867044952053695e-06	5.560893e-01	4.064330e+00
1.869285998226919e-06	5.549219e-01	4.054114e+00
1.871588682246339e-06	5.538547e-01	4.045690e+00
1.874177486129797e-06	5.528302e-01	4.038948e+00
1.877433300241372e-06	5.517395e-01	4.033551e+00
1.879906423744642e-06	5.510125e-01	4.031052e+00
1.881845241519535e-06	5.504749e-01	4.029635e+00
1.883605960983660e-06	5.499685e-01	4.028124e+00
1.885978804022385e-06	5.492095e-01	4.025012e+00
1.888503167326331e-06	5.482720e-01	4.019845e+00
1.890865853221697e-06	5.472252e-01	4.012582e+00
1.893972284924751e-06	5.456007e-01	3.999489e+00
1.897394267671015e-06	5.435824e-01	3.981837e+00
1.899584605698357e-06	5.421931e-01	3.969201e+00
1.901265022668956e-06	5.410981e-01	3.959155e+00
1.903318059593408e-06	5.397767e-01	3.947211e+00
1.905622820282431e-06	5.383540e-01	3.934802e+00
1.907919632396110e-06	5.370334e-01	3.923979e+00
1.910245769362110e-06	5.358243e-01	3.915023e+00
1.913092208505013e-06	5.345134e-01	3.906691e+00
1.916484912873352e-06	5.331096e-01	3.899240e+00
1.918294760455670e-06	5.324098e-01	3.896050e+00
1.920387687674922e-06	5.316109e-01	3.892570e+00
1.922522715038686e-06	5.307573e-01	3.888494e+00
1.924812647123018e-06	5.297590e-01	3.882949e+00
1.927201917581767e-06	5.285918e-01	3.875364e+00
1.929833116564807e-06	5.271323e-01	3.864517e+00
1.933130692853332e-06	5.250763e-01	3.847702e+00
1.936963614853734e-06	5.224901e-01	3.825420e+00
1.938776055500195e-06	5.212206e-01	3.814277e+00
1.940826550432914e-06	5.197820e-01	3.801726e+00
1.942927970826832e-06	5.183502e-01	3.789571e+00
1.945171602464883e-06	5.168980e-01	3.777811e+00
1.947468107273557e-06	5.155153e-01	3.767397e+00
1.950105576632167e-06	5.140627e-01	3.757546e+00
1.953381312114815e-06	5.124016e-01	3.747536e+00
1.955463122148881e-06	5.114046e-01	3.742103e+00
1.957465479118855e-06	5.104656e-01	3.737217e+00
1.959429878301477e-06	5.095236e-01	3.732155e+00
1.961787373658737e-06	5.083302e-01	3.725191e+00
1.964209068646257e-06	5.070043e-01	3.716605e+00
1.966633270281849e-06	5.055421e-01	3.706075e+00
1.969853585390255e-06	5.034044e-01	3.689297e+00
1.973414749249859e-06	5.008653e-01	3.668279e+00
1.975530569713804e-06	4.992925e-01	3.654917e+00
1.977270252876072e-06	4.979827e-01	3.643743e+00
1.978980096857296e-06	4.967127e-01	3.633072e+00
1.981557702127791e-06	4.948581e-01	3.617955e+00
1.983941117150939e-06	4.932267e-01	3.605292e+00
1.986324197262722e-06	4.917020e-01	3.594288e+00
1.989246311204319e-06	4.899606e-01	3.582784e+00
1.992373450294227e-06	4.881989e-01	3.572062e+00
1.994356709662743e-06	4.871140e-01	3.565784e+00
1.996375098366455e-06	4.860044e-01	3.559351e+00
1.998991010329108e-06	4.845131e-01	3.550266e+00
2.001477204751732e-06	4.830100e-01	3.540403e+00
2.003870834701831e-06	4.814478e-01	3.529251e+00
2.007016715179332e-06	4.792277e-01	3.512204e+00
2.010500136640682e-06	4.766145e-01	3.491131e+00
2.012752510736021e-06	4.748594e-01	3.476603e+00
2.014343777254686e-06	4.736031e-01	3.466143e+00
2.016610651399738e-06	4.718274e-01	3.451508e+00
2.018709067950385e-06	4.702221e-01	3.438584e+00
2.020937079792006e-06	4.685809e-01	3.425859e+00
2.023204568632106e-06	4.669919e-01	3.414169e+00
2.025929736479541e-06	4.651885e-01	3.401763e+00
2.029231782190347e-06	4.631070e-01	3.388335e+00
2.031072662917528e-06	4.619812e-01	3.381394e+00
2.033279993431760e-06	4.606403e-01	3.373236e+00
2.035539427984889e-06	4.592412e-01	3.364516e+00
2.037833016941912e-06	4.577653e-01	3.354866e+00
2.040226318802697e-06	4.561395e-01	3.343559e+00
2.043020680107565e-06	4.541177e-01	3.328574e+00
2.046372407584925e-06	4.515456e-01	3.308493e+00
2.049661868308109e-06	4.489154e-01	3.287295e+00
2.051527574389500e-06	4.473944e-01	3.274886e+00
2.053394895692066e-06	4.458718e-01	3.262502e+00
2.055243905405248e-06	4.443867e-01	3.250608e+00
2.057451378038189e-06	4.426599e-01	3.237137e+00
2.059707909590172e-06	4.409577e-01	3.224343e+00
2.061994624620477e-06	4.393099e-01	3.212565e+00
2.065096338640336e-06	4.371723e-01	3.198086e+00
2.067672888939172e-06	4.354548e-01	3.186953e+00
2.069747389401320e-06	4.340944e-01	3.178345e+00
2.071775790800152e-06	4.327571e-01	3.169838e+00
2.074188458002673e-06	4.311285e-01	3.159174e+00
2.076653095747292e-06	4.294005e-01	3.147346e+00
2.079110503349624e-06	4.275886e-01	3.134261e+00
2.082344633206502e-06	4.250751e-01	3.115172e+00
2.085907295773805e-06	4.221900e-01	3.092478e+00
2.088118287866258e-06	4.203549e-01	3.077773e+00
2.089690615521525e-06	4.190412e-01	3.067213e+00
2.091895176302850e-06	4.172139e-01	3.052655e+00
2.093993390248002e-06	4.155073e-01	3.039313e+00
2.096218393479890e-06	4.137486e-01	3.025954e+00
2.098478555361038e-06	4.120260e-01	3.013360e+00
2.101194723268780e-06	4.100379e-01	2.999475e+00
2.104495071306566e-06	4.077017e-01	2.983811e+00
2.106535765236991e-06	4.062856e-01	2.974561e+00
2.108599583016166e-06	4.048566e-01	2.965261e+00
2.111244686162061e-06	4.029953e-01	2.952907e+00
2.113775683535154e-06	4.011607e-01	2.940301e+00
2.116165757885295e-06	3.993551e-01	2.927322e+00
2.119348991345163e-06	3.968409e-01	2.908439e+00
2.122810784325767e-06	3.940059e-01	2.886440e+00
2.125256493374615e-06	3.919566e-01	2.870238e+00
2.126848768718353e-06	3.906122e-01	2.859553e+00
2.128720843458625e-06	3.890385e-01	2.847114e+00
2.130594071965215e-06	3.874852e-01	2.834999e+00
2.132796493937069e-06	3.856983e-01	2.821358e+00
2.135047713096323e-06	3.839234e-01	2.808197e+00
2.137393423117349e-06	3.821366e-01	2.795429e+00
2.140523760213802e-06	3.798260e-01	2.779497e+00
2.142624069564334e-06	3.783104e-01	2.769328e+00
2.144749382544030e-06	3.767936e-01	2.759287e+00
2.146905349852146e-06	3.752485e-01	2.749002e+00
2.149294760911216e-06	3.735076e-01	2.737179e+00
2.151757807047689e-06	3.716635e-01	2.724254e+00
2.154362018032940e-06	3.696429e-01	2.709537e+00
2.157644350399899e-06	3.669998e-01	2.689565e+00
2.161360513754774e-06	3.639223e-01	2.665705e+00
2.163565998678747e-06	3.620687e-01	2.651154e+00
2.165197967932468e-06	3.606949e-01	2.640361e+00
2.167073624004713e-06	3.591307e-01	2.628184e+00
2.169389212265891e-06	3.572336e-01	2.613666e+00
2.171891901776991e-06	3.552337e-01	2.598731e+00
2.174182354151329e-06	3.534592e-01	2.585895e+00
2.177133678784180e-06	3.512411e-01	2.570365e+00
2.179686177068895e-06	3.493659e-01	2.557570e+00
2.181842313105400e-06	3.478018e-01	2.547046e+00
2.184006353722467e-06	3.462310e-01	2.536457e+00
2.186439947638326e-06	3.444425e-01	2.524209e+00
2.188932489508169e-06	3.425701e-01	2.511045e+00
2.191475038799730e-06	3.406021e-01	2.496744e+00
2.194741197750318e-06	3.379926e-01	2.477148e+00
2.198374749526254e-06	3.350177e-01	2.454273e+00
2.200637404091741e-06	3.331402e-01	2.439654e+00
2.202139189558402e-06	3.318917e-01	2.429915e+00
2.204108147264040e-06	3.302663e-01	2.417318e+00
2.206100372488583e-06	3.286444e-01	2.404908e+00
2.208311270325147e-06	3.268805e-01	2.391665e+00
2.210563880675108e-06	3.251281e-01	2.378831e+00
2.213159489717569e-06	3.231653e-01	2.364866e+00
2.216397725795307e-06	3.207748e-01	2.348284e+00
2.218526446664300e-06	3.192277e-01	2.337724e+00
2.220528607341236e-06	3.177794e-01	2.327875e+00
2.223043241836884e-06	3.159476e-01	2.315287e+00
2.225588844902490e-06	3.140635e-01	2.302079e+00
2.227947941296573e-06	3.122752e-01	2.289183e+00
2.231110993778218e-06	3.098116e-01	2.270882e+00
2.234506455751170e-06	3.071058e-01	2.250298e+00
2.237225820773936e-06	3.049076e-01	2.233329e+00
2.239006670778875e-06	3.034626e-01	2.222124e+00
2.240751254641392e-06	3.020532e-01	2.211231e+00
2.242413054544621e-06	3.007248e-01	2.201057e+00
2.244586933266377e-06	2.990146e-01	2.188145e+00
2.246800623745442e-06	2.973089e-01	2.175514e+00
2.249091832488305e-06	2.955879e-01	2.163077e+00
2.252100367205938e-06	2.933815e-01	2.147508e+00
2.254260836794446e-06	2.918263e-01	2.136734e+00
2.256429663303950e-06	2.902823e-01	2.126144e+00
2.258638711886670e-06	2.887108e-01	2.115345e+00
2.261060196901695e-06	2.869745e-01	2.103269e+00
2.263552976054838e-06	2.851594e-01	2.090388e+00
2.266082638028136e-06	2.832773e-01	2.076681e+00
2.269345118740969e-06	2.807937e-01	2.058114e+00
2.272963381669343e-06	2.779912e-01	2.036755e+00
2.275256834847988e-06	2.761994e-01	2.022959e+00
2.276754943198487e-06	2.750293e-01	2.013936e+00
2.278638151790691e-06	2.735688e-01	2.002732e+00
2.280536660068090e-06	2.721147e-01	1.991690e+00
2.282734496790432e-06	2.704605e-01	1.979319e+00
2.284975671000790e-06	2.688103e-01	1.967220e+00
2.287579618429067e-06	2.669404e-01	1.953824e+00
2.290804979368548e-06	2.646742e-01	1.937916e+00
2.292980346079860e-06	2.631685e-01	1.927485e+00
2.295077392270389e-06	2.617261e-01	1.917523e+00
2.297603707480134e-06	2.599818e-01	1.905377e+00
2.300177754655894e-06	2.581852e-01	1.892664e+00
2.302522832757018e-06	2.565199e-01	1.880611e+00
2.305655595691044e-06	2.542513e-01	1.863788e+00
2.309020856161920e-06	2.517746e-01	1.845059e+00
2.311764969391652e-06	2.497362e-01	1.829456e+00
2.313579499840184e-06	2.483871e-01	1.819091e+00
2.315292060382961e-06	2.471207e-01	1.809389e+00
2.316894752093043e-06	2.459479e-01	1.800473e+00
2.319060273967487e-06	2.443866e-01	1.788745e+00
2.321262698812280e-06	2.428288e-01	1.777230e+00
2.323606634075729e-06	2.412096e-01	1.765505e+00
2.326688940955034e-06	2.391265e-01	1.750712e+00
2.328673912516013e-06	2.378085e-01	1.741490e+00
2.330848921543704e-06	2.363805e-01	1.731580e+00
2.333075976873649e-06	2.349222e-01	1.721443e+00
2.335489022054952e-06	2.333354e-01	1.710306e+00
2.337979255856699e-06	2.316810e-01	1.698505e+00
2.340356201725308e-06	2.300778e-01	1.686822e+00
2.343571968820998e-06	2.278730e-01	1.670404e+00
2.347040414232281e-06	2.254663e-01	1.652181e+00
2.349382257921639e-06	2.238324e-01	1.639692e+00
2.351001167685891e-06	2.227050e-01	1.631057e+00
2.352795866872228e-06	2.214641e-01	1.621590e+00
2.354566794350636e-06	2.202539e-01	1.612431e+00
2.356753885445832e-06	2.187833e-01	1.601438e+00
2.358981302931594e-06	2.173162e-01	1.590652e+00
2.361658265221239e-06	2.155953e-01	1.578250e+00
2.364883482634991e-06	2.135668e-01	1.563890e+00
2.366989736895115e-06	2.122637e-01	1.554777e+00
2.368980800747133e-06	2.110429e-01	1.546271e+00
2.371732286088856e-06	2.093566e-01	1.534458e+00
2.374096215286264e-06	2.078991e-01	1.524115e+00
2.376540425124833e-06	2.063754e-01	1.513104e+00
2.379233902043518e-06	2.046734e-01	1.500549e+00
2.382578440875304e-06	2.025346e-01	1.484479e+00
2.385922608051894e-06	2.003829e-01	1.468116e+00
2.387911300561953e-06	1.991046e-01	1.458353e+00
2.389634907988601e-06	1.980042e-01	1.449964e+00
2.391249225311143e-06	1.969853e-01	1.442249e+00
2.393419613019470e-06	1.956362e-01	1.432143e+00
2.395625500892404e-06	1.942924e-01	1.422227e+00
2.398302678732808e-06	1.927011e-01	1.410703e+00
2.401493077032660e-06	1.908475e-01	1.397512e+00
2.403415190011906e-06	1.897513e-01	1.389811e+00
2.405695042785503e-06	1.884665e-01	1.380839e+00
2.408028609394478e-06	1.871563e-01	1.371663e+00
2.410363876533440e-06	1.858423e-01	1.362368e+00
2.412802726282350e-06	1.844604e-01	1.352445e+00
2.415062261096931e-06	1.831666e-01	1.342980e+00
2.418184213467269e-06	1.813598e-01	1.329512e+00
2.421552350559491e-06	1.793974e-01	1.314676e+00
2.423824782873705e-06	1.780718e-01	1.304574e+00
2.425354190542285e-06	1.771841e-01	1.297800e+00
2.427239018473272e-06	1.761002e-01	1.289561e+00
2.429137758781443e-06	1.750236e-01	1.281444e+00
2.431516957123716e-06	1.736994e-01	1.271582e+00
2.433756074306527e-06	1.724830e-01	1.262676e+00
2.437028529351832e-06	1.707519e-01	1.250239e+00
2.439949205552953e-06	1.692422e-01	1.239562e+00
2.442150657601682e-06	1.681242e-01	1.231731e+00
2.444359532073752e-06	1.670121e-01	1.223940e+00
2.447254599842140e-06	1.655563e-01	1.213656e+00
2.449607504282463e-06	1.643678e-01	1.205138e+00
2.451996645038391e-06	1.631513e-01	1.196261e+00
2.454624621626829e-06	1.618032e-01	1.186273e+00
2.455668272462135e-06	1.612648e-01	1.182236e+00
2.456912698329387e-06	1.606207e-01	1.177366e+00
2.457912698329387e-06	1.601026e-01	1.173431e+00
2.459000000000000e-06	1.595393e-01	1.169140e+00
2.460000000000000e-06	1.590220e-01	1.165189e+00
2.460280000000000e-06	1.588774e-01	1.164084e+00
2.460600000000000e-06	1.587124e-01	1.162823e+00
2.461240000000000e-06	1.583811e-01	1.160308e+00
2.462520000000000e-06	1.577198e-01	1.155316e+00
2.464553157465064e-06	1.566872e-01	1.147508e+00
2.466769973252136e-06	1.555845e-01	1.139210e+00
2.469133904850255e-06	1.544358e-01	1.130689e+00
2.471980989274247e-06	1.530915e-01	1.120903e+00
2.475348405389763e-06	1.515387e-01	1.109777e+00
2.475585713136401e-06	1.514313e-01	1.109016e+00
2.476060328629678e-06	1.512186e-01	1.107519e+00
2.476178982502998e-06	1.509467e-01	1.107146e+00
2.476416290249636e-06	1.495204e-01	1.106402e+00
2.476423706116719e-06	1.491064e-01	1.106379e+00
2.476438537850884e-06	1.473428e-01	1.106333e+00
2.476442245784425e-06	1.466890e-01	1.106321e+00
2.476449661651507e-06	1.449707e-01	1.106298e+00
2.476451515618278e-06	1.444621e-01	1.106292e+00
2.476455223551819e-06	1.432375e-01	1.106281e+00
2.476462639418902e-06	1.402294e-01	1.106258e+00
2.476477471153067e-06	1.331440e-01	1.106213e+00
2.476507134621397e-06	1.211604e-01	1.106124e+00
2.476566461558056e-06	1.085767e-01	1.105951e+00
2.476668895548822e-06	1.004755e-01	1.105655e+00
2.476773274248676e-06	9.790509e-02	1.105357e+00
2.476949769856385e-06	9.713431e-02	1.104854e+00
2.477136448850412e-06	9.727233e-02	1.104323e+00
2.477509806838465e-06	9.799306e-02	1.103262e+00
2.478129416011011e-06	9.921146e-02	1.101501e+00
2.479368634356104e-06	1.016910e-01	1.097951e+00
2.481847071046289e-06	1.068649e-01	1.090709e+00
2.484086824841756e-06	1.119545e-01	1.083931e+00
2.486102732042433e-06	1.172544e-01	1.077535e+00
2.488243849020419e-06	1.244107e-01	1.070377e+00
2.490987012228129e-06	1.382693e-01	1.060732e+00
2.494079752807958e-06	1.679031e-01	1.049371e+00
2.496611224478713e-06	2.264870e-01	1.039665e+00
2.498425490216275e-06	3.499300e-01	1.032152e+00
2.499995046546123e-06	5.987695e-01	1.024504e+00
2.501552511752345e-06	9.877788e-01	1.014848e+00
2.503391894794104e-06	1.524181e+00	1.000488e+00
2.505152160515950e-06	2.048730e+00	9.840749e-01
2.508542021555977e-06	3.141989e+00	9.490311e-01
2.510218276028686e-06	3.849123e+00	9.305591e-01
2.511381075566772e-06	4.431807e+00	9.169512e-01
2.512194000989171e-06	4.794513e+00	9.072112e-01
2.512935990491407e-06	5.082256e+00	8.984968e-01
2.513667617043277e-06	5.397696e+00	8.902316e-01
2.514579141818165e-06	5.879723e+00	8.802102e-01
2.515620436991444e-06	6.570335e+00	8.686931e-01
2.516719426242535e-06	7.496199e+00	8.558245e-01
2.517749634487906e-06	8.594712e+00	8.422405e-01
2.518782383017842e-06	9.964241e+00	8.261026e-01
2.519799728884182e-06	1.160053e+01	8.066534e-01
2.520840865140635e-06	1.357647e+01	7.820316e-01
2.521869508103837e-06	1.582635e+01	7.520580e-01
2.522908220760508e-06	1.840050e+01	7.152347e-01
2.523936209565071e-06	2.124299e+01	6.716301e-01
2.524972512971687e-06	2.439097e+01	6.199776e-01
2.526002227919220e-06	2.777243e+01	5.607968e-01
2.527037806196546e-06	3.138870e+01	4.934597e-01
2.528068463188600e-06	3.515058e+01	4.190857e-01
2.529103158358198e-06	3.902851e+01	3.378039e-01
2.530134427432741e-06	4.292445e+01	2.513140e-01
2.531168586662108e-06	4.678786e+01	1.605145e-01
2.532200332369284e-06	5.052449e+01	6.755430e-02
2.533234104555787e-06	5.408056e+01	-2.610022e-02
2.534266169487746e-06	5.738215e+01	-1.181534e-01
2.535299663651344e-06	6.039074e+01	-2.069356e-01
2.536331953704499e-06	6.306506e+01	-2.903751e-01
2.537365248331304e-06	6.537412e+01	-3.664881e-01
2.538632988544485e-06	6.771580e+01	-4.477596e-01
2.540093675838600e-06	6.980563e+01	-5.229210e-01
2.541925974569388e-06	7.165834e+01	-5.877444e-01
2.544125474258021e-06	7.309093e+01	-6.234483e-01
2.547070434207745e-06	7.435645e+01	-6.174786e-01
2.549250887037257e-06	7.519664e+01	-5.810646e-01
2.551798462510821e-06	7.641005e+01	-5.149340e-01
2.554127948800790e-06	7.784815e+01	-4.474822e-01
2.555072577187690e-06	7.856032e+01	-4.204919e-01
2.556110743226201e-06	7.944623e+01	-3.928826e-01
2.557000000000000e-06	8.025803e+01	-3.715208e-01
2.558000000000000e-06	8.120931e+01	-3.497128e-01
2.558100000000000e-06	8.130773e+01	-3.478248e-01
2.558300000000000e-06	8.150502e+01	-3.441093e-01
2.558425459340080e-06	8.162914e+01	-3.418365e-01
2.558507536577212e-06	8.171057e+01	-3.403846e-01
2.558589613814343e-06	8.179210e+01	-3.389595e-01
2.558671691051475e-06	8.187372e+01	-3.375613e-01
2.558753768288606e-06	8.195545e+01	-3.361899e-01
2.558835845525737e-06	8.203727e+01	-3.348454e-01
2.558917922762869e-06	8.211919e+01	-3.335277e-01
2.559000000000000e-06	8.220121e+01	-3.322368e-01
2.559069696189032e-06	8.227089e+01	-3.311647e-01
2.559139392378063e-06	8.234055e+01	-3.301166e-01
2.559209088567095e-06	8.241021e+01	-3.290927e-01
2.559278784756127e-06	8.247985e+01	-3.280929e-01
2.559348480945159e-06	8.254948e+01	-3.271172e-01
2.559418177134190e-06	8.261911e+01	-3.261656e-01
2.559487873323222e-06	8.268872e+01	-3.252381e-01
2.559991484495580e-06	8.318813e+01	-3.192651e-01
2.560998706840296e-06	8.416927e+01	-3.099898e-01
2.561834046735367e-06	8.495306e+01	-3.051478e-01
2.562710010813589e-06	8.572380e+01	-3.034891e-01
2.563608785846550e-06	8.644247e+01	-3.050964e-01
2.564550637706136e-06	8.706486e+01	-3.105158e-01
2.566434341425309e-06	8.790656e+01	-3.282529e-01
2.568594746008317e-06	8.822703e+01	-3.531656e-01
2.570931175439073e-06	8.774651e+01	-3.787494e-01
2.573121843951515e-06	8.667886e+01	-3.968428e-01
2.573510519817437e-06	8.641224e+01	-3.985117e-01
2.574287871549281e-06	8.579704e+01	-3.995474e-01
2.574482209482242e-06	8.563595e+01	-3.994731e-01
2.574870885348163e-06	8.530050e+01	-3.986597e-01
2.575192927734770e-06	8.501726e+01	-3.976585e-01
2.575273438331422e-06	8.494516e+01	-3.973216e-01
2.575434459524726e-06	8.479921e+01	-3.965191e-01
2.575626737569278e-06	8.462341e+01	-3.954461e-01
2.575819262074175e-06	8.444571e+01	-3.942378e-01
2.575984184807826e-06	8.429208e+01	-3.930786e-01
2.576198914042265e-06	8.409003e+01	-3.913636e-01
2.576628372511145e-06	8.368221e+01	-3.875197e-01
2.576871858523426e-06	8.344917e+01	-3.851094e-01
2.577073524111719e-06	8.325500e+01	-3.829476e-01
2.577127093303313e-06	8.320328e+01	-3.823506e-01
2.577180662494906e-06	8.315151e+01	-3.817437e-01
2.577234231686499e-06	8.309970e+01	-3.811268e-01
2.577287800878092e-06	8.304785e+01	-3.805000e-01
2.577341370069685e-06	8.299596e+01	-3.798632e-01
2.577394939261278e-06	8.294402e+01	-3.792165e-01
2.577448508452872e-06	8.289204e+01	-3.785599e-01
2.577486284894844e-06	8.285538e+01	-3.780928e-01
2.577535412240092e-06	8.280768e+01	-3.774788e-01
2.577623890580995e-06	8.272171e+01	-3.763573e-01
2.577759968049749e-06	8.258942e+01	-3.746034e-01
2.577884657936731e-06	8.246812e+01	-3.729607e-01
2.578430072037589e-06	8.193747e+01	-3.653503e-01
2.578992631258215e-06	8.139214e+01	-3.568378e-01
2.579803703447401e-06	8.061226e+01	-3.435801e-01
2.580539965111133e-06	7.991500e+01	-3.304536e-01
2.581301755402800e-06	7.921001e+01	-3.156289e-01
2.582033178485437e-06	7.855405e+01	-3.002058e-01
2.582823038133231e-06	7.788442e+01	-2.818440e-01
2.584402757428817e-06	7.666451e+01	-2.401572e-01
2.585957975913185e-06	7.565045e+01	-1.914577e-01
2.587614014112999e-06	7.486293e+01	-1.293084e-01
2.589200174652014e-06	7.446665e+01	-6.103409e-02
2.590848021680012e-06	7.444724e+01	1.575211e-02
2.591893322841297e-06	7.465679e+01	6.597336e-02
2.592513856454393e-06	7.489410e+01	9.564317e-02
2.593290525164964e-06	7.528730e+01	1.319200e-01
2.593649777187377e-06	7.550407e+01	1.481454e-01
2.594177967836020e-06	7.587089e+01	1.710327e-01
2.594752823343436e-06	7.632217e+01	1.945555e-01
2.595724186846038e-06	7.718635e+01	2.309734e-01
2.596746052248898e-06	7.821101e+01	2.640487e-01
2.598264345637540e-06	7.989143e+01	3.024358e-01
2.599928430530011e-06	8.180756e+01	3.281339e-01
2.602537438832269e-06	8.462030e+01	3.373473e-01
2.605331977963545e-06	8.701672e+01	3.167646e-01
2.607336247700646e-06	8.805113e+01	2.858937e-01
2.608976563012960e-06	8.822194e+01	2.550200e-01
2.611128272485611e-06	8.758162e+01	2.172732e-01
2.613320155119420e-06	8.613660e+01	1.906502e-01
2.615577641365938e-06	8.400806e+01	1.837208e-01
2.617883832579651e-06	8.153196e+01	2.044704e-01
2.620685104242143e-06	7.871111e+01	2.675771e-01
2.624037440486613e-06	7.612595e+01	3.819922e-01
2.626411477031761e-06	7.509869e+01	4.811448e-01
2.628207126967241e-06	7.498881e+01	5.614510e-01
2.630196153607110e-06	7.555605e+01	6.467381e-01
2.632711152364838e-06	7.705109e+01	7.402001e-01
2.635283920428530e-06	7.920989e+01	8.124950e-01
2.637648705534329e-06	8.147626e+01	8.501005e-01
2.640703508261850e-06	8.415869e+01	8.586449e-01
2.644103595891934e-06	8.631436e+01	8.332628e-01
2.645922967667051e-06	8.680824e+01	8.084965e-01
2.647839195793436e-06	8.659868e+01	7.795521e-01
2.649749387462927e-06	8.577083e+01	7.564350e-01
2.651992721466350e-06	8.417883e+01	7.432798e-01
2.654314524737844e-06	8.211629e+01	7.505082e-01
2.656704981716517e-06	7.990466e+01	7.850455e-01
2.659885735982150e-06	7.743479e+01	8.678728e-01
2.663499644117707e-06	7.559572e+01	9.929077e-01
2.665326725518567e-06	7.529445e+01	1.064126e+00
2.667478141350309e-06	7.566969e+01	1.148047e+00
2.669675863952136e-06	7.665084e+01	1.225170e+00
2.671955885189363e-06	7.819154e+01	1.289718e+00
2.674296994258313e-06	8.010102e+01	1.334239e+00
2.676997014916256e-06	8.229848e+01	1.355883e+00
2.680303946819880e-06	8.446574e+01	1.349070e+00
2.682867217600830e-06	8.543893e+01	1.325867e+00
2.684680231935192e-06	8.552820e+01	1.304006e+00
2.686599723727056e-06	8.501260e+01	1.283335e+00
2.689062049303279e-06	8.369324e+01	1.268349e+00
2.691539068585220e-06	8.188736e+01	1.271652e+00
2.693884626945864e-06	8.000279e+01	1.297807e+00
2.696946914184559e-06	7.781245e+01	1.363570e+00
2.700402556491116e-06	7.605491e+01	1.465542e+00
2.702443952796732e-06	7.558630e+01	1.535459e+00
2.704408384406586e-06	7.569164e+01	1.604919e+00
2.706324474760211e-06	7.625986e+01	1.668268e+00
2.708604079627771e-06	7.742154e+01	1.732706e+00
2.710962505214112e-06	7.898770e+01	1.782988e+00
2.713297671948643e-06	8.067668e+01	1.811587e+00
2.716454815189120e-06	8.268505e+01	1.819886e+00
2.719950751462905e-06	8.420953e+01	1.803270e+00
2.721695305457619e-06	8.447483e+01	1.787751e+00
2.723732085650448e-06	8.419224e+01	1.768561e+00
2.725816244886928e-06	8.341089e+01	1.754844e+00
2.728057789463276e-06	8.213370e+01	1.751816e+00
2.730368819744477e-06	8.055604e+01	1.765539e+00
2.733008233745533e-06	7.876318e+01	1.804169e+00
2.736286179011139e-06	7.695788e+01	1.878878e+00
2.739189953533678e-06	7.596151e+01	1.961746e+00
2.740930335230389e-06	7.581535e+01	2.015841e+00
2.743387886212851e-06	7.621311e+01	2.090608e+00
2.745604360022087e-06	7.702665e+01	2.150519e+00
2.747881785506547e-06	7.824706e+01	2.199446e+00
2.750202901634269e-06	7.969101e+01	2.232316e+00
2.753065883929628e-06	8.139469e+01	2.248987e+00
2.756430768837281e-06	8.294114e+01	2.244385e+00
2.758625477868331e-06	8.347824e+01	2.230918e+00
2.760459340963465e-06	8.349602e+01	2.216240e+00
2.762121514609483e-06	8.315378e+01	2.204759e+00
2.764434446395436e-06	8.223545e+01	2.196545e+00
2.766959271624036e-06	8.087750e+01	2.200964e+00
2.769302659094772e-06	7.947089e+01	2.222006e+00
2.772365386600090e-06	7.779991e+01	2.273403e+00
2.775778636216263e-06	7.644026e+01	2.351754e+00
2.777844107016901e-06	7.604024e+01	2.406967e+00
2.779746230150038e-06	7.606944e+01	2.459880e+00
2.781522327036963e-06	7.642228e+01	2.506685e+00
2.783823344669240e-06	7.725791e+01	2.559478e+00
2.786312597558036e-06	7.846869e+01	2.603868e+00
2.788663042054480e-06	7.974226e+01	2.629708e+00
2.791757026127718e-06	8.125579e+01	2.640926e+00
2.795190428892461e-06	8.245198e+01	2.633580e+00
2.797049842596172e-06	8.272215e+01	2.623208e+00
2.799011912358880e-06	8.259307e+01	2.610692e+00
2.800975813710237e-06	8.211261e+01	2.601522e+00
2.803233806393823e-06	8.121529e+01	2.598933e+00
2.805575169132712e-06	8.005144e+01	2.608157e+00
2.808044004509628e-06	7.877365e+01	2.633697e+00
2.811271420557890e-06	7.738165e+01	2.688184e+00
2.814968507780094e-06	7.636346e+01	2.768243e+00
2.816815243461025e-06	7.623778e+01	2.812311e+00
2.819333004372348e-06	7.657697e+01	2.871384e+00
2.821599408967904e-06	7.723672e+01	2.918292e+00
2.823890179603898e-06	7.818628e+01	2.955670e+00
2.826214123478806e-06	7.928040e+01	2.980396e+00
2.829166583345290e-06	8.057486e+01	2.993202e+00
2.832581423177938e-06	8.169916e+01	2.990122e+00
2.834575063281231e-06	8.202695e+01	2.981623e+00
2.836430506941161e-06	8.200774e+01	2.971491e+00
2.838136240009031e-06	8.172440e+01	2.963849e+00
2.840436526364733e-06	8.102197e+01	2.959474e+00
2.842878934438643e-06	8.002824e+01	2.964588e+00
2.845227203747415e-06	7.897141e+01	2.982174e+00
2.848319481310136e-06	7.771684e+01	3.023274e+00
2.851779068859682e-06	7.670370e+01	3.085102e+00
2.853809300533762e-06	7.642769e+01	3.126957e+00
2.855750756617491e-06	7.647576e+01	3.168311e+00
2.857623897750205e-06	7.678250e+01	3.205842e+00
2.859918591233105e-06	7.743880e+01	3.245641e+00
2.862293314400342e-06	7.832840e+01	3.277471e+00
2.864643773520664e-06	7.929137e+01	3.296851e+00
2.867767514572927e-06	8.042522e+01	3.305444e+00
2.871265594278194e-06	8.130945e+01	3.300116e+00
2.873101545266500e-06	8.148788e+01	3.292774e+00
2.875116391856284e-06	8.136125e+01	3.283780e+00
2.877162388119211e-06	8.096131e+01	3.277565e+00
2.879416236795905e-06	8.026907e+01	3.276980e+00
2.881753982340978e-06	7.938784e+01	3.285618e+00
2.884332669813493e-06	7.839605e+01	3.307667e+00
2.887603457790611e-06	7.735413e+01	3.351061e+00
2.890729952676018e-06	7.671716e+01	3.403147e+00
2.892486892386654e-06	7.661433e+01	3.435245e+00
2.894670294988651e-06	7.679443e+01	3.474654e+00
2.896890710696082e-06	7.723674e+01	3.510758e+00
2.899181074338462e-06	7.791477e+01	3.541073e+00
2.901528099759410e-06	7.873859e+01	3.562559e+00
2.904279325919381e-06	7.968433e+01	3.574688e+00
2.907622249616990e-06	8.059543e+01	3.575165e+00
2.910131605197878e-06	8.098655e+01	3.568173e+00
2.911948840199757e-06	8.102257e+01	3.560836e+00
2.913896910899908e-06	8.080879e+01	3.554003e+00
2.916390940303698e-06	8.025915e+01	3.550054e+00
2.918871369149323e-06	7.950888e+01	3.553774e+00
2.921244642782800e-06	7.870998e+01	3.567099e+00
2.924334016404483e-06	7.777638e+01	3.597920e+00
2.927819975087044e-06	7.702273e+01	3.644581e+00
2.929818355574749e-06	7.682974e+01	3.675331e+00
2.931791291242038e-06	7.688177e+01	3.706558e+00
2.933729735317924e-06	7.713690e+01	3.735224e+00
2.936017126416953e-06	7.764766e+01	3.764189e+00
2.938383655051695e-06	7.832912e+01	3.786953e+00
2.940725155246597e-06	7.905527e+01	3.800260e+00
2.943915775201135e-06	7.991695e+01	3.805185e+00
2.947449662774099e-06	8.056601e+01	3.799468e+00
2.949237790824668e-06	8.068098e+01	3.793401e+00
2.951298393228314e-06	8.056437e+01	3.785917e+00
2.953404798228743e-06	8.023831e+01	3.780748e+00
2.955666123713918e-06	7.970354e+01	3.780134e+00
2.957994087667830e-06	7.903994e+01	3.786632e+00
2.960669188079707e-06	7.827727e+01	3.803919e+00
2.963970318825202e-06	7.751235e+01	3.836595e+00
2.966826874110640e-06	7.710495e+01	3.871770e+00
2.968611025234180e-06	7.704852e+01	3.895606e+00
2.970940382423490e-06	7.722254e+01	3.925902e+00
2.973235142139627e-06	7.759766e+01	3.952261e+00
2.975540442418207e-06	7.813808e+01	3.973084e+00
2.977884623105348e-06	7.876964e+01	3.986686e+00
2.980783753449756e-06	7.950714e+01	3.993009e+00
2.984191100633234e-06	8.016950e+01	3.989942e+00
2.986367697723716e-06	8.039341e+01	3.983578e+00
2.988200480318444e-06	8.040141e+01	3.976778e+00
2.989899113728551e-06	8.025716e+01	3.971257e+00
2.992227091344325e-06	7.987420e+01	3.966961e+00
2.994760586089532e-06	7.930669e+01	3.967921e+00
2.997116344372418e-06	7.871514e+01	3.975976e+00
3.000197351959028e-06	7.801102e+01	3.996640e+00
3.003625664483449e-06	7.744134e+01	4.028513e+00
3.005629517642719e-06	7.728542e+01	4.050276e+00
3.007567191886929e-06	7.731174e+01	4.072101e+00
3.009431183508921e-06	7.748606e+01	4.091775e+00
3.011735756553874e-06	7.786460e+01	4.112562e+00
3.014126254730620e-06	7.837993e+01	4.128727e+00
3.016479822212215e-06	7.893590e+01	4.137659e+00
3.019607609978082e-06	7.959408e+01	4.139623e+00
3.023106871902380e-06	8.011286e+01	4.133130e+00
3.025009945466695e-06	8.022879e+01	4.126810e+00
3.026993410803844e-06	8.017187e+01	4.119578e+00
3.028984186986550e-06	7.996571e+01	4.113798e+00
3.031237626227562e-06	7.958932e+01	4.110641e+00
3.033579932476427e-06	7.910126e+01	4.112418e+00
3.036077697519476e-06	7.856135e+01	4.121067e+00
3.039320901950844e-06	7.797362e+01	4.141036e+00
3.042603234768235e-06	7.759000e+01	4.167695e+00
3.044398688994236e-06	7.753093e+01	4.183989e+00
3.046611321727929e-06	7.764172e+01	4.203816e+00
3.048861429631243e-06	7.790710e+01	4.221612e+00
3.051158510815273e-06	7.830573e+01	4.235720e+00
3.053508015472135e-06	7.878550e+01	4.244560e+00
3.056308135291419e-06	7.934152e+01	4.247413e+00
3.059673085079523e-06	7.986894e+01	4.242612e+00
3.062156699838077e-06	8.009241e+01	4.234921e+00
3.063946202872739e-06	8.011511e+01	4.228122e+00
3.065952518610005e-06	7.999493e+01	4.221093e+00
3.068391974334413e-06	7.969695e+01	4.215217e+00
3.070934401387009e-06	7.926817e+01	4.213522e+00
3.073287915459557e-06	7.882697e+01	4.217414e+00
3.076392643601449e-06	7.830632e+01	4.230178e+00
3.079842772116781e-06	7.789677e+01	4.250893e+00
3.081766537571876e-06	7.780035e+01	4.264558e+00
3.083776158265757e-06	7.784203e+01	4.279246e+00
3.085786555866218e-06	7.800558e+01	4.292654e+00
3.088068928196727e-06	7.831163e+01	4.304976e+00
3.090439088232400e-06	7.871533e+01	4.313476e+00
3.092870179318758e-06	7.915449e+01	4.316595e+00
3.096102232429848e-06	7.965244e+01	4.313007e+00
3.099740339434133e-06	8.002200e+01	4.302455e+00
3.101518228824511e-06	8.007749e+01	4.295628e+00
3.103640624000645e-06	7.999554e+01	4.287386e+00
3.105814530737152e-06	7.979272e+01	4.280609e+00
3.108089337952170e-06	7.948033e+01	4.276535e+00
3.110417375127713e-06	7.910587e+01	4.276571e+00
3.113195043937048e-06	7.867487e+01	4.282401e+00
3.116539105491377e-06	7.826921e+01	4.295552e+00
3.118964126475581e-06	7.810441e+01	4.308066e+00
3.120821926998175e-06	7.809030e+01	4.318552e+00
3.122687280928270e-06	7.818451e+01	4.328480e+00
3.125313227440048e-06	7.845093e+01	4.339976e+00
3.127798508742943e-06	7.879937e+01	4.347132e+00
3.130213861641666e-06	7.918237e+01	4.349241e+00
3.133259049992190e-06	7.962231e+01	4.345391e+00
3.136758706218827e-06	7.999047e+01	4.334992e+00
3.138771522033123e-06	8.008976e+01	4.326918e+00
3.140661759585917e-06	8.007425e+01	4.318754e+00
3.142466189448072e-06	7.997074e+01	4.311667e+00
3.144735973724295e-06	7.974432e+01	4.304754e+00
3.147071749386791e-06	7.944183e+01	4.300691e+00
3.149411988831761e-06	7.911429e+01	4.300624e+00
3.152523885491512e-06	7.873450e+01	4.306142e+00
3.156032133403877e-06	7.844165e+01	4.317196e+00
3.157846306471983e-06	7.838715e+01	4.324292e+00
3.159944359588106e-06	7.843938e+01	4.332661e+00
3.162087080801857e-06	7.859075e+01	4.339988e+00
3.164360674766400e-06	7.884054e+01	4.345372e+00
3.166716279232869e-06	7.915829e+01	4.347478e+00
3.169341761076408e-06	7.952085e+01	4.345111e+00
3.172636392097315e-06	7.989927e+01	4.336385e+00
3.175734429025396e-06	8.012765e+01	4.324262e+00
3.177439890250239e-06	8.016483e+01	4.316532e+00
3.179535110134403e-06	8.010623e+01	4.307097e+00
3.181670881382264e-06	7.995993e+01	4.298708e+00
3.183932773054681e-06	7.973040e+01	4.292068e+00
3.186251978056132e-06	7.945377e+01	4.288379e+00
3.188970889413493e-06	7.914011e+01	4.288292e+00
3.192286677917030e-06	7.884095e+01	4.292758e+00
3.194715470847764e-06	7.871941e+01	4.298282e+00
3.196601496892491e-06	7.871082e+01	4.303280e+00
3.198392041618333e-06	7.878012e+01	4.307647e+00
3.200798468018434e-06	7.896618e+01	4.311860e+00
3.203385078739987e-06	7.924344e+01	4.313559e+00
3.205752395283074e-06	7.953299e+01	4.311553e+00
3.208840655572629e-06	7.988519e+01	4.303852e+00
3.212254677514074e-06	8.017812e+01	4.290792e+00
3.214323293761319e-06	8.027120e+01	4.281123e+00
3.216097966903069e-06	8.027566e+01	4.272307e+00
3.217842756402632e-06	8.021275e+01	4.264093e+00
3.220460209491226e-06	8.003022e+01	4.253465e+00
3.222847164395968e-06	7.980586e+01	4.246183e+00
3.225256965874760e-06	7.955636e+01	4.242015e+00
3.228241649597874e-06	7.928771e+01	4.240918e+00
3.231767198930416e-06	7.907304e+01	4.243281e+00
3.233569313763427e-06	7.903646e+01	4.245501e+00
3.235720717213063e-06	7.908385e+01	4.248260e+00
3.237924023945845e-06	7.920988e+01	4.250093e+00
3.240202324517576e-06	7.940841e+01	4.250115e+00
3.242554300806106e-06	7.965698e+01	4.247430e+00
3.245278743488860e-06	7.994821e+01	4.240551e+00
3.248603751910088e-06	8.024136e+01	4.227776e+00
3.251564933151392e-06	8.040810e+01	4.213618e+00
3.253224211570899e-06	8.043671e+01	4.204948e+00
3.255269419019282e-06	8.039686e+01	4.194340e+00
3.257351057893910e-06	8.029359e+01	4.184439e+00
3.259596309244495e-06	8.012672e+01	4.175421e+00
3.261904101992319e-06	7.992380e+01	4.168456e+00
3.264533209213477e-06	7.969898e+01	4.163588e+00
3.267807758922644e-06	7.947941e+01	4.160937e+00
3.270268778526286e-06	7.938661e+01	4.160687e+00
3.271989658767833e-06	7.938021e+01	4.161035e+00
3.273818901788560e-06	7.943456e+01	4.161139e+00
3.276426096448014e-06	7.958961e+01	4.159969e+00
3.278922911477287e-06	7.979735e+01	4.156758e+00
3.281333769048613e-06	8.002794e+01	4.150883e+00
3.284390177296726e-06	8.030141e+01	4.139598e+00
3.287865161881180e-06	8.053761e+01	4.123190e+00
3.289987896554322e-06	8.061598e+01	4.111781e+00
3.291711600803749e-06	8.062275e+01	4.102128e+00
3.293604911151548e-06	8.057464e+01	4.091889e+00
3.296053352928990e-06	8.044993e+01	4.079885e+00
3.298590602986433e-06	8.027381e+01	4.069404e+00
3.300936300788267e-06	8.009579e+01	4.062062e+00
3.303954465167609e-06	7.989825e+01	4.055729e+00
3.307375828066367e-06	7.975182e+01	4.051185e+00
3.309259671016168e-06	7.973209e+01	4.049442e+00
3.311737135737905e-06	7.978934e+01	4.047122e+00
3.314049124262686e-06	7.990671e+01	4.044008e+00
3.316349222943740e-06	8.007494e+01	4.039304e+00
3.318685022478400e-06	8.027248e+01	4.032319e+00
3.321681658504295e-06	8.051638e+01	4.020134e+00
3.325101329959516e-06	8.073567e+01	4.003016e+00
3.327526946553818e-06	8.082787e+01	3.989347e+00
3.329176681276831e-06	8.084091e+01	3.979663e+00
3.331449064928183e-06	8.079783e+01	3.966609e+00
3.333607283854580e-06	8.070875e+01	3.955081e+00
3.335857792005749e-06	8.057728e+01	3.944479e+00
3.338147060131572e-06	8.042746e+01	3.935534e+00
3.340947014842531e-06	8.026136e+01	3.927060e+00
3.344289083465856e-06	8.011844e+01	3.919334e+00
3.346158294069729e-06	8.008451e+01	3.915841e+00
3.348195662080947e-06	8.010229e+01	3.912299e+00
3.350246852346710e-06	8.016968e+01	3.908318e+00
3.352566966537536e-06	8.029637e+01	3.902749e+00
3.354970047785458e-06	8.046493e+01	3.895317e+00
3.357499413944401e-06	8.065598e+01	3.885220e+00
3.360757398779725e-06	8.087173e+01	3.869121e+00
3.364453692856214e-06	8.104156e+01	3.848174e+00
3.366435426580394e-06	8.107940e+01	3.836175e+00
3.368351503315717e-06	8.106574e+01	3.824490e+00
3.370259015527139e-06	8.101293e+01	3.813346e+00
3.372482507369360e-06	8.091467e+01	3.801368e+00
3.374758737887956e-06	8.079117e+01	3.790505e+00
3.377101832633385e-06	8.066267e+01	3.781077e+00
3.380247455548564e-06	8.052307e+01	3.770663e+00
3.383076402884655e-06	8.045103e+01	3.762752e+00
3.385071376079060e-06	8.044665e+01	3.757675e+00
3.386892376127700e-06	8.048532e+01	3.752940e+00
3.389297913216611e-06	8.058556e+01	3.745929e+00
3.391785438023151e-06	8.072910e+01	3.737365e+00
3.394150206999199e-06	8.088654e+01	3.727457e+00
3.397270324601118e-06	8.108513e+01	3.711774e+00
3.400701438999640e-06	8.125588e+01	3.692104e+00
3.403029594919868e-06	8.132448e+01	3.677685e+00
3.404623249968590e-06	8.133576e+01	3.667559e+00
3.406699934994252e-06	8.130979e+01	3.654575e+00
3.408799861098297e-06	8.124898e+01	3.642072e+00
3.411037979515823e-06	8.115542e+01	3.629792e+00
3.413325119645486e-06	8.104648e+01	3.618610e+00
3.415966843824628e-06	8.093076e+01	3.607453e+00
3.419241601731905e-06	8.082568e+01	3.595429e+00
3.421127046111595e-06	8.079914e+01	3.589176e+00
3.423167479979692e-06	8.081178e+01	3.582672e+00
3.425217238588884e-06	8.086286e+01	3.575875e+00
3.427563939942168e-06	8.096168e+01	3.567324e+00
3.429987552214939e-06	8.109431e+01	3.557245e+00
3.432524919629095e-06	8.124580e+01	3.544964e+00
3.435782971298436e-06	8.141987e+01	3.526819e+00
3.439461475134633e-06	8.156082e+01	3.504244e+00
3.441554105765371e-06	8.159884e+01	3.490748e+00
3.443344140546877e-06	8.159650e+01	3.479105e+00
3.444991658687064e-06	8.156878e+01	3.468665e+00
3.447180679254445e-06	8.150381e+01	3.455505e+00
3.449653875880652e-06	8.140941e+01	3.441756e+00
3.451954878670792e-06	8.131720e+01	3.430278e+00
3.454944712506826e-06	8.121972e+01	3.417099e+00
3.458329077466794e-06	8.115961e+01	3.403608e+00
3.460561636427352e-06	8.116358e+01	3.395148e+00
3.462789537731406e-06	8.121179e+01	3.386572e+00
3.465193783445492e-06	8.130207e+01	3.376625e+00
3.467654393917783e-06	8.142252e+01	3.365313e+00
3.470246587625795e-06	8.156022e+01	3.351835e+00
3.473534643078938e-06	8.171509e+01	3.332642e+00
3.477268702545172e-06	8.183960e+01	3.309030e+00
3.479355472931456e-06	8.187161e+01	3.295302e+00
3.481153724912708e-06	8.186824e+01	3.283423e+00
3.482842946576379e-06	8.184242e+01	3.272543e+00
3.485029463556245e-06	8.178534e+01	3.259110e+00
3.487430064154105e-06	8.170619e+01	3.245331e+00
3.489725546934622e-06	8.162826e+01	3.233302e+00
3.492719387956516e-06	8.154567e+01	3.219069e+00
3.495553233669285e-06	8.150218e+01	3.206604e+00
3.497640797297758e-06	8.150288e+01	3.197803e+00
3.499656887584880e-06	8.153619e+01	3.189252e+00
3.502089553226826e-06	8.161076e+01	3.178427e+00
3.504567291911218e-06	8.171376e+01	3.166516e+00
3.506994860658785e-06	8.182816e+01	3.153626e+00
3.510221729292898e-06	8.197142e+01	3.134697e+00
3.513746435612232e-06	8.209254e+01	3.112411e+00
3.515997625452984e-06	8.213828e+01	3.097542e+00
3.517511187935832e-06	8.214659e+01	3.087421e+00
3.519465300224925e-06	8.213306e+01	3.074518e+00
3.521441276283957e-06	8.209883e+01	3.061875e+00
3.523653576078137e-06	8.204241e+01	3.048409e+00
3.525917115946150e-06	8.197601e+01	3.035521e+00
3.528392092366697e-06	8.190907e+01	3.022522e+00
3.531584113249743e-06	8.184611e+01	3.006943e+00
3.533421681841051e-06	8.183126e+01	2.998430e+00
3.535534906889201e-06	8.184280e+01	2.988858e+00
3.537690137343424e-06	8.188216e+01	2.978945e+00
3.540051560995555e-06	8.195334e+01	2.967587e+00
3.542497555283687e-06	8.204835e+01	2.954987e+00
3.545144614035523e-06	8.215985e+01	2.940153e+00
3.548440425833293e-06	8.228354e+01	2.920096e+00
3.552215792785220e-06	8.238493e+01	2.895734e+00
3.554370949868041e-06	8.241298e+01	2.881425e+00
3.556087642459557e-06	8.241287e+01	2.870001e+00
3.557672440251848e-06	8.239662e+01	2.859665e+00
3.559928722294299e-06	8.235504e+01	2.845474e+00
3.562389827238616e-06	8.229687e+01	2.830774e+00
3.564700323385222e-06	8.224046e+01	2.817877e+00
3.567611896291252e-06	8.218320e+01	2.802713e+00
3.570278609462633e-06	8.215537e+01	2.789558e+00
3.572415079760157e-06	8.215853e+01	2.779328e+00
3.574535773927041e-06	8.218793e+01	2.769146e+00
3.576977858230028e-06	8.224869e+01	2.757045e+00
3.579472862926553e-06	8.233183e+01	2.743999e+00
3.581989804791717e-06	8.242590e+01	2.729878e+00
3.585247522853565e-06	8.253938e+01	2.710235e+00
3.588851997897786e-06	8.263542e+01	2.687288e+00
3.591115125231330e-06	8.267059e+01	2.672438e+00
3.592598588973423e-06	8.267667e+01	2.662643e+00
3.594516974313914e-06	8.266669e+01	2.650130e+00
3.596454623866144e-06	8.264184e+01	2.637821e+00
3.598658308830027e-06	8.260062e+01	2.624372e+00
3.600909448623696e-06	8.255280e+01	2.611325e+00
3.603384405110789e-06	8.250550e+01	2.597831e+00
3.606568304201247e-06	8.246392e+01	2.581383e+00
3.608516950039334e-06	8.245732e+01	2.571681e+00
3.610976044627296e-06	8.247662e+01	2.559596e+00
3.613379672839196e-06	8.252007e+01	2.547595e+00
3.615702450436839e-06	8.258258e+01	2.535557e+00
3.618092739100364e-06	8.265993e+01	2.522480e+00
3.621060466367273e-06	8.275743e+01	2.505205e+00
3.624457338197340e-06	8.285119e+01	2.484306e+00
3.627617610821553e-06	8.290955e+01	2.464145e+00
3.629542857234946e-06	8.292483e+01	2.451698e+00
3.631268504789710e-06	8.292258e+01	2.440598e+00
3.632872613724725e-06	8.290895e+01	2.430478e+00
3.635038871596759e-06	8.287820e+01	2.417230e+00
3.637358366990055e-06	8.283751e+01	2.403625e+00
3.639650649612310e-06	8.279742e+01	2.390872e+00
3.642606829998696e-06	8.275706e+01	2.375252e+00
3.644909121997837e-06	8.274198e+01	2.363563e+00
3.647082812535511e-06	8.274741e+01	2.352770e+00
3.649289319693793e-06	8.277332e+01	2.341796e+00
3.651720133931594e-06	8.282245e+01	2.329431e+00
3.654218099346639e-06	8.288892e+01	2.316212e+00
3.656786425536238e-06	8.296459e+01	2.301892e+00
3.660061942140350e-06	8.305352e+01	2.282616e+00
3.663717242814127e-06	8.312849e+01	2.260224e+00
3.666005823753665e-06	8.315538e+01	2.245908e+00
3.667478264855318e-06	8.315966e+01	2.236680e+00
3.669378887949816e-06	8.315186e+01	2.224917e+00
3.671298486320846e-06	8.313323e+01	2.213311e+00
3.673497273682662e-06	8.310262e+01	2.200463e+00
3.675739997318807e-06	8.306786e+01	2.187914e+00
3.678301486505054e-06	8.303346e+01	2.174277e+00
3.681514841722301e-06	8.300713e+01	2.157894e+00
3.683689201051091e-06	8.300581e+01	2.147118e+00
3.685785961193219e-06	8.302277e+01	2.136814e+00
3.688314253941488e-06	8.306296e+01	2.124217e+00
3.690877088411565e-06	8.311971e+01	2.111062e+00
3.693226589549837e-06	8.318014e+01	2.098464e+00
3.696417784385632e-06	8.326042e+01	2.080518e+00
3.699811338194153e-06	8.332957e+01	2.060678e+00
3.702510282372693e-06	8.336483e+01	2.044523e+00
3.704310227952866e-06	8.337425e+01	2.033689e+00
3.706018170768813e-06	8.337199e+01	2.023488e+00
3.707613193528074e-06	8.336148e+01	2.014134e+00
3.709776716771913e-06	8.333828e+01	2.001785e+00
3.711977018146450e-06	8.330953e+01	1.989665e+00
3.714273621537011e-06	8.328013e+01	1.977566e+00
3.717284847927120e-06	8.325051e+01	1.962354e+00
3.719339296682041e-06	8.324140e+01	1.952313e+00
3.721527180677685e-06	8.324664e+01	1.941825e+00
3.723765532348451e-06	8.326749e+01	1.931098e+00
3.726189488190588e-06	8.330582e+01	1.919299e+00
3.728689006029619e-06	8.335757e+01	1.906772e+00
3.731175863894322e-06	8.341450e+01	1.893804e+00
3.734426925371793e-06	8.348348e+01	1.876134e+00
3.737998406024293e-06	8.354149e+01	1.856113e+00
3.740318718482867e-06	8.356364e+01	1.842897e+00
3.741891758581472e-06	8.356802e+01	1.833936e+00
3.743710451569890e-06	8.356330e+01	1.823692e+00
3.745522966799143e-06	8.355074e+01	1.813690e+00
3.747712690989197e-06	8.352837e+01	1.801953e+00
3.749942797328621e-06	8.350255e+01	1.790439e+00
3.752552731421398e-06	8.347585e+01	1.777542e+00
3.755763163842582e-06	8.345532e+01	1.762282e+00
3.757946361205699e-06	8.345387e+01	1.752181e+00
3.760051797568225e-06	8.346642e+01	1.742541e+00
3.762594822748424e-06	8.349664e+01	1.730809e+00
3.764926506568350e-06	8.353560e+01	1.719825e+00
3.767310309077692e-06	8.358253e+01	1.708233e+00
3.770200807304592e-06	8.363929e+01	1.693656e+00
3.773572383009650e-06	8.369416e+01	1.676100e+00
3.776720996119157e-06	8.372795e+01	1.659383e+00
3.778678863682977e-06	8.373676e+01	1.648945e+00
3.780355890512578e-06	8.373535e+01	1.640072e+00
3.781871353143972e-06	8.372786e+01	1.632190e+00
3.784024602803946e-06	8.371040e+01	1.621262e+00
3.786211189294464e-06	8.368864e+01	1.610520e+00
3.788631469047905e-06	8.366492e+01	1.599110e+00
3.791722104390950e-06	8.364149e+01	1.585091e+00
3.793653000323786e-06	8.363480e+01	1.576600e+00
3.795822282428512e-06	8.363847e+01	1.567243e+00
3.798045430821079e-06	8.365378e+01	1.557679e+00
3.800463550484208e-06	8.368240e+01	1.547168e+00
3.802958226115123e-06	8.372126e+01	1.536089e+00
3.805255110987461e-06	8.376109e+01	1.525573e+00
3.808374064439713e-06	8.381218e+01	1.510826e+00
3.811733223653930e-06	8.385535e+01	1.494545e+00
3.814249899242183e-06	8.387512e+01	1.482190e+00
3.815968859652918e-06	8.387971e+01	1.473755e+00
3.817719382470502e-06	8.387688e+01	1.465255e+00
3.819411348522932e-06	8.386829e+01	1.457191e+00
3.821590408958818e-06	8.385143e+01	1.447077e+00
3.823807357144029e-06	8.383139e+01	1.437143e+00
3.826588769889369e-06	8.380827e+01	1.425198e+00
3.829833174581472e-06	8.379005e+01	1.411792e+00
3.831936206157565e-06	8.378712e+01	1.403348e+00
3.833973760907216e-06	8.379456e+01	1.395280e+00
3.836690082773467e-06	8.381687e+01	1.384499e+00
3.839020918923644e-06	8.384493e+01	1.375109e+00
3.841460018516721e-06	8.388039e+01	1.365044e+00
3.843934996832991e-06	8.391689e+01	1.354534e+00
3.847204800756410e-06	8.395727e+01	1.340280e+00
3.850880886300257e-06	8.398730e+01	1.324005e+00
3.852959923458004e-06	8.399394e+01	1.314784e+00
3.854714478939108e-06	8.399171e+01	1.307078e+00
3.856389666921944e-06	8.398411e+01	1.299859e+00
3.858572903751875e-06	8.396890e+01	1.290695e+00
3.860789773428554e-06	8.395073e+01	1.281719e+00
3.863756340025835e-06	8.392808e+01	1.270223e+00
3.867056512473848e-06	8.391066e+01	1.257937e+00
3.869132030680424e-06	8.390753e+01	1.250443e+00
3.871276038009349e-06	8.391377e+01	1.242820e+00
3.873896646138605e-06	8.393176e+01	1.233495e+00
3.876195005199545e-06	8.395515e+01	1.225210e+00
3.878601057099160e-06	8.398472e+01	1.216356e+00
3.880811398703686e-06	8.401246e+01	1.208014e+00
3.883949285621760e-06	8.404910e+01	1.195930e+00
3.884617556499586e-06	8.405566e+01	1.193320e+00
3.885954098255236e-06	8.406615e+01	1.188054e+00
3.886954098255237e-06	8.407227e+01	1.184106e+00
3.888000000000000e-06	8.407714e+01	1.179973e+00
3.888300000000000e-06	8.407799e+01	1.178789e+00
3.888600000000000e-06	8.407868e+01	1.177606e+00
3.889000000000000e-06	8.407944e+01	1.176030e+00
3.889280000000000e-06	8.407973e+01	1.174930e+00
3.889600000000000e-06	8.407984e+01	1.173675e+00
3.890240000000000e-06	8.407938e+01	1.171176e+00
3.891520000000000e-06	8.407626e+01	1.166228e+00
3.893528729498675e-06	8.406702e+01	1.158606e+00
3.895829859668470e-06	8.405177e+01	1.150125e+00
3.898307017692924e-06	8.403287e+01	1.141366e+00
3.901514830847687e-06	8.401096e+01	1.130547e+00
3.904680089362659e-06	8.399478e+01	1.120257e+00
3.904828390154546e-06	8.399432e+01	1.119787e+00
3.905124991738323e-06	8.399377e+01	1.118858e+00
3.905199142134267e-06	8.399364e+01	1.118626e+00
3.905347442926155e-06	8.399344e+01	1.118162e+00
3.905384518124127e-06	8.399339e+01	1.118047e+00
3.905393786923619e-06	8.399339e+01	1.118018e+00
3.905412324522606e-06	8.399336e+01	1.117960e+00
3.905416958922353e-06	8.399335e+01	1.117946e+00
3.905426227721845e-06	8.399335e+01	1.117917e+00
3.905428544921719e-06	8.399334e+01	1.117909e+00
3.905433179321465e-06	8.399334e+01	1.117895e+00
3.905442448120958e-06	8.399332e+01	1.117866e+00
3.905444765320831e-06	8.399332e+01	1.117859e+00
3.905449399720578e-06	8.399332e+01	1.117845e+00
3.905458668520071e-06	8.399331e+01	1.117817e+00
3.905477206119057e-06	8.399329e+01	1.117761e+00
3.905514281317029e-06	8.399326e+01	1.117651e+00
3.905561829395630e-06	8.399322e+01	1.117513e+00
3.905605859466473e-06	8.399319e+01	1.117386e+00
3.905691878166949e-06	8.399315e+01	1.117140e+00
3.905847870791853e-06	8.399314e+01	1.116695e+00
3.906025444166080e-06	8.399323e+01	1.116191e+00
3.906300591603416e-06	8.399360e+01	1.115409e+00
3.906728316500016e-06	8.399475e+01	1.114194e+00
3.907583766293214e-06	8.399915e+01	1.111749e+00
3.909294665879612e-06	8.401360e+01	1.106795e+00
3.911161463906927e-06	8.403606e+01	1.101251e+00
3.913023551577758e-06	8.406410e+01	1.095513e+00
3.914903334603871e-06	8.409535e+01	1.089521e+00
3.915207798723004e-06	8.410054e+01	1.088522e+00
3.915816726961268e-06	8.411075e+01	1.086478e+00
3.917034583437796e-06	8.412943e+01	1.082288e+00
3.919470296390853e-06	8.416138e+01	1.073684e+00
3.920576018872442e-06	8.417188e+01	1.069673e+00
3.922171835543484e-06	8.417854e+01	1.063740e+00
3.924383280506662e-06	8.417387e+01	1.055349e+00
3.926403723048884e-06	8.415392e+01	1.047418e+00
3.927881162994330e-06	8.412371e+01	1.041042e+00
3.929504059451223e-06	8.406458e+01	1.032590e+00
3.931123512198719e-06	8.395779e+01	1.021733e+00
3.933171258388809e-06	8.372623e+01	1.004578e+00
3.935103257833789e-06	8.336551e+01	9.858154e-01
3.937934866364398e-06	8.260708e+01	9.560501e-01
3.939396915489361e-06	8.210515e+01	9.397891e-01
3.940362317455385e-06	8.170979e+01	9.283852e-01
3.941125277005754e-06	8.136342e+01	9.191642e-01
3.941760543981886e-06	8.105320e+01	9.116526e-01
3.942375551603044e-06	8.073292e+01	9.046572e-01
3.943392812595211e-06	8.016897e+01	8.934199e-01
3.944507410045216e-06	7.951028e+01	8.810949e-01
3.945602892007045e-06	7.881802e+01	8.683483e-01
3.946610639668270e-06	7.813548e+01	8.552068e-01
3.947636907063522e-06	7.738559e+01	8.394019e-01
3.948657924354640e-06	7.657086e+01	8.201710e-01
3.949702524883248e-06	7.564645e+01	7.957505e-01
3.950731076292511e-06	7.462138e+01	7.659676e-01
3.951768999926434e-06	7.344214e+01	7.292179e-01
3.952796553377265e-06	7.210080e+01	6.854974e-01
3.953833083122336e-06	7.054142e+01	6.334746e-01
3.954862868875075e-06	6.875840e+01	5.736689e-01
3.955898519011531e-06	6.670550e+01	5.054035e-01
3.956929088612871e-06	6.438690e+01	4.297972e-01
3.957963810760891e-06	6.177402e+01	3.469413e-01
3.958995048637015e-06	5.888958e+01	2.585689e-01
3.960029244314220e-06	5.573188e+01	1.655825e-01
3.961060965575773e-06	5.234683e+01	7.019782e-02
3.962094757735979e-06	4.876120e+01	-2.607998e-02
3.963126804208827e-06	4.504021e+01	-1.208670e-01
3.964160313813521e-06	4.123172e+01	-2.124301e-01
3.965192591953129e-06	3.740895e+01	-2.986047e-01
3.966225897939202e-06	3.363302e+01	-3.774179e-01
3.967452852578674e-06	2.930500e+01	-4.591961e-01
3.968888685624323e-06	2.453459e+01	-5.380604e-01
3.970277558025073e-06	2.019110e+01	-6.006161e-01
3.970809059179957e-06	1.870365e+01	-6.166285e-01
3.971517727386469e-06	1.680929e+01	-6.346220e-01
3.971860221612048e-06	1.593892e+01	-6.415488e-01
3.972545210063204e-06	1.430517e+01	-6.513309e-01
3.973277558025073e-06	1.270551e+01	-6.565145e-01
3.974742253948811e-06	9.909532e+00	-6.532549e-01
3.976445949757406e-06	7.215479e+00	-6.324730e-01
3.978456567355601e-06	4.757602e+00	-5.891185e-01
3.980660486245426e-06	2.787468e+00	-5.282153e-01
3.983118545403859e-06	1.139965e+00	-4.542438e-01
3.983236354684798e-06	1.076607e+00	-4.506923e-01
3.983471973246675e-06	9.675917e-01	-4.437365e-01
3.983943210370430e-06	7.651492e-01	-4.302615e-01
3.984885684617940e-06	3.900499e-01	-4.042550e-01
3.985000000000000e-06	3.479231e-01	-4.012271e-01
3.985228630764118e-06	2.695369e-01	-3.954189e-01
3.985542738471762e-06	1.669124e-01	-3.877108e-01
3.986000000000000e-06	2.394444e-02	-3.768540e-01
3.986045726152823e-06	1.052293e-02	-3.758242e-01
3.986137178458472e-06	-1.598795e-02	-3.737845e-01
3.986295811916575e-06	-6.106970e-02	-3.703086e-01
3.986458847624304e-06	-1.063284e-01	-3.668142e-01
3.986638232117936e-06	-1.547775e-01	-3.630708e-01
3.986689913243945e-06	-1.683758e-01	-3.620203e-01
3.986741594369954e-06	-1.818618e-01	-3.609793e-01
3.986793275495963e-06	-1.952356e-01	-3.599476e-01
3.986844956621972e-06	-2.084973e-01	-3.589252e-01
3.986896637747981e-06	-2.216467e-01	-3.579123e-01
3.986948318873990e-06	-2.346840e-01	-3.569087e-01
3.986999999999999e-06	-2.476090e-01	-3.559144e-01
3.987052398196571e-06	-2.605426e-01	-3.549215e-01
3.987104796393142e-06	-2.733333e-01	-3.539420e-01
3.987157194589714e-06	-2.859813e-01	-3.529759e-01
3.987209592786286e-06	-2.984865e-01	-3.520232e-01
3.987261990982858e-06	-3.108490e-01	-3.510839e-01
3.987314389179429e-06	-3.230687e-01	-3.501579e-01
3.987366787376001e-06	-3.351456e-01	-3.492454e-01
3.987745406602841e-06	-4.212627e-01	-3.430602e-01
3.988502645056520e-06	-5.756831e-01	-3.322740e-01
3.989237905667611e-06	-6.699294e-01	-3.239349e-01
3.990067624656358e-06	-7.037738e-01	-3.174211e-01
3.990805857650381e-06	-7.061382e-01	-3.143554e-01
3.991654444679808e-06	-7.055875e-01	-3.144037e-01
3.993058476846950e-06	-7.049707e-01	-3.210731e-01
3.995150445913027e-06	-7.041039e-01	-3.400513e-01
3.996937540612779e-06	-7.036651e-01	-3.613793e-01
3.998888816312230e-06	-7.032148e-01	-3.852023e-01
4.000853432949479e-06	-7.024336e-01	-4.058007e-01
4.001217296326313e-06	-7.022924e-01	-4.085567e-01
4.001945023079982e-06	-7.020341e-01	-4.123895e-01
4.002126954768400e-06	-7.019130e-01	-4.130858e-01
4.002490818145235e-06	-7.016109e-01	-4.137906e-01
4.003218544898904e-06	-7.009849e-01	-4.142497e-01
4.003283118757924e-06	-7.009220e-01	-4.142081e-01
4.003299262222679e-06	-7.009032e-01	-4.141834e-01
4.003331549152189e-06	-7.008443e-01	-4.141297e-01
4.003396123011209e-06	-6.990460e-01	-4.140062e-01
4.003525270729249e-06	-6.873054e-01	-4.136997e-01
4.003763935904326e-06	-6.564609e-01	-4.129742e-01
4.004022458553451e-06	-6.228986e-01	-4.119728e-01
4.004258129009847e-06	-5.867580e-01	-4.108331e-01
4.004521504070590e-06	-5.323851e-01	-4.092461e-01
4.005048254192080e-06	-3.983967e-01	-4.054633e-01
4.005323493060000e-06	-3.178376e-01	-4.032020e-01
4.005467491892528e-06	-2.716152e-01	-4.018960e-01
4.005544926342765e-06	-2.454516e-01	-4.011596e-01
4.005596104239007e-06	-2.270350e-01	-4.006600e-01
4.005642699679378e-06	-2.088028e-01	-4.001974e-01
4.005686661032828e-06	-1.897947e-01	-3.997547e-01
4.005751695055649e-06	-1.587052e-01	-3.990887e-01
4.005861860053336e-06	-1.020254e-01	-3.979389e-01
4.005975976877354e-06	-4.087679e-02	-3.967186e-01
4.006142196693063e-06	4.963130e-02	-3.948843e-01
4.006373187676771e-06	1.757884e-01	-3.922121e-01
4.006835169644185e-06	4.279754e-01	-3.864939e-01
4.007444245883614e-06	7.537014e-01	-3.781673e-01
4.008441173621780e-06	1.254599e+00	-3.627600e-01
4.009423671859883e-06	1.707446e+00	-3.456961e-01
4.009961723640495e-06	1.940806e+00	-3.353957e-01
4.010256172485176e-06	2.065963e+00	-3.294167e-01
4.010260864703876e-06	2.067927e+00	-3.293189e-01
4.010270249141276e-06	2.071812e+00	-3.291214e-01
4.010289018016075e-06	2.079593e+00	-3.287257e-01
4.010318121848477e-06	2.091676e+00	-3.281106e-01
4.010344651908404e-06	2.102698e+00	-3.275478e-01
4.010397712028257e-06	2.124718e+00	-3.264151e-01
4.010716072747380e-06	2.255445e+00	-3.194380e-01
4.011140553706209e-06	2.423120e+00	-3.096624e-01
4.011989515623868e-06	2.665761e+00	-2.886488e-01
4.013075180699479e-06	2.685403e+00	-2.585052e-01
4.014233148657946e-06	2.387740e+00	-2.212645e-01
4.015293747047282e-06	1.991263e+00	-1.815329e-01
4.016672979625303e-06	1.463758e+00	-1.225735e-01
4.018539703097098e-06	7.751408e-01	-3.531616e-02
4.019807380802734e-06	3.745803e-01	2.687383e-02
4.020652075203663e-06	2.042534e-01	6.870794e-02
4.021400817918457e-06	1.366585e-01	1.050921e-01
4.021815298619406e-06	1.207736e-01	1.245892e-01
4.022349918101957e-06	1.091039e-01	1.487210e-01
4.023013793639711e-06	9.945554e-02	1.769662e-01
4.024033869265059e-06	9.007297e-02	2.165478e-01
4.025153271559489e-06	8.379139e-02	2.532068e-01
4.027030733994689e-06	7.744100e-02	2.993270e-01
4.028789314553235e-06	7.330364e-02	3.216183e-01
4.032121630622268e-06	6.683300e-02	3.182954e-01
4.035244018291445e-06	6.092812e-02	2.812959e-01
4.036930135996355e-06	5.781851e-02	2.498281e-01
4.038858548786697e-06	5.468645e-02	2.118134e-01
4.040806469588285e-06	5.245727e-02	1.811682e-01
4.043036309099236e-06	5.150915e-02	1.635064e-01
4.045348933194923e-06	5.263873e-02	1.707281e-01
4.047787315880785e-06	5.643126e-02	2.115766e-01
4.050988218346533e-06	6.468912e-02	3.082090e-01
4.054272123449563e-06	7.558055e-02	4.393926e-01
4.056044843847786e-06	8.213624e-02	5.189661e-01
4.058169993771112e-06	9.004506e-02	6.142653e-01
4.060334107620771e-06	9.747994e-02	7.017439e-01
4.062601831926164e-06	1.040920e-01	7.757029e-01
4.064936874654482e-06	1.092060e-01	8.266013e-01
4.067588744541188e-06	1.126937e-01	8.498969e-01
4.070868075502685e-06	1.143199e-01	8.386857e-01
4.073561901000042e-06	1.141060e-01	8.062820e-01
4.075367594627644e-06	1.135125e-01	7.777045e-01
4.077362202933906e-06	1.130585e-01	7.488779e-01
4.079755263944385e-06	1.134501e-01	7.278082e-01
4.082281753481097e-06	1.154108e-01	7.280504e-01
4.084596917487358e-06	1.190747e-01	7.554508e-01
4.087679067448555e-06	1.265670e-01	8.299529e-01
4.091093723968871e-06	1.371102e-01	9.449927e-01
4.093131599138227e-06	1.442040e-01	1.025138e+00
4.095093976047590e-06	1.512294e-01	1.104900e+00
4.097005044781806e-06	1.577387e-01	1.177437e+00
4.099282621388134e-06	1.646426e-01	1.251011e+00
4.101639253904128e-06	1.704908e-01	1.307766e+00
4.103970964197499e-06	1.745881e-01	1.338784e+00
4.107121877740218e-06	1.776862e-01	1.344579e+00
4.110604889305040e-06	1.790261e-01	1.320267e+00
4.112344087048280e-06	1.791026e-01	1.299501e+00
4.114367216448388e-06	1.790905e-01	1.274060e+00
4.116437427857746e-06	1.795384e-01	1.255050e+00
4.118670446274346e-06	1.809492e-01	1.248499e+00
4.120974890710910e-06	1.837448e-01	1.261759e+00
4.123590287886266e-06	1.887395e-01	1.303908e+00
4.126854675796115e-06	1.971174e-01	1.388276e+00
4.129775819823668e-06	2.059749e-01	1.483821e+00
4.131507757733679e-06	2.116027e-01	1.545934e+00
4.133708270819321e-06	2.186773e-01	1.623573e+00
4.135939689455242e-06	2.253014e-01	1.694003e+00
4.138226895780323e-06	2.311302e-01	1.751811e+00
4.140566908065601e-06	2.357540e-01	1.791014e+00
4.143333330294982e-06	2.393697e-01	1.809947e+00
4.146665840728174e-06	2.417247e-01	1.803300e+00
4.149067449508535e-06	2.424305e-01	1.784070e+00
4.150887657236158e-06	2.426437e-01	1.764965e+00
4.152698033693792e-06	2.429999e-01	1.748360e+00
4.155254442732668e-06	2.441957e-01	1.735549e+00
4.157657022746927e-06	2.463709e-01	1.739424e+00
4.160040603497252e-06	2.499212e-01	1.764189e+00
4.163067254551060e-06	2.562923e-01	1.823485e+00
4.166574010316979e-06	2.653748e-01	1.917503e+00
4.168618638609906e-06	2.712530e-01	1.980940e+00
4.170595134812477e-06	2.770676e-01	2.044163e+00
4.172535245658681e-06	2.825009e-01	2.102085e+00
4.174814629931148e-06	2.882163e-01	2.160148e+00
4.177172853485377e-06	2.931323e-01	2.205380e+00
4.179505486404862e-06	2.967087e-01	2.231065e+00
4.182689232925929e-06	2.997300e-01	2.238727e+00
4.186200867001848e-06	3.014861e-01	2.224157e+00
4.187972813464092e-06	3.019246e-01	2.210418e+00
4.190061420511833e-06	3.023774e-01	2.193591e+00
4.192202059120648e-06	3.032146e-01	2.182181e+00
4.194454879670122e-06	3.048135e-01	2.181137e+00
4.196770514901591e-06	3.074831e-01	2.195579e+00
4.199495070934165e-06	3.120450e-01	2.233927e+00
4.202810538422852e-06	3.191745e-01	2.304216e+00
4.205508304684893e-06	3.258641e-01	2.374661e+00
4.207272889588352e-06	3.304854e-01	2.424381e+00
4.209546044782463e-06	3.363187e-01	2.486615e+00
4.211860865604963e-06	3.417736e-01	2.542751e+00
4.214169360416764e-06	3.464270e-01	2.587044e+00
4.216515051683076e-06	3.500935e-01	2.616329e+00
4.219403321207091e-06	3.531346e-01	2.630682e+00
4.222800165686098e-06	3.552338e-01	2.625959e+00
4.224903140393870e-06	3.559296e-01	2.614333e+00
4.226749280843874e-06	3.563304e-01	2.601252e+00
4.228416617561215e-06	3.567986e-01	2.591227e+00
4.230718465262319e-06	3.578953e-01	2.584373e+00
4.233205687693508e-06	3.598552e-01	2.588783e+00
4.235551378799111e-06	3.627047e-01	2.608081e+00
4.238624627376476e-06	3.678597e-01	2.654750e+00
4.242056945595802e-06	3.748767e-01	2.725761e+00
4.244108338666967e-06	3.795286e-01	2.775052e+00
4.246026374232203e-06	3.839949e-01	2.822886e+00
4.247844230177018e-06	3.880581e-01	2.865695e+00
4.250141927014874e-06	3.927110e-01	2.912637e+00
4.252583345016575e-06	3.968918e-01	2.951214e+00
4.254933829587828e-06	3.999392e-01	2.973926e+00
4.258040150838029e-06	4.025734e-01	2.983501e+00
4.261499615252737e-06	4.042857e-01	2.976396e+00
4.263349502660265e-06	4.048082e-01	2.967000e+00
4.265334117629074e-06	4.052646e-01	2.955637e+00
4.267334054713518e-06	4.059241e-01	2.947393e+00
4.269585095582222e-06	4.071366e-01	2.945371e+00
4.271925439549036e-06	4.091078e-01	2.954091e+00
4.274438185999863e-06	4.121817e-01	2.977929e+00
4.277684523605613e-06	4.173869e-01	3.027306e+00
4.280980417747283e-06	4.235854e-01	3.091171e+00
4.282720646163496e-06	4.270972e-01	3.128488e+00
4.284850992713536e-06	4.313809e-01	3.173969e+00
4.287023343229107e-06	4.354565e-01	3.216023e+00
4.289301969477612e-06	4.391992e-01	3.252265e+00
4.291646724313164e-06	4.423003e-01	3.278495e+00
4.294321127198709e-06	4.448180e-01	3.293440e+00
4.297630560946027e-06	4.467570e-01	3.294774e+00
4.300326333526460e-06	4.476551e-01	3.286047e+00
4.302138593535396e-06	4.480454e-01	3.277242e+00
4.304211170816115e-06	4.485473e-01	3.268253e+00
4.306615069779236e-06	4.494841e-01	3.263386e+00
4.309175298344443e-06	4.510978e-01	3.267652e+00
4.311513839256004e-06	4.533299e-01	3.283062e+00
4.314646386658076e-06	4.574049e-01	3.320104e+00
4.318085586697027e-06	4.628047e-01	3.374733e+00
4.320083219553679e-06	4.662598e-01	3.411277e+00
4.322039957620494e-06	4.697132e-01	3.448143e+00
4.323949387820228e-06	4.729275e-01	3.481840e+00
4.326238795619960e-06	4.763967e-01	3.516574e+00
4.328603307451260e-06	4.794050e-01	3.543984e+00
4.330948509005937e-06	4.816454e-01	3.560255e+00
4.334106440131313e-06	4.835972e-01	3.566624e+00
4.337623448558753e-06	4.848484e-01	3.560384e+00
4.339430142064571e-06	4.852140e-01	3.553283e+00
4.341470971136717e-06	4.855640e-01	3.544571e+00
4.343552980428654e-06	4.860960e-01	3.538502e+00
4.345810632869709e-06	4.870453e-01	3.537696e+00
4.348141202664749e-06	4.885758e-01	3.545280e+00
4.350776089514905e-06	4.910646e-01	3.565369e+00
4.354063212094764e-06	4.950718e-01	3.604085e+00
4.357032212233074e-06	4.992698e-01	3.647812e+00
4.358801295180639e-06	5.019225e-01	3.676184e+00
4.361235189164181e-06	5.055091e-01	3.714348e+00
4.363473857147618e-06	5.085355e-01	3.745461e+00
4.365761161187108e-06	5.111777e-01	3.770644e+00
4.368090785797860e-06	5.132664e-01	3.787460e+00
4.370974208762149e-06	5.150055e-01	3.795924e+00
4.374362829397499e-06	5.161895e-01	3.793422e+00
4.376571778180252e-06	5.165837e-01	3.786420e+00
4.378403969306629e-06	5.167795e-01	3.778859e+00
4.380122177982719e-06	5.170140e-01	3.772694e+00
4.382457866451071e-06	5.175808e-01	3.768232e+00
4.384990366257632e-06	5.186322e-01	3.770136e+00
4.387345009732782e-06	5.201701e-01	3.780463e+00
4.390427788291005e-06	5.229803e-01	3.806090e+00
4.393857085367193e-06	5.268063e-01	3.845222e+00
4.395874774600588e-06	5.293055e-01	3.872030e+00
4.397803643511283e-06	5.317544e-01	3.898612e+00
4.399646942357252e-06	5.339892e-01	3.922498e+00
4.401951098736852e-06	5.364971e-01	3.948184e+00
4.404367238002737e-06	5.386860e-01	3.968665e+00
4.406720513547148e-06	5.402511e-01	3.980331e+00
4.409840787407117e-06	5.415183e-01	3.984060e+00
4.413325720713828e-06	5.422200e-01	3.977966e+00
4.415216972862893e-06	5.423656e-01	3.971370e+00
4.417201807477379e-06	5.424529e-01	3.963681e+00
4.419195853083209e-06	5.426471e-01	3.957722e+00
4.421450942395687e-06	5.431246e-01	3.955029e+00
4.423794841351723e-06	5.440139e-01	3.958280e+00
4.426299007119277e-06	5.454938e-01	3.969847e+00
4.429544781442820e-06	5.480990e-01	3.995302e+00
4.432841545060043e-06	5.512533e-01	4.028908e+00
4.434621885597802e-06	5.530888e-01	4.049102e+00
4.436807367598422e-06	5.553201e-01	4.073650e+00
4.439034026253779e-06	5.574060e-01	4.095947e+00
4.441325619084361e-06	5.592284e-01	4.114167e+00
4.443673941180736e-06	5.606471e-01	4.126291e+00
4.446435011010109e-06	5.616993e-01	4.131595e+00
4.449783352907640e-06	5.622970e-01	4.128250e+00
4.452329051917411e-06	5.623901e-01	4.120587e+00
4.454126302167372e-06	5.623395e-01	4.113625e+00
4.456154008272201e-06	5.623149e-01	4.106447e+00
4.458584336134013e-06	5.624834e-01	4.101006e+00
4.461132421146356e-06	5.630002e-01	4.100590e+00
4.463482693753267e-06	5.639007e-01	4.106714e+00
4.466597740687314e-06	5.656931e-01	4.123988e+00
4.470045824976378e-06	5.681893e-01	4.150936e+00
4.471992966116466e-06	5.697660e-01	4.168740e+00
4.473983795812752e-06	5.714085e-01	4.187473e+00
4.475960691974991e-06	5.729371e-01	4.204622e+00
4.478245649912993e-06	5.744708e-01	4.221062e+00
4.480614218397676e-06	5.757164e-01	4.233096e+00
4.483000408416001e-06	5.765260e-01	4.238754e+00
4.486215352583942e-06	5.769859e-01	4.237273e+00
4.489802718105438e-06	5.769600e-01	4.227945e+00
4.491578361800057e-06	5.767960e-01	4.221257e+00
4.493657903477683e-06	5.765744e-01	4.213183e+00
4.495786763044176e-06	5.764564e-01	4.206708e+00
4.498049829540886e-06	5.765485e-01	4.203247e+00
4.500377365002157e-06	5.769590e-01	4.204566e+00
4.503083554725000e-06	5.778726e-01	4.212799e+00
4.506397613250346e-06	5.794803e-01	4.230374e+00
4.509067704604291e-06	5.810456e-01	4.248697e+00
4.510892067364106e-06	5.821896e-01	4.262405e+00
4.512997423092422e-06	5.834615e-01	4.277589e+00
4.515436555591285e-06	5.847543e-01	4.292585e+00
4.517787081098216e-06	5.857226e-01	4.303015e+00
4.520164451913646e-06	5.863295e-01	4.308167e+00
4.523113733172514e-06	5.865720e-01	4.307190e+00
4.526565914824629e-06	5.863530e-01	4.298863e+00
4.528654670327136e-06	5.860204e-01	4.291035e+00
4.530475626704755e-06	5.856595e-01	4.283304e+00
4.532134697698828e-06	5.853599e-01	4.276818e+00
4.534439687601397e-06	5.850807e-01	4.270014e+00
4.536982467445630e-06	5.850167e-01	4.266329e+00
4.539332882338522e-06	5.852690e-01	4.267737e+00
4.542397510075995e-06	5.860377e-01	4.276337e+00
4.545810036309841e-06	5.872754e-01	4.291795e+00
4.547756880640521e-06	5.881094e-01	4.302614e+00
4.549733548678323e-06	5.889824e-01	4.314069e+00
4.551682823813628e-06	5.897702e-01	4.324346e+00
4.553980941129085e-06	5.905241e-01	4.333952e+00
4.556357074351780e-06	5.910437e-01	4.340125e+00
4.558719748803295e-06	5.912246e-01	4.341411e+00
4.561925380848536e-06	5.909860e-01	4.336208e+00
4.565477075622672e-06	5.903032e-01	4.324517e+00
4.567350372876398e-06	5.898126e-01	4.316573e+00
4.569359249447964e-06	5.892546e-01	4.307742e+00
4.571395404066882e-06	5.887572e-01	4.299946e+00
4.573647673164474e-06	5.883585e-01	4.293735e+00
4.575966449317287e-06	5.881722e-01	4.290832e+00
4.578523675181982e-06	5.882703e-01	4.292322e+00
4.581772769478705e-06	5.887642e-01	4.299913e+00
4.584727809705246e-06	5.894512e-01	4.310511e+00
4.586568012562278e-06	5.899432e-01	4.318151e+00
4.588807167759957e-06	5.905103e-01	4.327066e+00
4.591183201900543e-06	5.909798e-01	4.334647e+00
4.593510342119619e-06	5.912317e-01	4.339082e+00
4.595868825263251e-06	5.912076e-01	4.339547e+00
4.598823779485827e-06	5.907860e-01	4.334508e+00
4.602259701557108e-06	5.899063e-01	4.323114e+00
4.604454744672803e-06	5.891778e-01	4.313526e+00
4.606233600570914e-06	5.885312e-01	4.305050e+00
4.608063732554453e-06	5.878787e-01	4.296622e+00
4.609543543393030e-06	5.873789e-01	4.290284e+00
4.609671932240581e-06	5.873382e-01	4.289777e+00
4.609928709935685e-06	5.872611e-01	4.288832e+00
4.610442265325892e-06	5.871131e-01	4.287040e+00
4.611068259640340e-06	5.869404e-01	4.284978e+00
4.611218207088666e-06	5.869017e-01	4.284526e+00
4.611368894090489e-06	5.868635e-01	4.284083e+00
4.611519581092311e-06	5.868264e-01	4.283655e+00
4.611670268094134e-06	5.867901e-01	4.283242e+00
4.611820955095956e-06	5.867548e-01	4.282843e+00
4.611971642097778e-06	5.867204e-01	4.282459e+00
4.612122329099600e-06	5.866869e-01	4.282089e+00
4.612273016101423e-06	5.866544e-01	4.281734e+00
4.612798220949385e-06	5.865507e-01	4.280645e+00
4.613498494080000e-06	5.864353e-01	4.279548e+00
4.614899040341232e-06	5.862821e-01	4.278553e+00
4.617700132863694e-06	5.862011e-01	4.280045e+00
4.621383893999661e-06	5.863773e-01	4.286397e+00
4.623487404677684e-06	5.865853e-01	4.291723e+00
4.625531897470871e-06	5.868104e-01	4.297324e+00
4.627585988417420e-06	5.869738e-01	4.302089e+00
4.629881143535483e-06	5.870164e-01	4.305416e+00
4.632260484963380e-06	5.868530e-01	4.305879e+00
4.634741789271359e-06	5.864078e-01	4.302412e+00
4.637989057067536e-06	5.854488e-01	4.292505e+00
4.641671672705577e-06	5.840376e-01	4.276728e+00
4.643457442261239e-06	5.832676e-01	4.267938e+00
4.645532361139141e-06	5.823593e-01	4.257665e+00
4.647657519483775e-06	5.814943e-01	4.248242e+00
4.649914676768831e-06	5.807017e-01	4.240241e+00
4.652230562979741e-06	5.800669e-01	4.234821e+00
4.654919971349320e-06	5.795717e-01	4.232282e+00
4.658222307278738e-06	5.792032e-01	4.232883e+00
4.659094206323002e-06	5.791465e-01	4.233672e+00
4.660255776036281e-06	5.791119e-01	4.235370e+00
4.660545446705296e-06	5.791046e-01	4.235814e+00
4.661124788043326e-06	5.790914e-01	4.236733e+00
4.662094206323002e-06	5.790670e-01	4.238247e+00
4.663670148312066e-06	5.790033e-01	4.240385e+00
4.666202481392539e-06	5.788101e-01	4.242541e+00
4.668600655056318e-06	5.784770e-01	4.242438e+00
4.671038706801103e-06	5.779225e-01	4.239235e+00
4.673841879314104e-06	5.769994e-01	4.231462e+00
4.677249045397067e-06	5.755633e-01	4.217560e+00
4.679864585879460e-06	5.742936e-01	4.204569e+00
4.681571403493360e-06	5.734155e-01	4.195464e+00
4.683823800488658e-06	5.722693e-01	4.183767e+00
4.686045032700520e-06	5.712112e-01	4.173425e+00
4.688318425955769e-06	5.702504e-01	4.164781e+00
4.690626438306251e-06	5.694383e-01	4.158558e+00
4.693499787230523e-06	5.686513e-01	4.154293e+00
4.696882170230888e-06	5.679384e-01	4.152605e+00
4.698817639780779e-06	5.676047e-01	4.152818e+00
4.700804530612186e-06	5.672812e-01	4.153389e+00
4.702767242087408e-06	5.669224e-01	4.153425e+00
4.705086592798113e-06	5.663987e-01	4.152057e+00
4.707480127501673e-06	5.657066e-01	4.148475e+00
4.709886226805266e-06	5.648106e-01	4.142001e+00
4.713102365381462e-06	5.633254e-01	4.129255e+00
4.716675534933682e-06	5.614223e-01	4.111541e+00
4.718665266427510e-06	5.602777e-01	4.100537e+00
4.720566231625537e-06	5.591623e-01	4.089800e+00
4.722425779192555e-06	5.580927e-01	4.079695e+00
4.723661128882650e-06	5.574084e-01	4.073413e+00
4.724660475192898e-06	5.568767e-01	4.068682e+00
4.725135397245668e-06	5.566323e-01	4.066566e+00
4.725471545905135e-06	5.564638e-01	4.065138e+00
4.725779399919277e-06	5.563126e-01	4.063880e+00
4.726229154605142e-06	5.560966e-01	4.062117e+00
4.726673020073713e-06	5.558889e-01	4.060462e+00
4.727244150306633e-06	5.556304e-01	4.058469e+00
4.727922110940448e-06	5.553377e-01	4.056322e+00
4.729155363656503e-06	5.548367e-01	4.052907e+00
4.730298227658352e-06	5.544080e-01	4.050294e+00
4.731904978750407e-06	5.538611e-01	4.047488e+00
4.733737850407479e-06	5.532956e-01	4.045200e+00
4.736051498171426e-06	5.526348e-01	4.043163e+00
4.738149000724980e-06	5.520491e-01	4.041570e+00
4.740089764943398e-06	5.514790e-01	4.039730e+00
4.742433342550355e-06	5.507066e-01	4.036326e+00
4.744839805331941e-06	5.497838e-01	4.030976e+00
4.747210663175445e-06	5.487034e-01	4.023254e+00
4.750413710743245e-06	5.469927e-01	4.009242e+00
4.753935623656699e-06	5.448879e-01	3.990693e+00
4.756003421846075e-06	5.435698e-01	3.978684e+00
4.757618121579539e-06	5.425186e-01	3.969055e+00
4.759267750509352e-06	5.414634e-01	3.959563e+00
4.761869321048956e-06	5.398723e-01	3.945788e+00
4.764263825640463e-06	5.385135e-01	3.934780e+00
4.766666546277447e-06	5.372884e-01	3.925899e+00
4.769597510677331e-06	5.359659e-01	3.917745e+00
4.773097973368673e-06	5.345397e-01	3.910413e+00
4.775071856239660e-06	5.337775e-01	3.906966e+00
4.777291152556189e-06	5.329118e-01	3.903025e+00
4.779781435830811e-06	5.318692e-01	3.897606e+00
4.782307611729442e-06	5.306941e-01	3.890436e+00
4.784662514845898e-06	5.294500e-01	3.881620e+00
4.787832640511908e-06	5.275556e-01	3.866621e+00
4.791284296969313e-06	5.252961e-01	3.847516e+00
4.793416881617542e-06	5.238206e-01	3.834625e+00
4.795090911154800e-06	5.226396e-01	3.824238e+00
4.797087915264378e-06	5.212470e-01	3.812160e+00
4.799414476816544e-06	5.196795e-01	3.798989e+00
4.801714896960003e-06	5.182150e-01	3.787321e+00
4.804041842894069e-06	5.168452e-01	3.777262e+00
4.806878408834671e-06	5.153198e-01	3.767248e+00
4.810272357355822e-06	5.136292e-01	3.757371e+00
4.812121563311831e-06	5.127489e-01	3.752645e+00
4.814351110648077e-06	5.116920e-01	3.747067e+00
4.816628637044383e-06	5.105703e-01	3.740788e+00
4.818919228934641e-06	5.093637e-01	3.733356e+00
4.821282317957437e-06	5.080038e-01	3.724038e+00
4.824120695180403e-06	5.062043e-01	3.710470e+00
4.827480751520541e-06	5.038865e-01	3.691744e+00
4.830457615162008e-06	5.017130e-01	3.673485e+00
4.832169200313590e-06	5.004300e-01	3.662557e+00
4.834102423179318e-06	4.989810e-01	3.650277e+00
4.836050038920587e-06	4.975512e-01	3.638409e+00
4.838271226758384e-06	4.959809e-01	3.625836e+00
4.840547657887137e-06	4.944548e-01	3.614255e+00
4.842961874492535e-06	4.929418e-01	3.603614e+00
4.846133811700683e-06	4.910807e-01	3.591601e+00
4.848641605838117e-06	4.896787e-01	3.583193e+00
4.850658078036667e-06	4.885757e-01	3.576834e+00
4.852586967930034e-06	4.875088e-01	3.570606e+00
4.854980975282674e-06	4.861339e-01	3.562162e+00
4.857423953326243e-06	4.846477e-01	3.552353e+00
4.859785215945393e-06	4.830997e-01	3.541269e+00
4.862985627116500e-06	4.808340e-01	3.523847e+00
4.866464313921421e-06	4.782196e-01	3.502763e+00
4.868650586542248e-06	4.765145e-01	3.488659e+00
4.870244125789358e-06	4.752562e-01	3.478195e+00
4.872464532736222e-06	4.735169e-01	3.463880e+00
4.874586796389725e-06	4.718933e-01	3.450826e+00
4.876820837600666e-06	4.702471e-01	3.438077e+00
4.879093215387422e-06	4.686535e-01	3.426365e+00
4.881822320142460e-06	4.668449e-01	3.413929e+00
4.885130272185937e-06	4.647551e-01	3.400439e+00
4.886991655712212e-06	4.636131e-01	3.393385e+00
4.889238713805504e-06	4.622422e-01	3.385015e+00
4.891532903925389e-06	4.608140e-01	3.376073e+00
4.893826041871876e-06	4.593296e-01	3.366320e+00
4.896208574864922e-06	4.577011e-01	3.354941e+00
4.899055238851267e-06	4.556297e-01	3.339535e+00
4.902421391122445e-06	4.530360e-01	3.319253e+00
4.905563219047955e-06	4.505176e-01	3.298953e+00
4.907380640170085e-06	4.490342e-01	3.286859e+00
4.909247843113899e-06	4.475107e-01	3.274482e+00
4.911099821751662e-06	4.460222e-01	3.262577e+00
4.913305948053940e-06	4.442950e-01	3.249119e+00
4.915561571134087e-06	4.425914e-01	3.236326e+00
4.917845888369983e-06	4.409424e-01	3.224543e+00
4.920952983122953e-06	4.387957e-01	3.209996e+00
4.923500544928283e-06	4.370919e-01	3.198939e+00
4.925578019492363e-06	4.357245e-01	3.190269e+00
4.927616328769242e-06	4.343753e-01	3.181667e+00
4.930026482929438e-06	4.327422e-01	3.170953e+00
4.932489947883984e-06	4.310087e-01	3.159071e+00
4.934958747751187e-06	4.291828e-01	3.145873e+00
4.938195561449635e-06	4.266607e-01	3.126716e+00
4.941769729712219e-06	4.237603e-01	3.103913e+00
4.943978002448429e-06	4.219247e-01	3.089215e+00
4.945558782427483e-06	4.206021e-01	3.078596e+00
4.947721858339561e-06	4.188071e-01	3.064313e+00
4.949845634342841e-06	4.170777e-01	3.050809e+00
4.952077006158692e-06	4.153116e-01	3.037410e+00
4.954341845132614e-06	4.135827e-01	3.024784e+00
4.957067876649919e-06	4.115831e-01	3.010825e+00
4.960377399911805e-06	4.092338e-01	2.995071e+00
4.962453215033451e-06	4.077882e-01	2.985618e+00
4.964399393347401e-06	4.064348e-01	2.976791e+00
4.967140698266608e-06	4.044971e-01	2.963904e+00
4.969626733154051e-06	4.026869e-01	2.951439e+00
4.972079216435605e-06	4.008258e-01	2.938039e+00
4.975233322983519e-06	3.983248e-01	2.919235e+00
4.978757775445158e-06	3.954288e-01	2.896756e+00
4.981156957567905e-06	3.934137e-01	2.880831e+00
4.982708831736167e-06	3.921009e-01	2.870408e+00
4.984597722845140e-06	3.905108e-01	2.857856e+00
4.986496027915415e-06	3.889347e-01	2.845583e+00
4.988699249920912e-06	3.871452e-01	2.831947e+00
4.990951694837744e-06	3.853674e-01	2.818790e+00
4.993335253405840e-06	3.835492e-01	2.805821e+00
4.996480999249787e-06	3.812220e-01	2.789789e+00
4.998459599676694e-06	3.797896e-01	2.780176e+00
5.000586503204862e-06	3.782655e-01	2.770075e+00
5.002752320201650e-06	3.767063e-01	2.759680e+00
5.005131039961765e-06	3.749652e-01	2.747835e+00
5.007588620086456e-06	3.731169e-01	2.734862e+00
5.010214922648459e-06	3.710707e-01	2.719943e+00
5.013503345968993e-06	3.684128e-01	2.699850e+00
5.017245661868896e-06	3.653038e-01	2.675751e+00
5.019439742788011e-06	3.634551e-01	2.661248e+00
5.021092787087617e-06	3.620604e-01	2.650302e+00
5.022879643861010e-06	3.605674e-01	2.638695e+00
5.025271817989491e-06	3.586034e-01	2.623684e+00
5.027690348697695e-06	3.566661e-01	2.609230e+00
5.030004911422166e-06	3.548679e-01	2.596230e+00
5.032922427819211e-06	3.526670e-01	2.580817e+00
5.035414472052866e-06	3.508286e-01	2.568262e+00
5.037555325648926e-06	3.492687e-01	2.557755e+00
5.039699946818103e-06	3.477052e-01	2.547205e+00
5.042135964464763e-06	3.459078e-01	2.534890e+00
5.044629977589258e-06	3.440278e-01	2.521676e+00
5.047157418425421e-06	3.420656e-01	2.507427e+00
5.050417250640818e-06	3.394542e-01	2.487837e+00
5.054030932607916e-06	3.364879e-01	2.465052e+00
5.056302194866806e-06	3.345981e-01	2.450351e+00
5.057779059451972e-06	3.333664e-01	2.440748e+00
5.059683822332777e-06	3.317879e-01	2.428513e+00
5.061606552399681e-06	3.302151e-01	2.416467e+00
5.063806992171252e-06	3.284493e-01	2.403185e+00
5.066053740091647e-06	3.266895e-01	2.390258e+00
5.068550655479604e-06	3.247874e-01	2.376676e+00
5.071739063712993e-06	3.224164e-01	2.360169e+00
5.073743933678505e-06	3.209499e-01	2.350133e+00
5.076007223372072e-06	3.193047e-01	2.338936e+00
5.078537658341725e-06	3.174553e-01	2.326242e+00
5.080892590984813e-06	3.157088e-01	2.314028e+00
5.083298928288537e-06	3.138838e-01	2.300922e+00
5.086275790196122e-06	3.115658e-01	2.283784e+00
5.089686413712282e-06	3.088460e-01	2.263164e+00
5.092771349185711e-06	3.063474e-01	2.243918e+00
5.094674165264994e-06	3.047986e-01	2.231921e+00
5.096393911481412e-06	3.034037e-01	2.221144e+00
5.097994447645018e-06	3.021187e-01	2.211302e+00
5.100159036753932e-06	3.004075e-01	2.198375e+00
5.102415717479832e-06	2.986593e-01	2.185416e+00
5.104710244334544e-06	2.969259e-01	2.172872e+00
5.107678733558291e-06	2.947364e-01	2.157400e+00
5.109916404870065e-06	2.931166e-01	2.146163e+00
5.112088850284604e-06	2.915615e-01	2.135485e+00
5.114298037638664e-06	2.899817e-01	2.124620e+00
5.116727602240380e-06	2.882311e-01	2.112438e+00
5.119225573677007e-06	2.864038e-01	2.099471e+00
5.121745614097190e-06	2.845209e-01	2.085762e+00
5.125004971924814e-06	2.820297e-01	2.067151e+00
5.128609560348486e-06	2.792270e-01	2.045808e+00
5.130909141393285e-06	2.774234e-01	2.031930e+00
5.132431302191475e-06	2.762296e-01	2.022731e+00
5.134293512301711e-06	2.747792e-01	2.011609e+00
5.136165414131851e-06	2.733387e-01	2.000672e+00
5.138359975722508e-06	2.716787e-01	1.988254e+00
5.140597366477160e-06	2.700222e-01	1.976100e+00
5.143166197125724e-06	2.681664e-01	1.962791e+00
5.146372025001847e-06	2.659000e-01	1.946860e+00
5.148512777984041e-06	2.644091e-01	1.936520e+00
5.150530067770792e-06	2.630132e-01	1.926870e+00
5.153346065749020e-06	2.610581e-01	1.913249e+00
5.155885483121398e-06	2.592758e-01	1.900630e+00
5.158298780648120e-06	2.575526e-01	1.888151e+00
5.161377371643442e-06	2.553115e-01	1.871528e+00
5.164804617702124e-06	2.527765e-01	1.852360e+00
5.167542918702521e-06	2.507331e-01	1.836726e+00
5.169336067200123e-06	2.493941e-01	1.826445e+00
5.171059462458027e-06	2.481143e-01	1.816650e+00
5.172691384830113e-06	2.469152e-01	1.807543e+00
5.174860026221268e-06	2.453454e-01	1.795764e+00
5.177065882060137e-06	2.437790e-01	1.784199e+00
5.179447699872852e-06	2.421267e-01	1.772246e+00
5.182545408180064e-06	2.400233e-01	1.757315e+00
5.184399816781399e-06	2.387853e-01	1.748653e+00
5.186574599251576e-06	2.373490e-01	1.738680e+00
5.188805728109334e-06	2.358790e-01	1.728451e+00
5.191207941111516e-06	2.342894e-01	1.717284e+00
5.193692517767150e-06	2.326285e-01	1.705427e+00
5.196088718263634e-06	2.310024e-01	1.693574e+00
5.199308730634293e-06	2.287821e-01	1.677037e+00
5.202797156545555e-06	2.263482e-01	1.658611e+00
5.205111839766891e-06	2.247249e-01	1.646210e+00
5.206714738703724e-06	2.236031e-01	1.637623e+00
5.208513684905273e-06	2.223530e-01	1.628093e+00
5.210293361803208e-06	2.211308e-01	1.618850e+00
5.212480200707266e-06	2.196528e-01	1.607810e+00
5.214707284075142e-06	2.181782e-01	1.596974e+00
5.217398590070217e-06	2.164384e-01	1.584440e+00
5.220630298146711e-06	2.143937e-01	1.569965e+00
5.222774293783100e-06	2.130589e-01	1.560626e+00
5.224785749861863e-06	2.118173e-01	1.551967e+00
5.227594168428242e-06	2.100839e-01	1.539806e+00
5.229974736258046e-06	2.086053e-01	1.529295e+00
5.232402787877828e-06	2.070801e-01	1.518251e+00
5.235171049496143e-06	2.053178e-01	1.505230e+00
5.238534176580473e-06	2.031524e-01	1.488947e+00
5.241678420038540e-06	2.011168e-01	1.473466e+00
5.243601396816498e-06	1.998736e-01	1.463974e+00
5.245325096104846e-06	1.987669e-01	1.455543e+00
5.246948512154757e-06	1.977363e-01	1.447746e+00
5.249118811924956e-06	1.963794e-01	1.437589e+00
5.251325052613378e-06	1.950273e-01	1.427617e+00
5.254017272351968e-06	1.934170e-01	1.415960e+00
5.257213993384099e-06	1.915475e-01	1.402656e+00
5.259176159460705e-06	1.904209e-01	1.394739e+00
5.261761437440580e-06	1.889537e-01	1.384482e+00
5.264115590203640e-06	1.876216e-01	1.375134e+00
5.266374598671094e-06	1.863399e-01	1.366043e+00
5.268769232677785e-06	1.849710e-01	1.356184e+00
5.271101485135539e-06	1.836237e-01	1.346300e+00
5.274294473233093e-06	1.817605e-01	1.332381e+00
5.277779714375995e-06	1.797152e-01	1.316899e+00
5.279993638792112e-06	1.784163e-01	1.307001e+00
5.281554267238208e-06	1.775066e-01	1.300069e+00
5.283558262947914e-06	1.763515e-01	1.291316e+00
5.285722843193635e-06	1.751234e-01	1.282099e+00
5.288038260668907e-06	1.738371e-01	1.272582e+00
5.290696179570182e-06	1.723980e-01	1.262127e+00
5.293988128686872e-06	1.706583e-01	1.249704e+00
5.295876655809554e-06	1.696802e-01	1.242811e+00
5.297985103892330e-06	1.686035e-01	1.235275e+00
5.300137689698054e-06	1.675110e-01	1.227616e+00
5.302698222464673e-06	1.662126e-01	1.218441e+00
5.304983798834502e-06	1.650488e-01	1.210106e+00
5.307317600780744e-06	1.638515e-01	1.201384e+00
5.309900752738354e-06	1.625155e-01	1.191481e+00
5.312734090588141e-06	1.610413e-01	1.180406e+00
5.313734090588141e-06	1.605195e-01	1.176453e+00
5.313999999999999e-06	1.603807e-01	1.175396e+00
5.314531818823716e-06	1.601031e-01	1.173280e+00
5.314936362352566e-06	1.598920e-01	1.171670e+00
5.315190912942301e-06	1.597593e-01	1.170657e+00
5.315490898820529e-06	1.596030e-01	1.169464e+00
5.316000000000000e-06	1.593380e-01	1.167440e+00
5.316050910117947e-06	1.593115e-01	1.167238e+00
5.316152730353841e-06	1.592586e-01	1.166834e+00
5.316356370825629e-06	1.591528e-01	1.166025e+00
5.316592719056424e-06	1.590301e-01	1.165088e+00
5.317000000000000e-06	1.588188e-01	1.163475e+00
5.317040728094357e-06	1.587977e-01	1.163314e+00
5.317122184283073e-06	1.587556e-01	1.162992e+00
5.317285096660503e-06	1.586713e-01	1.162349e+00
5.317610921415364e-06	1.585024e-01	1.161064e+00
5.318262570925086e-06	1.581638e-01	1.158509e+00
5.319565869944530e-06	1.574924e-01	1.153458e+00
5.321863352041726e-06	1.563323e-01	1.144737e+00
5.324109958117022e-06	1.552244e-01	1.136489e+00
5.326907263707596e-06	1.538822e-01	1.126670e+00
5.330078687728499e-06	1.523950e-01	1.115957e+00
5.330360545673190e-06	1.522652e-01	1.115033e+00
5.330924261562569e-06	1.520087e-01	1.113222e+00
5.332051693341326e-06	1.514983e-01	1.109627e+00
5.332333551286015e-06	1.513713e-01	1.108735e+00
5.332897267175394e-06	1.511184e-01	1.106962e+00
5.333038196147739e-06	1.510543e-01	1.106520e+00
5.333320054092429e-06	1.508732e-01	1.105638e+00
5.333390518578601e-06	1.507101e-01	1.105418e+00
5.333408134700144e-06	1.503977e-01	1.105363e+00
5.333443366943230e-06	1.488383e-01	1.105253e+00
5.333452175004001e-06	1.477995e-01	1.105226e+00
5.333469791125545e-06	1.443391e-01	1.105172e+00
5.333470754507192e-06	1.440717e-01	1.105169e+00
5.333471305010991e-06	1.438999e-01	1.105167e+00
5.333474608033780e-06	1.427770e-01	1.105157e+00
5.333479012064165e-06	1.410375e-01	1.105143e+00
5.333487820124937e-06	1.369123e-01	1.105116e+00
5.333505436246480e-06	1.283915e-01	1.105063e+00
5.333540668489566e-06	1.162711e-01	1.104959e+00
5.333611132975738e-06	1.050032e-01	1.104754e+00
5.333702763812065e-06	9.968127e-02	1.104491e+00
5.333839664830991e-06	9.741616e-02	1.104101e+00
5.334042623249746e-06	9.695585e-02	1.103523e+00
5.334255265580991e-06	9.726609e-02	1.102919e+00
5.334680550243482e-06	9.810387e-02	1.101708e+00
5.335531119568462e-06	9.978085e-02	1.099274e+00
5.337232258218422e-06	1.031998e-01	1.094335e+00
5.339101072867877e-06	1.071275e-01	1.088758e+00
5.341160288917758e-06	1.118271e-01	1.082368e+00
5.343030842076663e-06	1.167989e-01	1.076269e+00
5.345631702986668e-06	1.256988e-01	1.067334e+00
5.348413566565505e-06	1.405475e-01	1.057317e+00
5.351411784560630e-06	1.740792e-01	1.046082e+00
5.354193859787920e-06	2.572480e-01	1.035212e+00
5.355973772393105e-06	4.212195e-01	1.027500e+00
5.357751022514419e-06	7.683903e-01	1.018018e+00
5.359544384294071e-06	1.261211e+00	1.005557e+00
5.361663818838355e-06	1.894177e+00	9.871837e-01
5.363777935360926e-06	2.523663e+00	9.662441e-01
5.365612033332850e-06	3.102852e+00	9.469390e-01
5.367058693175851e-06	3.692405e+00	9.312469e-01
5.368044062103274e-06	4.229954e+00	9.200803e-01
5.368653960836153e-06	4.555064e+00	9.128368e-01
5.369990347046187e-06	5.085075e+00	8.969746e-01
5.370565977921908e-06	5.336986e+00	8.904891e-01
5.371717239673347e-06	5.950589e+00	8.778059e-01
5.372783299982079e-06	6.662313e+00	8.659652e-01
5.373743501955596e-06	7.481553e+00	8.546454e-01
5.374785100656977e-06	8.598011e+00	8.408289e-01
5.375804896306270e-06	9.950736e+00	8.248046e-01
5.376861940565415e-06	1.165095e+01	8.044903e-01
5.377881006106846e-06	1.358463e+01	7.802586e-01
5.378924106639094e-06	1.586494e+01	7.497282e-01
5.379946154530794e-06	1.839410e+01	7.133935e-01
5.380987759273998e-06	2.126873e+01	6.691438e-01
5.382013813578260e-06	2.437771e+01	6.179881e-01
5.383052687983587e-06	2.777963e+01	5.583181e-01
5.384080455938127e-06	3.135678e+01	4.916010e-01
5.385117488243086e-06	3.512843e+01	4.169526e-01
5.386146809314792e-06	3.897116e+01	3.363665e-01
5.387182643057673e-06	4.286848e+01	2.498487e-01
5.388212998366078e-06	4.670156e+01	1.598221e-01
5.389247937570621e-06	5.043426e+01	6.708553e-02
5.390279022085329e-06	5.396698e+01	-2.575070e-02
5.391313343779243e-06	5.726384e+01	-1.173833e-01
5.392344945644280e-06	6.025787e+01	-2.053516e-01
5.393378826405308e-06	6.293060e+01	-2.882575e-01
5.394410785340266e-06	6.523371e+01	-3.635876e-01
5.395695566513125e-06	6.760641e+01	-4.450718e-01
5.397163997562800e-06	6.970998e+01	-5.195512e-01
5.399021178174148e-06	7.159626e+01	-5.838091e-01
5.401238475267282e-06	7.306156e+01	-6.180867e-01
5.404234675210297e-06	7.439570e+01	-6.098071e-01
5.406488977926160e-06	7.531578e+01	-5.710612e-01
5.409063194101245e-06	7.661700e+01	-5.040494e-01
5.411453188187121e-06	7.815027e+01	-4.354571e-01
5.412040216996297e-06	7.860349e+01	-4.190003e-01
5.413214274614649e-06	7.961790e+01	-3.883160e-01
5.413999999999999e-06	8.033747e+01	-3.696687e-01
5.415000000000000e-06	8.129134e+01	-3.481394e-01
5.415100000000000e-06	8.138979e+01	-3.462683e-01
5.415300000000000e-06	8.158710e+01	-3.425860e-01
5.415425459340080e-06	8.171123e+01	-3.403334e-01
5.415579278424284e-06	8.186386e+01	-3.376553e-01
5.415639381506529e-06	8.192364e+01	-3.366390e-01
5.415699484588774e-06	8.198345e+01	-3.356359e-01
5.415759587671019e-06	8.204331e+01	-3.346460e-01
5.415819690753265e-06	8.210320e+01	-3.336692e-01
5.415879793835510e-06	8.216313e+01	-3.327057e-01
5.415939896917755e-06	8.222310e+01	-3.317553e-01
5.416000000000000e-06	8.228311e+01	-3.308180e-01
5.416069696189032e-06	8.235275e+01	-3.297552e-01
5.416139392378063e-06	8.242237e+01	-3.287162e-01
5.416209088567095e-06	8.249197e+01	-3.277010e-01
5.416278784756127e-06	8.256156e+01	-3.267097e-01
5.416348480945159e-06	8.263113e+01	-3.257423e-01
5.416418177134190e-06	8.270068e+01	-3.247987e-01
5.416487873323222e-06	8.277022e+01	-3.238789e-01
5.416991484495579e-06	8.326900e+01	-3.179479e-01
5.417998706840296e-06	8.424900e+01	-3.086551e-01
5.418807325043821e-06	8.500653e+01	-3.038803e-01
5.419734895776202e-06	8.582403e+01	-3.018479e-01
5.420523532234296e-06	8.645890e+01	-3.029269e-01
5.421448849311043e-06	8.708148e+01	-3.078372e-01
5.423299483464538e-06	8.797307e+01	-3.242849e-01
5.425117314815455e-06	8.837442e+01	-3.449184e-01
5.427018755019546e-06	8.819937e+01	-3.673798e-01
5.428904437078664e-06	8.755270e+01	-3.870781e-01
5.429260278377905e-06	8.736253e+01	-3.898929e-01
5.429971960976388e-06	8.687984e+01	-3.932732e-01
5.431395326173354e-06	8.580649e+01	-3.963979e-01
5.431745576172459e-06	8.551814e+01	-3.961861e-01
5.431833138672234e-06	8.544219e+01	-3.959570e-01
5.432052044921674e-06	8.525078e+01	-3.952786e-01
5.432139607421451e-06	8.517311e+01	-3.949329e-01
5.432314732421003e-06	8.501649e+01	-3.941453e-01
5.432521261120642e-06	8.482968e+01	-3.930542e-01
5.432791219130459e-06	8.458245e+01	-3.913821e-01
5.433037873637168e-06	8.435394e+01	-3.896251e-01
5.433258059121950e-06	8.414781e+01	-3.878450e-01
5.433512938733552e-06	8.390678e+01	-3.854976e-01
5.434022697956757e-06	8.342085e+01	-3.802796e-01
5.434218384549457e-06	8.323322e+01	-3.781006e-01
5.434407961209570e-06	8.305064e+01	-3.758323e-01
5.434517372959261e-06	8.294505e+01	-3.744654e-01
5.434585991514567e-06	8.287878e+01	-3.735894e-01
5.434629526194629e-06	8.283672e+01	-3.730266e-01
5.434699274651261e-06	8.276931e+01	-3.721143e-01
5.434811208631883e-06	8.266108e+01	-3.706296e-01
5.434928441472837e-06	8.254769e+01	-3.690469e-01
5.435096667623084e-06	8.238496e+01	-3.667226e-01
5.435832446305622e-06	8.167478e+01	-3.558306e-01
5.436472590797986e-06	8.106191e+01	-3.454987e-01
5.437369194375677e-06	8.021681e+01	-3.296899e-01
5.438371595075925e-06	7.929362e+01	-3.103905e-01
5.439009033974300e-06	7.872669e+01	-2.969836e-01
5.439912705039916e-06	7.796558e+01	-2.761202e-01
5.441277159094142e-06	7.691026e+01	-2.408273e-01
5.442760158063519e-06	7.593048e+01	-1.955809e-01
5.444477395876253e-06	7.507240e+01	-1.330070e-01
5.445964504671518e-06	7.464293e+01	-7.051090e-02
5.447534989953190e-06	7.456244e+01	1.604986e-03
5.448833746812552e-06	7.478004e+01	6.347207e-02
5.449600874200410e-06	7.505789e+01	9.999189e-02
5.450378812771906e-06	7.545182e+01	1.361598e-01
5.450814776599670e-06	7.571949e+01	1.556885e-01
5.451381298476059e-06	7.612127e+01	1.799416e-01
5.451973085954245e-06	7.659583e+01	2.037719e-01
5.452909827014268e-06	7.744286e+01	2.382329e-01
5.453912893728198e-06	7.845818e+01	2.700221e-01
5.455407183901313e-06	8.011643e+01	3.069786e-01
5.457034818961271e-06	8.198849e+01	3.316279e-01
5.459551563203350e-06	8.470235e+01	3.406450e-01
5.462246840077994e-06	8.703186e+01	3.215765e-01
5.464261514080725e-06	8.810853e+01	2.912855e-01
5.465868882570213e-06	8.830918e+01	2.614862e-01
5.468146890814844e-06	8.767777e+01	2.215950e-01
5.470253000638348e-06	8.632903e+01	1.956337e-01
5.472483755447871e-06	8.425197e+01	1.878675e-01
5.474770914590630e-06	8.181003e+01	2.068294e-01
5.477531974251603e-06	7.901102e+01	2.667615e-01
5.480852279427053e-06	7.639924e+01	3.778427e-01
5.483340601858381e-06	7.526858e+01	4.807078e-01
5.485115076053039e-06	7.512824e+01	5.596881e-01
5.487226461118384e-06	7.570203e+01	6.502914e-01
5.489645504813649e-06	7.709862e+01	7.412039e-01
5.491977910853986e-06	7.902276e+01	8.087199e-01
5.494338111600792e-06	8.127832e+01	8.497767e-01
5.497247934424141e-06	8.389534e+01	8.630963e-01
5.500647285316674e-06	8.620545e+01	8.424107e-01
5.502605241629582e-06	8.686482e+01	8.172289e-01
5.504444179804046e-06	8.680527e+01	7.892910e-01
5.506163960528225e-06	8.618593e+01	7.669493e-01
5.508438764764681e-06	8.471106e+01	7.499149e-01
5.510838433449988e-06	8.266870e+01	7.520258e-01
5.513159087804604e-06	8.051878e+01	7.798212e-01
5.516222327211591e-06	7.800216e+01	8.525737e-01
5.519668938733150e-06	7.599332e+01	9.661479e-01
5.521713267569892e-06	7.545690e+01	1.044638e+00
5.523678781184553e-06	7.557854e+01	1.122603e+00
5.525596735507205e-06	7.623088e+01	1.193652e+00
5.527872456755702e-06	7.756122e+01	1.265473e+00
5.530227969599835e-06	7.935783e+01	1.321086e+00
5.532556824036470e-06	8.129541e+01	1.351841e+00
5.535714301821224e-06	8.360881e+01	1.358689e+00
5.539199116758735e-06	8.535725e+01	1.336725e+00
5.540946235692395e-06	8.565839e+01	1.317441e+00
5.542985238510740e-06	8.532153e+01	1.293825e+00
5.545073670419540e-06	8.440588e+01	1.276612e+00
5.547308241415783e-06	8.292693e+01	1.271802e+00
5.549610389980513e-06	8.111170e+01	1.286276e+00
5.552253832601852e-06	7.905018e+01	1.329341e+00
5.555527016958313e-06	7.699116e+01	1.413137e+00
5.558384412031993e-06	7.587816e+01	1.504946e+00
5.560121731478013e-06	7.571515e+01	1.565761e+00
5.562553770004770e-06	7.616738e+01	1.649002e+00
5.564779283950645e-06	7.710369e+01	1.716547e+00
5.567057655916321e-06	7.850388e+01	1.771237e+00
5.569379129617551e-06	8.016339e+01	1.807457e+00
5.572238905428182e-06	8.212096e+01	1.824705e+00
5.575599949810302e-06	8.389820e+01	1.817255e+00
5.577778477584116e-06	8.452306e+01	1.800545e+00
5.579417036087794e-06	8.455300e+01	1.784452e+00
5.581163270468931e-06	8.414469e+01	1.769579e+00
5.583696965502917e-06	8.299078e+01	1.757900e+00
5.586150866289151e-06	8.146539e+01	1.762027e+00
5.588532307647837e-06	7.981523e+01	1.786128e+00
5.591549760060617e-06	7.793758e+01	1.843593e+00
5.595024917264086e-06	7.638154e+01	1.934232e+00
5.597086387418910e-06	7.595197e+01	1.996635e+00
5.599029768621191e-06	7.602341e+01	2.057562e+00
5.600903079227239e-06	7.648814e+01	2.112743e+00
5.603192279006582e-06	7.748077e+01	2.170882e+00
5.605554399673623e-06	7.882588e+01	2.216815e+00
5.607897477309576e-06	8.029025e+01	2.244063e+00
5.611012477057449e-06	8.201981e+01	2.254293e+00
5.614495107736208e-06	8.336824e+01	2.243121e+00
5.616292321971283e-06	8.363230e+01	2.230628e+00
5.618297795558222e-06	8.342930e+01	2.215358e+00
5.620337510529368e-06	8.280481e+01	2.204404e+00
5.622579219261651e-06	8.173370e+01	2.202053e+00
5.624904956201339e-06	8.037772e+01	2.213829e+00
5.627472921373743e-06	7.885886e+01	2.245990e+00
5.630731851018878e-06	7.726931e+01	2.310319e+00
5.633841036452970e-06	7.629930e+01	2.387785e+00
5.635573958832838e-06	7.613850e+01	2.435255e+00
5.637731171218432e-06	7.639468e+01	2.493779e+00
5.639926066743624e-06	7.704178e+01	2.547584e+00
5.642207486834366e-06	7.805340e+01	2.593280e+00
5.644549578066407e-06	7.929759e+01	2.625900e+00
5.647259290347636e-06	8.072335e+01	2.644196e+00
5.650576818102790e-06	8.212119e+01	2.644893e+00
5.653147234296705e-06	8.274823e+01	2.633779e+00
5.654965487557321e-06	8.280798e+01	2.622349e+00
5.656923684245721e-06	8.247561e+01	2.611586e+00
5.659392524442093e-06	8.163303e+01	2.605372e+00
5.661882379825643e-06	8.046876e+01	2.610946e+00
5.664239955530936e-06	7.924580e+01	2.631154e+00
5.667327435082501e-06	7.781004e+01	2.678318e+00
5.670796460989820e-06	7.665534e+01	2.749474e+00
5.672818088879696e-06	7.635013e+01	2.797200e+00
5.674776533312159e-06	7.641840e+01	2.844842e+00
5.676687313509574e-06	7.678983e+01	2.888419e+00
5.678973111368838e-06	7.755301e+01	2.933331e+00
5.681334065229782e-06	7.857723e+01	2.968937e+00
5.683675820894574e-06	7.967961e+01	2.990342e+00
5.686830467904866e-06	8.098244e+01	2.999355e+00
5.690340270394686e-06	8.197684e+01	2.992431e+00
5.692118833603257e-06	8.215697e+01	2.984060e+00
5.694160784780352e-06	8.198381e+01	2.973633e+00
5.696247795321741e-06	8.148957e+01	2.966683e+00
5.698500629602141e-06	8.067071e+01	2.966674e+00
5.700825773528654e-06	7.964935e+01	2.977543e+00
5.703470136013120e-06	7.848331e+01	3.004800e+00
5.706757460746562e-06	7.729978e+01	3.056199e+00
5.709701354563472e-06	7.663678e+01	3.113331e+00
5.711456087613281e-06	7.654072e+01	3.150312e+00
5.713905014686431e-06	7.680491e+01	3.200822e+00
5.716129445215723e-06	7.734480e+01	3.241676e+00
5.718411924204687e-06	7.814880e+01	3.275221e+00
5.720737682880353e-06	7.909460e+01	3.298196e+00
5.723608393788105e-06	8.020526e+01	3.310878e+00
5.726986916827491e-06	8.121094e+01	3.309948e+00
5.729192532669714e-06	8.156084e+01	3.302481e+00
5.731029768292656e-06	8.157396e+01	3.294010e+00
5.732723191569840e-06	8.135126e+01	3.287378e+00
5.735051361970691e-06	8.075850e+01	3.283279e+00
5.737578507169079e-06	7.988341e+01	3.287470e+00
5.739930304787655e-06	7.897117e+01	3.302364e+00
5.743008930288512e-06	7.788291e+01	3.337427e+00
5.746434750199237e-06	7.699821e+01	3.390151e+00
5.748474720564491e-06	7.674470e+01	3.426516e+00
5.750385608582733e-06	7.677013e+01	3.461869e+00
5.752188485612046e-06	7.701147e+01	3.493413e+00
5.754492342570492e-06	7.756796e+01	3.528480e+00
5.756956840756415e-06	7.835909e+01	3.557653e+00
5.759310294162604e-06	7.919453e+01	3.574940e+00
5.762415368764384e-06	8.018325e+01	3.582790e+00
5.765873102830153e-06	8.096304e+01	3.578510e+00
5.767755193528585e-06	8.113873e+01	3.571967e+00
5.769731201907774e-06	8.105322e+01	3.564077e+00
5.771712666399106e-06	8.073905e+01	3.558371e+00
5.773972407407134e-06	8.015853e+01	3.557028e+00
5.776318254931144e-06	7.940472e+01	3.563382e+00
5.778810755563086e-06	7.857095e+01	3.580488e+00
5.782051160806885e-06	7.767155e+01	3.616446e+00
5.785773353787300e-06	7.702512e+01	3.669188e+00
5.787683656282966e-06	7.695263e+01	3.698894e+00
5.790025701356330e-06	7.717668e+01	3.734459e+00
5.792401012508247e-06	7.764658e+01	3.766033e+00
5.794725485007868e-06	7.828757e+01	3.790067e+00
5.797073844056799e-06	7.901500e+01	3.805377e+00
5.800072159890122e-06	7.986480e+01	3.812472e+00
5.803531365001623e-06	8.058372e+01	3.808956e+00
5.805511721951703e-06	8.077662e+01	3.802773e+00
5.807416725673460e-06	8.074144e+01	3.795569e+00
5.809246951987329e-06	8.052332e+01	3.790046e+00
5.811534913030835e-06	8.004971e+01	3.787211e+00
5.813889136770713e-06	7.941656e+01	3.790554e+00
5.816231798315154e-06	7.873412e+01	3.802098e+00
5.819393634122411e-06	7.792384e+01	3.829407e+00
5.822919582370881e-06	7.729469e+01	3.869955e+00
5.824838523042872e-06	7.715725e+01	3.895124e+00
5.826876398550401e-06	7.723300e+01	3.922318e+00
5.828933374451148e-06	7.749632e+01	3.947589e+00
5.831203046851180e-06	7.796338e+01	3.970931e+00
5.833558985828733e-06	7.856992e+01	3.988547e+00
5.836042500217349e-06	7.923640e+01	3.998438e+00
5.839289325013527e-06	7.996970e+01	3.999994e+00
5.842580259330966e-06	8.044746e+01	3.993069e+00
5.844367588724271e-06	8.051671e+01	3.986972e+00
5.846559102896662e-06	8.037185e+01	3.979607e+00
5.848787695609474e-06	8.003683e+01	3.974870e+00
5.851076707003769e-06	7.953988e+01	3.974810e+00
5.853408801822009e-06	7.895558e+01	3.981365e+00
5.856283888535158e-06	7.827129e+01	3.998694e+00
5.859671436671342e-06	7.764926e+01	4.028475e+00
5.861979838534811e-06	7.741584e+01	4.052956e+00
5.863817522922889e-06	7.739684e+01	4.073685e+00
5.865660810102258e-06	7.753606e+01	4.093498e+00
5.868293746968219e-06	7.793459e+01	4.117990e+00
5.870784892031950e-06	7.845457e+01	4.135495e+00
5.873203214785563e-06	7.902369e+01	4.145168e+00
5.876232912840420e-06	7.966792e+01	4.147579e+00
5.879732030017541e-06	8.020159e+01	4.141500e+00
5.881685693804947e-06	8.033238e+01	4.135143e+00
5.883633117412776e-06	8.028981e+01	4.128019e+00
5.885556123859303e-06	8.010291e+01	4.122272e+00
5.887824389895975e-06	7.973615e+01	4.118739e+00
5.890170593942135e-06	7.925453e+01	4.119979e+00
5.892587103509670e-06	7.873032e+01	4.127712e+00
5.895797546681241e-06	7.814005e+01	4.146844e+00
5.899425994636932e-06	7.770516e+01	4.175882e+00
5.901264290307886e-06	7.764253e+01	4.192456e+00
5.903493909297099e-06	7.775815e+01	4.212369e+00
5.905765900845744e-06	7.803073e+01	4.230208e+00
5.908067353282987e-06	7.843354e+01	4.244150e+00
5.910416656586253e-06	7.891406e+01	4.252739e+00
5.913247509143290e-06	7.947233e+01	4.255318e+00
5.916625420532573e-06	7.999351e+01	4.250241e+00
5.919021957321556e-06	8.020173e+01	4.242733e+00
5.920817870363031e-06	8.022044e+01	4.235901e+00
5.922749118340764e-06	8.010226e+01	4.229184e+00
5.925243054896688e-06	7.979588e+01	4.223232e+00
5.927731602850847e-06	7.937618e+01	4.221622e+00
5.930103457905446e-06	7.893138e+01	4.225581e+00
5.933179682890336e-06	7.841636e+01	4.238237e+00
5.936656478630459e-06	7.800497e+01	4.259118e+00
5.938583504305019e-06	7.790940e+01	4.272794e+00
5.940599907154310e-06	7.795287e+01	4.287509e+00
5.942622075069562e-06	7.811902e+01	4.300954e+00
5.944900757041219e-06	7.842604e+01	4.313188e+00
5.947268877159350e-06	7.883010e+01	4.321590e+00
5.949712514606630e-06	7.927085e+01	4.324628e+00
5.952948194556180e-06	7.976601e+01	4.320925e+00
5.956601659661318e-06	8.013034e+01	4.310247e+00
5.958404224431242e-06	8.018169e+01	4.303333e+00
5.960570511096591e-06	8.009065e+01	4.295015e+00
5.962784592132026e-06	7.987657e+01	4.288308e+00
5.965068352076055e-06	7.955721e+01	4.284517e+00
5.967396435735782e-06	7.918134e+01	4.284940e+00
5.970238936788898e-06	7.874626e+01	4.291390e+00
5.973611078071610e-06	7.835004e+01	4.305065e+00
5.975866693599997e-06	7.820765e+01	4.316844e+00
5.977737965844292e-06	7.820016e+01	4.327433e+00
5.979455262732808e-06	7.828738e+01	4.336605e+00
5.981831451014665e-06	7.852594e+01	4.347118e+00
5.984437092665276e-06	7.888699e+01	4.354898e+00
5.986803540372126e-06	7.926022e+01	4.357295e+00
5.989875368895369e-06	7.970966e+01	4.353790e+00
5.993278162185656e-06	8.008044e+01	4.344026e+00
5.995308510951782e-06	8.019466e+01	4.335976e+00
5.996935124709243e-06	8.019743e+01	4.328902e+00
5.998630618800372e-06	8.011604e+01	4.322064e+00
6.001239845869027e-06	7.987563e+01	4.313681e+00
6.003652429119804e-06	7.957323e+01	4.309087e+00
6.006069891509671e-06	7.923540e+01	4.308698e+00
6.009062341434596e-06	7.886471e+01	4.313679e+00
6.012578853877875e-06	7.856026e+01	4.324511e+00
6.014467232504418e-06	7.849570e+01	4.331836e+00
6.016526843846982e-06	7.853801e+01	4.340094e+00
6.018617000933163e-06	7.867759e+01	4.347384e+00
6.020886632167260e-06	7.891973e+01	4.353013e+00
6.023253731587413e-06	7.923506e+01	4.355506e+00
6.025791656075639e-06	7.958740e+01	4.353667e+00
6.029060990514152e-06	7.997080e+01	4.345458e+00
6.032399764181008e-06	8.022807e+01	4.332684e+00
6.034113168718932e-06	8.027093e+01	4.324971e+00
6.036167669147893e-06	8.021842e+01	4.315679e+00
6.038264894294512e-06	8.007963e+01	4.307337e+00
6.040516879841743e-06	7.985522e+01	4.300543e+00
6.042833109314817e-06	7.958050e+01	4.296606e+00
6.045490926475774e-06	7.927094e+01	4.296209e+00
6.048779784039308e-06	7.896676e+01	4.300341e+00
6.051362669007473e-06	7.882977e+01	4.306077e+00
6.053238699031293e-06	7.881702e+01	4.311006e+00
6.055151538086284e-06	7.889072e+01	4.315629e+00
6.057751032711085e-06	7.909333e+01	4.320083e+00
6.060241645451275e-06	7.936268e+01	4.321537e+00
6.062644819868505e-06	7.965764e+01	4.319282e+00
6.065709869788877e-06	8.000344e+01	4.311398e+00
6.069196194283307e-06	8.029417e+01	4.297841e+00
6.071252850505761e-06	8.037943e+01	4.288169e+00
6.073079814603077e-06	8.037711e+01	4.279098e+00
6.074732352190134e-06	8.031419e+01	4.271320e+00
6.076996445236765e-06	8.015462e+01	4.262115e+00
6.079496585872790e-06	7.991988e+01	4.254374e+00
6.081833231478515e-06	7.967867e+01	4.250163e+00
6.084882558588830e-06	7.940058e+01	4.248857e+00
6.088294858064721e-06	7.918523e+01	4.250972e+00
6.090101735147168e-06	7.914265e+01	4.253170e+00
6.092182753479215e-06	7.917947e+01	4.255891e+00
6.094303537204725e-06	7.929156e+01	4.257821e+00
6.096571597116107e-06	7.948106e+01	4.258138e+00
6.098942222483587e-06	7.972729e+01	4.255864e+00
6.101537052689295e-06	8.000734e+01	4.249835e+00
6.104825090626016e-06	8.030703e+01	4.237709e+00
6.108137997657472e-06	8.050604e+01	4.222176e+00
6.109879296279836e-06	8.054158e+01	4.213132e+00
6.111898622796249e-06	8.050576e+01	4.202626e+00
6.113954819973526e-06	8.040646e+01	4.192781e+00
6.116198548358649e-06	8.024197e+01	4.183662e+00
6.118503681381390e-06	8.004015e+01	4.176560e+00
6.121089293656672e-06	7.981755e+01	4.171599e+00
6.124343214591266e-06	7.959547e+01	4.168791e+00
6.126914914868702e-06	7.949648e+01	4.168446e+00
6.128830958374359e-06	7.948927e+01	4.168797e+00
6.130630390100691e-06	7.954318e+01	4.168887e+00
6.133023476553829e-06	7.968642e+01	4.167796e+00
6.135593788412711e-06	7.990014e+01	4.164519e+00
6.137955051544970e-06	8.012532e+01	4.158820e+00
6.141056323117380e-06	8.040403e+01	4.147432e+00
6.144464815682401e-06	8.063831e+01	4.131397e+00
6.146610744949516e-06	8.071995e+01	4.119872e+00
6.148313713102126e-06	8.072847e+01	4.110331e+00
6.150288572467417e-06	8.068008e+01	4.099620e+00
6.152664643467769e-06	8.056158e+01	4.087865e+00
6.154985493063528e-06	8.040205e+01	4.078106e+00
6.157329798155767e-06	8.022306e+01	4.070500e+00
6.160213122441597e-06	8.002783e+01	4.064084e+00
6.163634220086815e-06	7.986629e+01	4.059212e+00
6.165445463018713e-06	7.983418e+01	4.057477e+00
6.167539996408253e-06	7.986303e+01	4.055668e+00
6.169677848919019e-06	7.995068e+01	4.053211e+00
6.171957408947053e-06	8.009879e+01	4.049280e+00
6.174338976903478e-06	8.029186e+01	4.043181e+00
6.176966239445845e-06	8.051435e+01	4.033710e+00
6.180263146677541e-06	8.075178e+01	4.018354e+00
6.183661637370288e-06	8.091498e+01	3.999888e+00
6.185473422596264e-06	8.094668e+01	3.989341e+00
6.187447752992388e-06	8.092360e+01	3.977837e+00
6.189448311700767e-06	8.085399e+01	3.966812e+00
6.191681662180612e-06	8.073457e+01	3.955724e+00
6.193972329466433e-06	8.058754e+01	3.946034e+00
6.196462193814837e-06	8.042995e+01	3.937671e+00
6.199670641105378e-06	8.026913e+01	3.929451e+00
6.202242191240435e-06	8.019781e+01	3.924290e+00
6.204207265981086e-06	8.019527e+01	3.920840e+00
6.206011779945427e-06	8.023972e+01	3.917501e+00
6.208396828798609e-06	8.035313e+01	3.912196e+00
6.210880004299419e-06	8.051559e+01	3.905150e+00
6.213241825785844e-06	8.069280e+01	3.896419e+00
6.216357257483070e-06	8.091451e+01	3.881921e+00
6.219790498151427e-06	8.110365e+01	3.863202e+00
6.222035797116770e-06	8.117487e+01	3.849797e+00
6.223673874145239e-06	8.118449e+01	3.839732e+00
6.225848041996094e-06	8.114802e+01	3.826662e+00
6.228040839711726e-06	8.106947e+01	3.814274e+00
6.230299007989705e-06	8.095604e+01	3.802775e+00
6.232593379262801e-06	8.082774e+01	3.792714e+00
6.235379251050720e-06	8.068853e+01	3.782626e+00
6.238723091724135e-06	8.057084e+01	3.772562e+00
6.240514228592494e-06	8.054679e+01	3.767836e+00
6.242610284424285e-06	8.056846e+01	3.762509e+00
6.244749302816090e-06	8.063560e+01	3.756658e+00
6.247050283330784e-06	8.075134e+01	3.749398e+00
6.249448411821787e-06	8.090324e+01	3.740327e+00
6.252090254561954e-06	8.108004e+01	3.728232e+00
6.255388044415709e-06	8.126827e+01	3.710412e+00
6.259216688547302e-06	8.141386e+01	3.687394e+00
6.261110477226645e-06	8.143965e+01	3.675460e+00
6.263099285732182e-06	8.142036e+01	3.662956e+00
6.265128400386528e-06	8.136547e+01	3.650752e+00
6.267358869884644e-06	8.127533e+01	3.638326e+00
6.269642649752499e-06	8.116724e+01	3.626921e+00
6.272162856836109e-06	8.105368e+01	3.616005e+00
6.275381828034184e-06	8.094336e+01	3.603920e+00
6.277574139770639e-06	8.090654e+01	3.596542e+00
6.279602698893532e-06	8.091378e+01	3.590041e+00
6.281600121695789e-06	8.095976e+01	3.583439e+00
6.283973073485841e-06	8.105595e+01	3.574861e+00
6.286407907290526e-06	8.118671e+01	3.564853e+00
6.288863449775996e-06	8.133321e+01	3.553112e+00
6.292093305971498e-06	8.150984e+01	3.535309e+00
6.295674380946134e-06	8.165540e+01	3.513479e+00
6.297823290591340e-06	8.170136e+01	3.499635e+00
6.299513306713863e-06	8.170454e+01	3.488605e+00
6.301348828126091e-06	8.167770e+01	3.476905e+00
6.303774620937047e-06	8.160885e+01	3.462229e+00
6.306279340842560e-06	8.151425e+01	3.448245e+00
6.308607005721850e-06	8.142100e+01	3.436606e+00
6.311557255954700e-06	8.132310e+01	3.423541e+00
6.314594706209855e-06	8.126424e+01	3.411361e+00
6.316646984071656e-06	8.126094e+01	3.403578e+00
6.318557036523478e-06	8.129340e+01	3.396302e+00
6.320991869077425e-06	8.137392e+01	3.386470e+00
6.323463125163098e-06	8.148689e+01	3.375512e+00
6.325823887983801e-06	8.161134e+01	3.363707e+00
6.328989954222525e-06	8.177151e+01	3.345860e+00
6.332433111385051e-06	8.190885e+01	3.324596e+00
6.334826715936897e-06	8.196703e+01	3.308976e+00
6.336360872751330e-06	8.197840e+01	3.298781e+00
6.338283922540129e-06	8.196472e+01	3.286138e+00
6.340222957789745e-06	8.192730e+01	3.273805e+00
6.342434222260118e-06	8.186283e+01	3.260489e+00
6.344698532727088e-06	8.178520e+01	3.247839e+00
6.347111306965497e-06	8.170637e+01	3.235571e+00
6.350276548016704e-06	8.162802e+01	3.220871e+00
6.352432532378969e-06	8.160291e+01	3.211509e+00
6.354516047387425e-06	8.161117e+01	3.202740e+00
6.356607370684662e-06	8.165102e+01	3.193794e+00
6.358990038808349e-06	8.172903e+01	3.183045e+00
6.361440930172669e-06	8.183430e+01	3.171052e+00
6.363996874237660e-06	8.195520e+01	3.157228e+00
6.367260993520655e-06	8.209536e+01	3.137759e+00
6.370934396634973e-06	8.221122e+01	3.114245e+00
6.373109169461643e-06	8.224674e+01	3.099798e+00
6.374778997382693e-06	8.224884e+01	3.088636e+00
6.376589456800954e-06	8.222874e+01	3.076783e+00
6.378995616951993e-06	8.217798e+01	3.061665e+00
6.381470230811506e-06	8.210954e+01	3.047026e+00
6.383788711822342e-06	8.204285e+01	3.034350e+00
6.386713227973141e-06	8.197475e+01	3.019610e+00
6.389452405567460e-06	8.193998e+01	3.006657e+00
6.391557932597770e-06	8.194191e+01	2.997040e+00
6.393618296264174e-06	8.197292e+01	2.987592e+00
6.396056508613008e-06	8.204003e+01	2.975977e+00
6.398542950162768e-06	8.213245e+01	2.963356e+00
6.401010779327328e-06	8.223602e+01	2.949749e+00
6.404250313301586e-06	8.236366e+01	2.930320e+00
6.407808178638677e-06	8.247183e+01	2.907582e+00
6.410056493680706e-06	8.251228e+01	2.892678e+00
6.411542934079614e-06	8.251977e+01	2.882733e+00
6.413453851634396e-06	8.250898e+01	2.870096e+00
6.415381025995537e-06	8.248093e+01	2.857701e+00
6.417585268794482e-06	8.243333e+01	2.844128e+00
6.419838923274068e-06	8.237720e+01	2.831023e+00
6.422266721603410e-06	8.232138e+01	2.817847e+00
6.425431894685743e-06	8.226841e+01	2.801703e+00
6.427239954540712e-06	8.225633e+01	2.792881e+00
6.429375260834848e-06	8.226730e+01	2.782670e+00
6.431559438932882e-06	8.230309e+01	2.772104e+00
6.433924838929443e-06	8.236669e+01	2.760241e+00
6.436377325614292e-06	8.245149e+01	2.747217e+00
6.439041630695268e-06	8.255133e+01	2.732026e+00
6.442342796819813e-06	8.266164e+01	2.711829e+00
6.446129510643096e-06	8.275246e+01	2.687464e+00
6.448311612920530e-06	8.277831e+01	2.673082e+00
6.449989103691675e-06	8.277880e+01	2.662017e+00
6.451666418519160e-06	8.276397e+01	2.651171e+00
6.454159310889377e-06	8.272421e+01	2.635588e+00
6.456476603774631e-06	8.267719e+01	2.621777e+00
6.458824735008709e-06	8.262879e+01	2.608601e+00
6.461703352508122e-06	8.258199e+01	2.593360e+00
6.464086406500452e-06	8.256245e+01	2.581299e+00
6.466215429750304e-06	8.256671e+01	2.570788e+00
6.468349423275061e-06	8.259352e+01	2.560230e+00
6.470788157813786e-06	8.264771e+01	2.547849e+00
6.473285550433483e-06	8.272173e+01	2.534586e+00
6.475811205419661e-06	8.280560e+01	2.520344e+00
6.479070193054911e-06	8.290652e+01	2.500790e+00
6.482677328526144e-06	8.299223e+01	2.478106e+00
6.484960990121365e-06	8.302412e+01	2.463368e+00
6.486470774233957e-06	8.303005e+01	2.453579e+00
6.488347702750467e-06	8.302223e+01	2.441549e+00
6.490236056456194e-06	8.300188e+01	2.429732e+00
6.492433181562059e-06	8.296703e+01	2.416465e+00
6.494675506939271e-06	8.292645e+01	2.403534e+00
6.497126129049911e-06	8.288650e+01	2.390145e+00
6.500291238774083e-06	8.285147e+01	2.373664e+00
6.502273510154244e-06	8.284602e+01	2.363679e+00
6.504632302398831e-06	8.286268e+01	2.351947e+00
6.507105508083313e-06	8.290237e+01	2.339494e+00
6.509448141793068e-06	8.295811e+01	2.327325e+00
6.511854367591880e-06	8.302711e+01	2.314228e+00
6.514806203191104e-06	8.311308e+01	2.297277e+00
6.518203258082453e-06	8.319629e+01	2.276805e+00
6.521406926544125e-06	8.324891e+01	2.256882e+00
6.523362574350938e-06	8.326291e+01	2.244588e+00
6.525060313426280e-06	8.326135e+01	2.233972e+00
6.526607366905419e-06	8.325027e+01	2.224471e+00
6.528763481026048e-06	8.322423e+01	2.211600e+00
6.531071721013879e-06	8.318963e+01	2.198332e+00
6.533367508430576e-06	8.315527e+01	2.185753e+00
6.536315709345930e-06	8.312081e+01	2.170334e+00
6.538560898950705e-06	8.310839e+01	2.159010e+00
6.540746413294740e-06	8.311349e+01	2.148215e+00
6.542972152046437e-06	8.313667e+01	2.137219e+00
6.545405486009122e-06	8.318012e+01	2.124973e+00
6.547908012253476e-06	8.323892e+01	2.111947e+00
6.550441293663172e-06	8.330486e+01	2.098152e+00
6.553705985679585e-06	8.338348e+01	2.079516e+00
6.557321921283057e-06	8.344980e+01	2.058137e+00
6.559629446911104e-06	8.347442e+01	2.044243e+00
6.561159122159819e-06	8.347891e+01	2.035022e+00
6.563011945278169e-06	8.347295e+01	2.023984e+00
6.564872502433099e-06	8.345780e+01	2.013136e+00
6.567065403934439e-06	8.343179e+01	2.000743e+00
6.569300237952326e-06	8.340199e+01	1.988604e+00
6.571863629902131e-06	8.337202e+01	1.975305e+00
6.575065350026108e-06	8.334885e+01	1.959353e+00
6.577239104105943e-06	8.334737e+01	1.948815e+00
6.579330226378942e-06	8.336181e+01	1.938774e+00
6.581869396216189e-06	8.339680e+01	1.926452e+00
6.584468854496920e-06	8.344707e+01	1.913516e+00
6.586814656935148e-06	8.350002e+01	1.901391e+00
6.589946598721383e-06	8.356958e+01	1.884511e+00
6.593300728836808e-06	8.363027e+01	1.865801e+00
6.596098050401266e-06	8.366300e+01	1.849869e+00
6.597948891996893e-06	8.367189e+01	1.839280e+00
6.599631769050800e-06	8.367020e+01	1.829727e+00
6.601170601242246e-06	8.366155e+01	1.821141e+00
6.603325281602580e-06	8.364166e+01	1.809420e+00
6.605514791677797e-06	8.361687e+01	1.797899e+00
6.607817610869244e-06	8.359115e+01	1.786280e+00
6.610863987624835e-06	8.356482e+01	1.771508e+00
6.612905008998677e-06	8.355676e+01	1.761920e+00
6.615093884529731e-06	8.356116e+01	1.751834e+00
6.617335455854727e-06	8.357922e+01	1.741523e+00
6.619759929370116e-06	8.361256e+01	1.730227e+00
6.622259805893940e-06	8.365768e+01	1.718288e+00
6.624633744012376e-06	8.370517e+01	1.706551e+00
6.627849753500872e-06	8.376540e+01	1.690063e+00
6.631309634920008e-06	8.381572e+01	1.671830e+00
6.633692038843273e-06	8.383659e+01	1.659094e+00
6.635344293229805e-06	8.384132e+01	1.650261e+00
6.637109957434892e-06	8.383794e+01	1.640921e+00
6.638834945636550e-06	8.382796e+01	1.631969e+00
6.641015419668437e-06	8.380885e+01	1.620954e+00
6.643234409103017e-06	8.378633e+01	1.610135e+00
6.645880774470360e-06	8.376189e+01	1.597767e+00
6.649084948327813e-06	8.374225e+01	1.583352e+00
6.651196027596432e-06	8.373937e+01	1.574115e+00
6.653185467603879e-06	8.374812e+01	1.565520e+00
6.655945373860736e-06	8.377480e+01	1.553549e+00
6.658314536768877e-06	8.380815e+01	1.543093e+00
6.660766917651694e-06	8.384975e+01	1.531967e+00
6.663444962635208e-06	8.389561e+01	1.519417e+00
6.666784640960505e-06	8.394339e+01	1.503306e+00
6.670203587716886e-06	8.397581e+01	1.486523e+00
6.672230782221509e-06	8.398374e+01	1.476540e+00
6.673931243822283e-06	8.398208e+01	1.468236e+00
6.675496769279948e-06	8.397483e+01	1.460725e+00
6.677658863796799e-06	8.395882e+01	1.450605e+00
6.679854575038089e-06	8.393919e+01	1.440665e+00
6.682512115728257e-06	8.391627e+01	1.429125e+00
6.685685379303451e-06	8.389593e+01	1.415867e+00
6.687616712087384e-06	8.389116e+01	1.408041e+00
6.689914236529360e-06	8.389645e+01	1.398892e+00
6.692263198779148e-06	8.391258e+01	1.389550e+00
6.694601878244180e-06	8.393838e+01	1.380146e+00
6.697044954378155e-06	8.397241e+01	1.370116e+00
6.699302117504308e-06	8.400614e+01	1.360592e+00
6.702420396171430e-06	8.404855e+01	1.347062e+00
6.705781648684302e-06	8.408295e+01	1.332187e+00
6.708067743861080e-06	8.409626e+01	1.321983e+00
6.709626897336147e-06	8.409839e+01	1.315050e+00
6.711483663995934e-06	8.409417e+01	1.306898e+00
6.713346917281603e-06	8.408437e+01	1.298891e+00
6.715720364187126e-06	8.406658e+01	1.288988e+00
6.717948462181373e-06	8.404826e+01	1.280050e+00
6.721215587728500e-06	8.402512e+01	1.267506e+00
6.724130064681141e-06	8.401308e+01	1.256727e+00
6.726348866732192e-06	8.401317e+01	1.248735e+00
6.728585321327267e-06	8.402341e+01	1.240750e+00
6.731492672878197e-06	8.404807e+01	1.230302e+00
6.733843033487628e-06	8.407470e+01	1.221706e+00
6.736229924486775e-06	8.410496e+01	1.212759e+00
6.738851083984535e-06	8.413637e+01	1.202690e+00
6.741672423494351e-06	8.416500e+01	1.191656e+00
6.742672423494352e-06	8.417303e+01	1.187705e+00
6.743689693977408e-06	8.417866e+01	1.183667e+00
6.743876880552064e-06	8.417944e+01	1.182924e+00
6.744064067126719e-06	8.418017e+01	1.182181e+00
6.744251253701376e-06	8.418084e+01	1.181438e+00
6.744438440276032e-06	8.418145e+01	1.180696e+00
6.744625626850688e-06	8.418201e+01	1.179954e+00
6.744812813425344e-06	8.418250e+01	1.179212e+00
6.745000000000000e-06	8.418295e+01	1.178471e+00
6.745142857142857e-06	8.418320e+01	1.177906e+00
6.745285714285714e-06	8.418342e+01	1.177341e+00
6.745428571428571e-06	8.418361e+01	1.176777e+00
6.745571428571428e-06	8.418377e+01	1.176213e+00
6.745714285714286e-06	8.418390e+01	1.175649e+00
6.745857142857142e-06	8.418399e+01	1.175086e+00
6.745999999999999e-06	8.418406e+01	1.174523e+00
6.746302978345086e-06	8.418401e+01	1.173331e+00
6.746649239310899e-06	8.418370e+01	1.171974e+00
6.747341761242526e-06	8.418233e+01	1.169275e+00
6.748726805105777e-06	8.417721e+01	1.163945e+00
6.750920821851207e-06	8.416474e+01	1.155684e+00
6.753169357535969e-06	8.414841e+01	1.147503e+00
6.756111365334585e-06	8.412629e+01	1.137270e+00
6.759370115011133e-06	8.410460e+01	1.126356e+00
6.759605485197753e-06	8.410339e+01	1.125590e+00
6.760076225570995e-06	8.410161e+01	1.124085e+00
6.761017706317478e-06	8.409871e+01	1.121093e+00
6.761253076504099e-06	8.409818e+01	1.120349e+00
6.761723816877341e-06	8.409746e+01	1.118869e+00
6.761841501970651e-06	8.409732e+01	1.118499e+00
6.762076872157271e-06	8.409714e+01	1.117762e+00
6.762135714703927e-06	8.409711e+01	1.117578e+00
6.762253399797237e-06	8.409706e+01	1.117210e+00
6.762282821070564e-06	8.409705e+01	1.117118e+00
6.762341663617221e-06	8.409705e+01	1.116934e+00
6.762356374253884e-06	8.409704e+01	1.116888e+00
6.762385795527212e-06	8.409704e+01	1.116796e+00
6.762444638073867e-06	8.409704e+01	1.116613e+00
6.762459348710531e-06	8.409704e+01	1.116568e+00
6.762463026369696e-06	8.409704e+01	1.116557e+00
6.762470381688028e-06	8.409704e+01	1.116534e+00
6.762485092324692e-06	8.409705e+01	1.116490e+00
6.762514513598019e-06	8.409705e+01	1.116403e+00
6.762573356144676e-06	8.409707e+01	1.116232e+00
6.762668814793794e-06	8.409712e+01	1.115957e+00
6.762787859197360e-06	8.409724e+01	1.115617e+00
6.762971091410995e-06	8.409750e+01	1.115096e+00
6.763170943563820e-06	8.409794e+01	1.114527e+00
6.763570647869471e-06	8.409927e+01	1.113388e+00
6.764276867974706e-06	8.410309e+01	1.111367e+00
6.765689308185178e-06	8.411496e+01	1.107276e+00
6.767488957046020e-06	8.413622e+01	1.101941e+00
6.769338716383099e-06	8.416376e+01	1.096263e+00
6.771212895390318e-06	8.419481e+01	1.090243e+00
6.773555349888734e-06	8.423217e+01	1.082328e+00
6.776315183592874e-06	8.426538e+01	1.072529e+00
6.779606042599818e-06	8.427872e+01	1.060316e+00
6.783146372339933e-06	8.425541e+01	1.046540e+00
6.785122976423725e-06	8.421311e+01	1.037858e+00
6.787033740563354e-06	8.412764e+01	1.027242e+00
6.788994957434059e-06	8.396290e+01	1.012946e+00
6.791175711082638e-06	8.364225e+01	9.932802e-01
6.793630357166575e-06	8.309651e+01	9.684573e-01
6.795269664930594e-06	8.261113e+01	9.511036e-01
6.796352021324425e-06	8.222293e+01	9.391972e-01
6.797193438663699e-06	8.188338e+01	9.294207e-01
6.797770266199217e-06	8.163025e+01	9.224605e-01
6.798340154619015e-06	8.136290e+01	9.156096e-01
6.798941282526277e-06	8.106425e+01	9.085962e-01
6.799665996566741e-06	8.068236e+01	9.004215e-01
6.800655702192984e-06	8.012712e+01	8.894820e-01
6.801804775504765e-06	7.943932e+01	8.766033e-01
6.802855172459170e-06	7.876630e+01	8.639829e-01
6.803890719705635e-06	7.805328e+01	8.498251e-01
6.804895328314841e-06	7.730394e+01	8.334201e-01
6.805938066120632e-06	7.645036e+01	8.125064e-01
6.806965101213319e-06	7.551322e+01	7.869639e-01
6.808007693646711e-06	7.443743e+01	7.549972e-01
6.809033422936062e-06	7.322749e+01	7.167706e-01
6.810071276743668e-06	7.181913e+01	6.705670e-01
6.811099300322357e-06	7.021159e+01	6.169108e-01
6.812136270848492e-06	6.834780e+01	5.546507e-01
6.813165865753374e-06	6.623427e+01	4.849065e-01
6.814201503374307e-06	6.382872e+01	4.072733e-01
6.815231972382632e-06	6.115221e+01	3.234489e-01
6.816266788885717e-06	5.818704e+01	2.338723e-01
6.817297982166790e-06	5.497573e+01	1.407557e-01
6.818332224156984e-06	5.153024e+01	4.527432e-02
6.819363898880639e-06	4.791364e+01	-5.010584e-02
6.820397723171960e-06	4.416344e+01	-1.437990e-01
6.821429739395320e-06	4.035444e+01	-2.334526e-01
6.822463270222912e-06	3.653774e+01	-3.174841e-01
6.823499259923750e-06	3.278247e+01	-3.936460e-01
6.824815064944525e-06	2.820846e+01	-4.768648e-01
6.826306676083888e-06	2.340786e+01	-5.509876e-01
6.828211488393263e-06	1.801289e+01	-6.132095e-01
6.830476359695803e-06	1.269782e+01	-6.448052e-01
6.832867374002444e-06	8.289501e+00	-6.366178e-01
6.834833019475261e-06	5.589422e+00	-6.025527e-01
6.837223012670904e-06	3.231290e+00	-5.401594e-01
6.839463946062942e-06	1.589446e+00	-4.736425e-01
6.840176755378714e-06	1.197034e+00	-4.523443e-01
6.841602374010258e-06	5.650871e-01	-4.114675e-01
6.841999999999999e-06	4.085925e-01	-4.006400e-01
6.842204748020517e-06	3.363483e-01	-3.953712e-01
6.842614244061553e-06	2.004202e-01	-3.852596e-01
6.843000000000000e-06	7.785231e-02	-3.760364e-01
6.843115726781533e-06	4.346010e-02	-3.734157e-01
6.843270029156913e-06	-1.302055e-03	-3.699936e-01
6.843475092035063e-06	-5.941007e-02	-3.655433e-01
6.843633859922631e-06	-1.031250e-01	-3.621912e-01
6.843776988889415e-06	-1.412980e-01	-3.592646e-01
6.844000000000000e-06	-1.989904e-01	-3.548502e-01
6.844057499820753e-06	-2.134626e-01	-3.537459e-01
6.844114999641506e-06	-2.277619e-01	-3.526575e-01
6.844172499462260e-06	-2.418883e-01	-3.515851e-01
6.844229999283012e-06	-2.558418e-01	-3.505287e-01
6.844287499103765e-06	-2.696225e-01	-3.494883e-01
6.844344998924518e-06	-2.832302e-01	-3.484639e-01
6.844402498745272e-06	-2.966651e-01	-3.474555e-01
6.844817981321035e-06	-3.922639e-01	-3.406584e-01
6.845648946472563e-06	-5.644582e-01	-3.289291e-01
6.846421886315547e-06	-6.660538e-01	-3.204132e-01
6.847311337866639e-06	-7.033063e-01	-3.139035e-01
6.848094828668357e-06	-7.057314e-01	-3.111767e-01
6.848962456977491e-06	-7.050909e-01	-3.118458e-01
6.850352946451702e-06	-7.045149e-01	-3.191949e-01
6.852309803225384e-06	-7.037132e-01	-3.375135e-01
6.854129718375599e-06	-7.032743e-01	-3.592915e-01
6.856135217539317e-06	-7.027752e-01	-3.832389e-01
6.858165677918198e-06	-7.018733e-01	-4.035202e-01
6.858534167641929e-06	-7.017208e-01	-4.060407e-01
6.859271147089392e-06	-7.014551e-01	-4.092633e-01
6.859455391951258e-06	-7.013215e-01	-4.097918e-01
6.859916004105923e-06	-7.009149e-01	-4.104348e-01
6.860100248967788e-06	-7.007527e-01	-4.104430e-01
6.860146310183255e-06	-7.007104e-01	-4.104257e-01
6.860238432614187e-06	-7.005523e-01	-4.103424e-01
6.860422677476053e-06	-6.994479e-01	-4.101045e-01
6.860468738691520e-06	-6.957541e-01	-4.100245e-01
6.860560861122452e-06	-6.783961e-01	-4.098338e-01
6.860583891730186e-06	-6.731501e-01	-4.097824e-01
6.860629952945652e-06	-6.646672e-01	-4.096697e-01
6.860722075376585e-06	-6.532670e-01	-4.094145e-01
6.860906320238451e-06	-6.317841e-01	-4.088122e-01
6.861096677398024e-06	-6.034858e-01	-4.080358e-01
6.861477391717171e-06	-5.257528e-01	-4.060090e-01
6.862087454772212e-06	-3.689329e-01	-4.020021e-01
6.862324746356294e-06	-2.976855e-01	-4.001696e-01
6.862462357776988e-06	-2.522562e-01	-3.989874e-01
6.862535106302806e-06	-2.267786e-01	-3.983337e-01
6.862585690908859e-06	-2.075361e-01	-3.978672e-01
6.862634592628330e-06	-1.869765e-01	-3.974083e-01
6.862688440309986e-06	-1.617884e-01	-3.968939e-01
6.862796135673300e-06	-1.069754e-01	-3.958442e-01
6.862911223362703e-06	-4.552775e-02	-3.946946e-01
6.863063829365489e-06	3.769077e-02	-3.931221e-01
6.863667055403994e-06	3.679981e-01	-3.863291e-01
6.864226247075418e-06	6.707167e-01	-3.792469e-01
6.865142555950489e-06	1.143945e+00	-3.661943e-01
6.865991378765799e-06	1.544980e+00	-3.524500e-01
6.866837324321461e-06	1.914830e+00	-3.369214e-01
6.867608596246861e-06	2.236731e+00	-3.210286e-01
6.868656319407351e-06	2.556669e+00	-2.964667e-01
6.870130796861342e-06	2.610214e+00	-2.561110e-01
6.871479100290744e-06	2.276083e+00	-2.121082e-01
6.872631465845688e-06	1.843416e+00	-1.674635e-01
6.874176866796225e-06	1.253313e+00	-9.935390e-02
6.875758920894188e-06	6.760896e-01	-2.385328e-02
6.876847758001088e-06	3.421025e-01	3.028159e-02
6.877556725611069e-06	2.064048e-01	6.566862e-02
6.878342168940969e-06	1.373452e-01	1.041712e-01
6.878729109640275e-06	1.217964e-01	1.225527e-01
6.879322589581812e-06	1.088231e-01	1.496696e-01
6.879889017331534e-06	1.005005e-01	1.740650e-01
6.881021872830979e-06	9.010847e-02	2.186902e-01
6.882057740349868e-06	8.415593e-02	2.537044e-01
6.883692775141889e-06	7.850543e-02	2.961710e-01
6.885455786880918e-06	7.428689e-02	3.228048e-01
6.888301518394348e-06	6.875127e-02	3.284476e-01
6.891324199391797e-06	6.304039e-02	2.997249e-01
6.893232147510479e-06	5.942136e-02	2.663511e-01
6.894981832119337e-06	5.630827e-02	2.306132e-01
6.896645093864836e-06	5.400215e-02	2.006512e-01
6.899245842271256e-06	5.206999e-02	1.706922e-01
6.901654263219875e-06	5.240636e-02	1.679004e-01
6.904050597325324e-06	5.535598e-02	1.979575e-01
6.907015719158863e-06	6.223608e-02	2.772713e-01
6.910512899572452e-06	7.327666e-02	4.095444e-01
6.912578081486981e-06	8.080330e-02	5.008766e-01
6.914568925077130e-06	8.831707e-02	5.918118e-01
6.916530657120399e-06	9.531708e-02	6.750060e-01
6.918796455670283e-06	1.023940e-01	7.558852e-01
6.921147710282782e-06	1.082137e-01	8.170605e-01
6.923502818385756e-06	1.120527e-01	8.487303e-01
6.926684096510383e-06	1.144065e-01	8.493533e-01
6.930200571356380e-06	1.146409e-01	8.146885e-01
6.932010436887626e-06	1.141289e-01	7.872816e-01
6.934162361041810e-06	1.135435e-01	7.547678e-01
6.936360386833300e-06	1.136828e-01	7.321778e-01
6.938612542703075e-06	1.150870e-01	7.273529e-01
6.940909905337294e-06	1.182315e-01	7.473525e-01
6.943730271950881e-06	1.244504e-01	8.062297e-01
6.947075385415642e-06	1.342367e-01	9.110467e-01
6.949448174703893e-06	1.423158e-01	1.001787e+00
6.951241150182671e-06	1.487629e-01	1.075136e+00
6.953237471863217e-06	1.557342e-01	1.153488e+00
6.955742206264430e-06	1.636234e-01	1.238818e+00
6.958330458903595e-06	1.703591e-01	1.305775e+00
6.960695073408148e-06	1.747637e-01	1.340896e+00
6.963754215228926e-06	1.780222e-01	1.350166e+00
6.967154839494567e-06	1.795146e-01	1.329060e+00
6.968983479276460e-06	1.796240e-01	1.307593e+00
6.970906219932167e-06	1.795517e-01	1.282437e+00
6.972822761595848e-06	1.798150e-01	1.262521e+00
6.975069151460264e-06	1.809584e-01	1.251759e+00
6.977394712531912e-06	1.833968e-01	1.259395e+00
6.979794496399104e-06	1.875580e-01	1.291769e+00
6.982982087670470e-06	1.953318e-01	1.368080e+00
6.986603496397912e-06	2.060562e-01	1.482699e+00
6.988418767001815e-06	2.119213e-01	1.547290e+00
6.990570880860479e-06	2.188858e-01	1.623870e+00
6.992771228763447e-06	2.254881e-01	1.694334e+00
6.995051088853841e-06	2.313927e-01	1.753328e+00
6.997391071405665e-06	2.361313e-01	1.794193e+00
7.000098834543994e-06	2.397999e-01	1.814591e+00
7.003407196954359e-06	2.422451e-01	1.809505e+00
7.005961658519600e-06	2.430318e-01	1.789520e+00
7.007775099139020e-06	2.432436e-01	1.770437e+00
7.009699801609654e-06	2.435993e-01	1.752403e+00
7.012166078083098e-06	2.447293e-01	1.739653e+00
7.014644642749151e-06	2.469566e-01	1.743364e+00
7.016994186092371e-06	2.504497e-01	1.767645e+00
7.020059851062426e-06	2.569162e-01	1.827860e+00
7.023519145457150e-06	2.658981e-01	1.920888e+00
7.025554509510183e-06	2.717713e-01	1.984331e+00
7.027517421442429e-06	2.775717e-01	2.047476e+00
7.029432652806925e-06	2.829669e-01	2.105094e+00
7.031714936353911e-06	2.887332e-01	2.163844e+00
7.034073226637472e-06	2.936957e-01	2.209728e+00
7.036408876180856e-06	2.973184e-01	2.236023e+00
7.039566636043521e-06	3.003556e-01	2.244164e+00
7.043065839766346e-06	3.021269e-01	2.229891e+00
7.044809597948817e-06	3.025533e-01	2.216253e+00
7.046845315656471e-06	3.029627e-01	2.199326e+00
7.048927228388892e-06	3.037171e-01	2.187286e+00
7.051170306562229e-06	3.052170e-01	2.184820e+00
7.053484570235854e-06	3.077655e-01	2.197421e+00
7.056120820573506e-06	3.120419e-01	2.232426e+00
7.059398730489791e-06	3.189726e-01	2.300110e+00
7.062318722029966e-06	3.261649e-01	2.375597e+00
7.064062139140509e-06	3.307304e-01	2.424692e+00
7.066520300491845e-06	3.370715e-01	2.492449e+00
7.068736215510657e-06	3.423307e-01	2.546710e+00
7.071013740494323e-06	3.469666e-01	2.591040e+00
7.073334907482701e-06	3.506535e-01	2.620850e+00
7.076198960539541e-06	3.537386e-01	2.636061e+00
7.079566054185583e-06	3.558723e-01	2.632092e+00
7.081763893212156e-06	3.566095e-01	2.620043e+00
7.083597839602323e-06	3.569998e-01	2.606894e+00
7.085268932759354e-06	3.574516e-01	2.596554e+00
7.087585396061100e-06	3.585282e-01	2.589215e+00
7.090111343956119e-06	3.604928e-01	2.593271e+00
7.092455906261134e-06	3.633261e-01	2.612306e+00
7.095521517362080e-06	3.684637e-01	2.658751e+00
7.098935902776470e-06	3.754527e-01	2.729475e+00
7.100992725783637e-06	3.801303e-01	2.779071e+00
7.102896754300463e-06	3.845840e-01	2.826826e+00
7.104681087922824e-06	3.885969e-01	2.869189e+00
7.106981263155792e-06	3.932903e-01	2.916676e+00
7.109460169300759e-06	3.975730e-01	2.956370e+00
7.111811150032719e-06	4.006497e-01	2.979475e+00
7.114906503088188e-06	4.032971e-01	2.989301e+00
7.118346204904605e-06	4.050087e-01	2.982312e+00
7.120210737950471e-06	4.055309e-01	2.972745e+00
7.122176651103747e-06	4.059691e-01	2.961247e+00
7.124145520396666e-06	4.065969e-01	2.952778e+00
7.126402785160415e-06	4.077814e-01	2.950247e+00
7.128744306571874e-06	4.097159e-01	2.958371e+00
7.131218222127856e-06	4.127048e-01	2.981246e+00
7.134447799653651e-06	4.178705e-01	3.030140e+00
7.138149830175963e-06	4.248496e-01	3.102081e+00
7.140014631583869e-06	4.286092e-01	3.141995e+00
7.142477571647267e-06	4.335056e-01	3.193722e+00
7.144774552153548e-06	4.376789e-01	3.236149e+00
7.147073589708042e-06	4.412348e-01	3.269438e+00
7.149403209656536e-06	4.440203e-01	3.291121e+00
7.152367943390928e-06	4.464108e-01	3.301797e+00
7.155794018825176e-06	4.480623e-01	3.297978e+00
7.157779734867281e-06	4.486025e-01	3.289810e+00
7.159648003488856e-06	4.489660e-01	3.280198e+00
7.161389832637775e-06	4.494017e-01	3.272869e+00
7.163686363671274e-06	4.503242e-01	3.268634e+00
7.166087361363978e-06	4.518573e-01	3.272917e+00
7.168434547125424e-06	4.541077e-01	3.288514e+00
7.171535316388069e-06	4.581495e-01	3.325271e+00
7.175013609824002e-06	4.636291e-01	3.380759e+00
7.177019666031437e-06	4.671113e-01	3.417623e+00
7.178984303287586e-06	4.705907e-01	3.454798e+00
7.180909353706449e-06	4.738395e-01	3.488872e+00
7.183195523052758e-06	4.773070e-01	3.523580e+00
7.185559425274844e-06	4.803109e-01	3.550905e+00
7.187900222221541e-06	4.825366e-01	3.566967e+00
7.191073867716127e-06	4.844771e-01	3.573026e+00
7.194596586319928e-06	4.857064e-01	3.566389e+00
7.196382122287399e-06	4.860578e-01	3.559211e+00
7.198434195058884e-06	4.864039e-01	3.550348e+00
7.200531454123253e-06	4.869407e-01	3.544237e+00
7.202788772141957e-06	4.878995e-01	3.543560e+00
7.205114068918673e-06	4.894461e-01	3.551404e+00
7.207773219804279e-06	4.919878e-01	3.572107e+00
7.211066014330034e-06	4.960386e-01	3.611412e+00
7.213962062316873e-06	5.001618e-01	3.654464e+00
7.215734241970033e-06	5.028335e-01	3.683081e+00
7.218113760629244e-06	5.063536e-01	3.720573e+00
7.220376692916782e-06	5.094227e-01	3.752148e+00
7.222670524345548e-06	5.120779e-01	3.777462e+00
7.225005183526103e-06	5.141696e-01	3.794269e+00
7.227891818739395e-06	5.159013e-01	3.802577e+00
7.231285213814126e-06	5.170719e-01	3.799818e+00
7.233472775570989e-06	5.174524e-01	3.792717e+00
7.235306155491538e-06	5.176407e-01	3.785023e+00
7.237002335753717e-06	5.178666e-01	3.778838e+00
7.239329271269135e-06	5.184253e-01	3.774285e+00
7.241860975525218e-06	5.194725e-01	3.776110e+00
7.244214061879117e-06	5.210098e-01	3.786416e+00
7.247292112556559e-06	5.238226e-01	3.812081e+00
7.250716834313552e-06	5.276572e-01	3.851335e+00
7.252734272712382e-06	5.301666e-01	3.878278e+00
7.254660465460762e-06	5.326234e-01	3.904975e+00
7.256498859435558e-06	5.348629e-01	3.928940e+00
7.258802484072276e-06	5.373822e-01	3.954776e+00
7.261221775392566e-06	5.395839e-01	3.975407e+00
7.263573903124820e-06	5.411534e-01	3.987121e+00
7.266691290098601e-06	5.424198e-01	3.990823e+00
7.270171715820841e-06	5.431150e-01	3.984621e+00
7.272064420225910e-06	5.432554e-01	3.977923e+00
7.274044821293073e-06	5.433359e-01	3.970135e+00
7.276032357431795e-06	5.435229e-01	3.964082e+00
7.278287165098265e-06	5.439943e-01	3.961280e+00
7.280629864963148e-06	5.448790e-01	3.964450e+00
7.283124419137256e-06	5.463529e-01	3.975946e+00
7.286364985719082e-06	5.489598e-01	4.001422e+00
7.289677708261659e-06	5.521412e-01	4.035339e+00
7.291457755933982e-06	5.539848e-01	4.055641e+00
7.293639916038996e-06	5.562240e-01	4.080301e+00
7.295863864364386e-06	5.583181e-01	4.102713e+00
7.298153663802066e-06	5.601482e-01	4.121035e+00
7.300500554339756e-06	5.615724e-01	4.133226e+00
7.303257712287996e-06	5.626261e-01	4.138543e+00
7.306602805446500e-06	5.632210e-01	4.135138e+00
7.309155232897067e-06	5.633092e-01	4.127356e+00
7.310950173832833e-06	5.632538e-01	4.120318e+00
7.312984274739259e-06	5.632237e-01	4.113020e+00
7.315407025412025e-06	5.633870e-01	4.107511e+00
7.317961255986069e-06	5.639033e-01	4.107050e+00
7.320307709410971e-06	5.648044e-01	4.113179e+00
7.323423003504583e-06	5.666050e-01	4.130552e+00
7.326864715693129e-06	5.691092e-01	4.157616e+00
7.328808352960882e-06	5.706917e-01	4.175501e+00
7.330798462958709e-06	5.723426e-01	4.194347e+00
7.332775178869534e-06	5.738794e-01	4.211602e+00
7.335058763583931e-06	5.754197e-01	4.228129e+00
7.337426033832193e-06	5.766698e-01	4.240215e+00
7.339812753111320e-06	5.774813e-01	4.245880e+00
7.343026254099708e-06	5.779382e-01	4.244336e+00
7.346613093181861e-06	5.779053e-01	4.234879e+00
7.348386294949611e-06	5.777371e-01	4.228123e+00
7.350464987773130e-06	5.775107e-01	4.219966e+00
7.352593110967805e-06	5.773890e-01	4.213425e+00
7.354854657131381e-06	5.774794e-01	4.209927e+00
7.357180543488646e-06	5.778906e-01	4.211248e+00
7.359884349901413e-06	5.788085e-01	4.219532e+00
7.363196022429985e-06	5.804250e-01	4.237222e+00
7.365859634752269e-06	5.819965e-01	4.255632e+00
7.367684066810773e-06	5.831479e-01	4.269440e+00
7.369781523452561e-06	5.844232e-01	4.284673e+00
7.372223876371072e-06	5.857256e-01	4.299791e+00
7.374574435486558e-06	5.866992e-01	4.310286e+00
7.376951349204945e-06	5.873083e-01	4.315454e+00
7.379900719847320e-06	5.875493e-01	4.314435e+00
7.383352022229319e-06	5.873250e-01	4.306009e+00
7.385435527223548e-06	5.869888e-01	4.298121e+00
7.387255179288082e-06	5.866239e-01	4.290323e+00
7.388909932587747e-06	5.863218e-01	4.283794e+00
7.391212169900238e-06	5.860397e-01	4.276939e+00
7.393755354303774e-06	5.859745e-01	4.273220e+00
7.396103843204704e-06	5.862281e-01	4.274637e+00
7.399165175874991e-06	5.870019e-01	4.283299e+00
7.402573804161884e-06	5.882480e-01	4.298868e+00
7.404517915893400e-06	5.890875e-01	4.309760e+00
7.406494275586594e-06	5.899674e-01	4.321307e+00
7.408444222178498e-06	5.907619e-01	4.331671e+00
7.410740814298587e-06	5.915213e-01	4.341346e+00
7.413115564509115e-06	5.920445e-01	4.347559e+00
7.415479914051020e-06	5.922266e-01	4.348849e+00
7.418684390439517e-06	5.919856e-01	4.343592e+00
7.422236749624042e-06	5.912969e-01	4.331793e+00
7.424106556477988e-06	5.908035e-01	4.323798e+00
7.426115651310766e-06	5.902418e-01	4.314902e+00
7.428153008236780e-06	5.897413e-01	4.307053e+00
7.430403809379066e-06	5.893419e-01	4.300819e+00
7.432720226975725e-06	5.891570e-01	4.297929e+00
7.435277468562658e-06	5.892594e-01	4.299471e+00
7.438524554122142e-06	5.897611e-01	4.307164e+00
7.441465527881601e-06	5.904539e-01	4.317831e+00
7.443305760951674e-06	5.909519e-01	4.325551e+00
7.445532454935953e-06	5.915226e-01	4.334506e+00
7.447913357813569e-06	5.919992e-01	4.342182e+00
7.450241011341556e-06	5.922554e-01	4.346670e+00
7.452599414150316e-06	5.922330e-01	4.347147e+00
7.455554624593582e-06	5.918102e-01	4.342075e+00
7.458989950904068e-06	5.909263e-01	4.330602e+00
7.461178784825867e-06	5.901961e-01	4.320975e+00
7.462956383181386e-06	5.895467e-01	4.312448e+00
7.464781233091971e-06	5.889060e-01	4.304199e+00
7.467334047271671e-06	5.881298e-01	4.294616e+00
7.469773153085718e-06	5.875746e-01	4.288395e+00
7.472160496828502e-06	5.872749e-01	4.286091e+00
7.475179832683807e-06	5.872181e-01	4.288164e+00
7.478672204796165e-06	5.874366e-01	4.294975e+00
7.480504018942017e-06	5.876322e-01	4.299838e+00
7.482590793942651e-06	5.878630e-01	4.305576e+00
7.484719565431909e-06	5.880226e-01	4.310374e+00
7.486988838192475e-06	5.880439e-01	4.313360e+00
7.489349482884079e-06	5.878487e-01	4.313338e+00
7.491953161190838e-06	5.873381e-01	4.309070e+00
7.495239989770590e-06	5.863232e-01	4.298401e+00
7.498437266222244e-06	5.850691e-01	4.284282e+00
7.500118884711496e-06	5.843352e-01	4.275874e+00
7.502157954880043e-06	5.834365e-01	4.265679e+00
7.504236264495316e-06	5.825821e-01	4.256323e+00
7.506482752444017e-06	5.817814e-01	4.248169e+00
7.508792941044137e-06	5.811338e-01	4.242536e+00
7.511420063647199e-06	5.806351e-01	4.239817e+00
7.514692877915414e-06	5.802824e-01	4.240599e+00
7.517270375099425e-06	5.801487e-01	4.243473e+00
7.519160446246706e-06	5.800934e-01	4.246290e+00
7.521028383757245e-06	5.800105e-01	4.248719e+00
7.523668773436004e-06	5.797753e-01	4.250485e+00
7.526112565624774e-06	5.793831e-01	4.249621e+00
7.528528506802544e-06	5.787629e-01	4.245427e+00
7.531579090287193e-06	5.776626e-01	4.235598e+00
7.535085248025217e-06	5.760986e-01	4.220075e+00
7.537164282542051e-06	5.750578e-01	4.209317e+00
7.538775826427451e-06	5.742177e-01	4.200576e+00
7.540492323804394e-06	5.733445e-01	4.191676e+00
7.543052392234908e-06	5.721341e-01	4.179908e+00
7.545493415307452e-06	5.711212e-01	4.170918e+00
7.547885154975947e-06	5.703125e-01	4.164979e+00
7.550859188626926e-06	5.695441e-01	4.161280e+00
7.554338658254833e-06	5.688546e-01	4.160227e+00
7.556152821039960e-06	5.685527e-01	4.160606e+00
7.558327942659587e-06	5.681922e-01	4.161157e+00
7.560554234029865e-06	5.677568e-01	4.160799e+00
7.562835308069217e-06	5.671898e-01	4.158713e+00
7.565183027341851e-06	5.664332e-01	4.154082e+00
7.567946623037607e-06	5.652987e-01	4.145139e+00
7.571279515012128e-06	5.636504e-01	4.130381e+00
7.574185395554286e-06	5.620370e-01	4.115059e+00
7.575822782051793e-06	5.610785e-01	4.105786e+00
7.577842583381602e-06	5.598949e-01	4.094430e+00
7.579896029833538e-06	5.587394e-01	4.083690e+00
7.582133805882181e-06	5.575737e-01	4.073484e+00
7.584433196915048e-06	5.565080e-01	4.065070e+00
7.587016370744675e-06	5.554860e-01	4.058344e+00
7.590266576882688e-06	5.543978e-01	4.052963e+00
7.592740953399217e-06	5.536712e-01	4.050473e+00
7.594677011045178e-06	5.531352e-01	4.049067e+00
7.596434277170497e-06	5.526304e-01	4.047568e+00
7.598804395060460e-06	5.518728e-01	4.044469e+00
7.601329129986455e-06	5.509356e-01	4.039307e+00
7.603688409032426e-06	5.498902e-01	4.032054e+00
7.606789774607674e-06	5.482677e-01	4.018975e+00
7.610205206118308e-06	5.462520e-01	4.001341e+00
7.612392560354218e-06	5.448635e-01	3.988710e+00
7.614070871763369e-06	5.437690e-01	3.978666e+00
7.616120203738323e-06	5.424489e-01	3.966731e+00
7.618422401463114e-06	5.410266e-01	3.954324e+00
7.620716113754560e-06	5.397068e-01	3.943506e+00
7.623039172091147e-06	5.384984e-01	3.934556e+00
7.625881144613536e-06	5.371888e-01	3.926235e+00
7.629268753105056e-06	5.357866e-01	3.918796e+00
7.631076044207972e-06	5.350875e-01	3.915612e+00
7.633165905117904e-06	5.342894e-01	3.912140e+00
7.635297793080211e-06	5.334365e-01	3.908071e+00
7.637584944242971e-06	5.324386e-01	3.902531e+00
7.639971191577584e-06	5.312718e-01	3.894949e+00
7.642596602060386e-06	5.298139e-01	3.884114e+00
7.645888845278901e-06	5.277587e-01	3.867304e+00
7.649713678490329e-06	5.251744e-01	3.845037e+00
7.651524272353731e-06	5.239043e-01	3.833888e+00
7.653571186253324e-06	5.224660e-01	3.821337e+00
7.655668864795033e-06	5.210345e-01	3.809183e+00
7.657909087112607e-06	5.195821e-01	3.797419e+00
7.660202414902727e-06	5.181990e-01	3.787001e+00
7.662833942594485e-06	5.167472e-01	3.777153e+00
7.666104030288931e-06	5.150863e-01	3.767144e+00
7.668188154480438e-06	5.140867e-01	3.761698e+00
7.670187635753871e-06	5.131476e-01	3.756814e+00
7.672148551990384e-06	5.122059e-01	3.751754e+00
7.674503527803254e-06	5.110120e-01	3.744789e+00
7.676922338131354e-06	5.096855e-01	3.736202e+00
7.679339867700435e-06	5.082249e-01	3.725684e+00
7.682554750903477e-06	5.060870e-01	3.708907e+00
7.686107255917817e-06	5.035495e-01	3.687901e+00
7.688220698919806e-06	5.019752e-01	3.674527e+00
7.689955935962129e-06	5.006660e-01	3.663359e+00
7.691671036658963e-06	4.993894e-01	3.652630e+00
7.694237104215664e-06	4.975389e-01	3.637545e+00
7.696625347998399e-06	4.959006e-01	3.624826e+00
7.699002266841812e-06	4.943764e-01	3.613824e+00
7.701922716220657e-06	4.926321e-01	3.602301e+00
7.705051677874516e-06	4.908654e-01	3.591550e+00
7.707034259862575e-06	4.897785e-01	3.585261e+00
7.709046590907605e-06	4.886696e-01	3.578833e+00
7.711662172332691e-06	4.871750e-01	3.569727e+00
7.714143841543327e-06	4.856708e-01	3.559856e+00
7.716535051294525e-06	4.841062e-01	3.548685e+00
7.719675087719804e-06	4.818845e-01	3.531623e+00
7.723154393620403e-06	4.792675e-01	3.510518e+00
7.725401638981530e-06	4.775118e-01	3.495985e+00
7.726991865643950e-06	4.762531e-01	3.485505e+00
7.729250460189315e-06	4.744792e-01	3.470886e+00
7.731349259980767e-06	4.728694e-01	3.457926e+00
7.733575036041823e-06	4.712256e-01	3.445181e+00
7.735840170665708e-06	4.696341e-01	3.433474e+00
7.738562149943277e-06	4.678280e-01	3.421052e+00
7.741860323762439e-06	4.657434e-01	3.407606e+00
7.743700498231478e-06	4.646149e-01	3.400649e+00
7.745908320209135e-06	4.632699e-01	3.392465e+00
7.748167896906611e-06	4.618663e-01	3.383716e+00
7.750458279886005e-06	4.603878e-01	3.374046e+00
7.752847683409821e-06	4.587593e-01	3.362715e+00
7.755641048359475e-06	4.567314e-01	3.347680e+00
7.758989017592647e-06	4.541537e-01	3.327551e+00
7.762261108407542e-06	4.515290e-01	3.306396e+00
7.764119416887868e-06	4.500093e-01	3.293997e+00
7.765984842901225e-06	4.484835e-01	3.281587e+00
7.767832735048747e-06	4.469947e-01	3.269664e+00
7.770037225926723e-06	4.452649e-01	3.256171e+00
7.772290833505759e-06	4.435596e-01	3.243356e+00
7.774574112455256e-06	4.419090e-01	3.231559e+00
7.777672816711309e-06	4.397666e-01	3.217049e+00
7.780242779120377e-06	4.380479e-01	3.205909e+00
7.782314796493898e-06	4.366845e-01	3.197282e+00
7.784341623710615e-06	4.353437e-01	3.188752e+00
7.786751062914316e-06	4.337116e-01	3.178064e+00
7.789212516646355e-06	4.319796e-01	3.166208e+00
7.791666032017751e-06	4.301642e-01	3.153095e+00
7.794895653208436e-06	4.276451e-01	3.133963e+00
7.798452873290198e-06	4.247541e-01	3.111223e+00
7.800659977876169e-06	4.229158e-01	3.096492e+00
7.802231422991021e-06	4.215981e-01	3.085900e+00
7.804427752411571e-06	4.197710e-01	3.071346e+00
7.806526591527456e-06	4.180577e-01	3.057952e+00
7.808749437508897e-06	4.162944e-01	3.044559e+00
7.811007309516220e-06	4.145673e-01	3.031934e+00
7.813720442545303e-06	4.125741e-01	3.018014e+00
7.817017077693953e-06	4.102317e-01	3.002311e+00
7.819057547449849e-06	4.088103e-01	2.993026e+00
7.821109690431009e-06	4.073838e-01	2.983741e+00
7.823758036410514e-06	4.055127e-01	2.971321e+00
7.826282610203303e-06	4.036754e-01	2.958695e+00
7.828671442555680e-06	4.018634e-01	2.945668e+00
7.831847894663687e-06	3.993443e-01	2.926747e+00
7.835307081743533e-06	3.964998e-01	2.904675e+00
7.837747043127687e-06	3.944471e-01	2.888445e+00
7.839334682807304e-06	3.931011e-01	2.877750e+00
7.841205477195824e-06	3.915222e-01	2.865269e+00
7.843078102026002e-06	3.899631e-01	2.853110e+00
7.845277587572698e-06	3.881713e-01	2.839434e+00
7.847525900786670e-06	3.863914e-01	2.826238e+00
7.849870323743008e-06	3.845982e-01	2.813425e+00
7.852997125426050e-06	3.822804e-01	2.797446e+00
7.855088283659058e-06	3.807650e-01	2.787277e+00
7.857210864093369e-06	3.792435e-01	2.777204e+00
7.859364586917723e-06	3.776930e-01	2.766884e+00
7.861750560168837e-06	3.759468e-01	2.755023e+00
7.864210298906047e-06	3.740969e-01	2.742056e+00
7.866810669678195e-06	3.720701e-01	2.727293e+00
7.870088470247693e-06	3.694187e-01	2.707257e+00
7.873799231569366e-06	3.663317e-01	2.683325e+00
7.876000655690807e-06	3.644731e-01	2.668735e+00
7.877631565918435e-06	3.630939e-01	2.657901e+00
7.879499800239138e-06	3.615288e-01	2.645718e+00
7.881816295862977e-06	3.596222e-01	2.631129e+00
7.884312256838412e-06	3.576184e-01	2.616165e+00
7.886600761347293e-06	3.558371e-01	2.603280e+00
7.889545958797975e-06	3.536129e-01	2.587708e+00
7.892092649042806e-06	3.517329e-01	2.574879e+00
7.894245260980358e-06	3.501637e-01	2.564320e+00
7.896405632388291e-06	3.485878e-01	2.553696e+00
7.898836505733134e-06	3.467924e-01	2.541400e+00
7.901326148672088e-06	3.449129e-01	2.528187e+00
7.903863200363578e-06	3.429394e-01	2.513846e+00
7.907124311286407e-06	3.403209e-01	2.494184e+00
7.910750421463227e-06	3.373373e-01	2.471243e+00
7.913010019432960e-06	3.354529e-01	2.456571e+00
7.914508270435303e-06	3.342009e-01	2.446807e+00
7.916471152487293e-06	3.325723e-01	2.434185e+00
7.918457273560276e-06	3.309469e-01	2.421747e+00
7.920664379522709e-06	3.291766e-01	2.408456e+00
7.922913697065307e-06	3.274173e-01	2.395569e+00
7.925499485753081e-06	3.254511e-01	2.381577e+00
7.928730085244426e-06	3.230530e-01	2.364939e+00
7.930848386181616e-06	3.215049e-01	2.354371e+00
7.932829322970223e-06	3.200642e-01	2.344573e+00
7.935343105739357e-06	3.182232e-01	2.331926e+00
7.937886742362005e-06	3.163309e-01	2.318664e+00
7.940247826170894e-06	3.145318e-01	2.305697e+00
7.943390380246304e-06	3.120717e-01	2.287430e+00
7.946777181250423e-06	3.093586e-01	2.266798e+00
7.949527269963705e-06	3.071235e-01	2.249548e+00
7.951318864867945e-06	3.056616e-01	2.238214e+00
7.953057412421864e-06	3.042490e-01	2.227296e+00
7.954708599669957e-06	3.029214e-01	2.217128e+00
7.956878286138819e-06	3.012044e-01	2.204164e+00
7.959087528480160e-06	2.994918e-01	2.191479e+00
7.961376719148994e-06	2.977617e-01	2.178973e+00
7.964369800000487e-06	2.955531e-01	2.163384e+00
7.966546244934195e-06	2.939768e-01	2.152462e+00
7.968711441024259e-06	2.924259e-01	2.141823e+00
7.970915373377899e-06	2.908484e-01	2.130982e+00
7.973336509658200e-06	2.891019e-01	2.118835e+00
7.975827825353748e-06	2.872769e-01	2.105885e+00
7.978348644742637e-06	2.853901e-01	2.092146e+00
7.981605188663984e-06	2.828960e-01	2.073504e+00
7.985211758964936e-06	2.800855e-01	2.052089e+00
7.987503593892564e-06	2.782839e-01	2.038218e+00
7.989007992575312e-06	2.771015e-01	2.029101e+00
7.990882094732291e-06	2.756387e-01	2.017880e+00
7.992769774781292e-06	2.741834e-01	2.006828e+00
7.994963791817779e-06	2.725211e-01	1.994394e+00
7.997201116685229e-06	2.708626e-01	1.982230e+00
7.999787991722457e-06	2.689921e-01	1.968825e+00
8.003001863005960e-06	2.667181e-01	1.952858e+00
8.005157587264668e-06	2.652157e-01	1.942447e+00
8.007214587917956e-06	2.637912e-01	1.932608e+00
8.009743740985711e-06	2.620341e-01	1.920384e+00
8.012086390137760e-06	2.603899e-01	1.908767e+00
8.014469085896681e-06	2.586898e-01	1.896493e+00
8.017432170060007e-06	2.565344e-01	1.880557e+00
8.020825747639089e-06	2.540236e-01	1.861608e+00
8.023855109751392e-06	2.517595e-01	1.844296e+00
8.025755735306759e-06	2.503367e-01	1.833368e+00
8.027453712854848e-06	2.490719e-01	1.823678e+00
8.029019393564788e-06	2.479176e-01	1.814900e+00
8.031177024800034e-06	2.463498e-01	1.803117e+00
8.033370297588390e-06	2.447859e-01	1.791548e+00
8.035669266521409e-06	2.431843e-01	1.779939e+00
8.038728660110077e-06	2.410995e-01	1.765120e+00
8.040814936026765e-06	2.397030e-01	1.755343e+00
8.042991805271131e-06	2.382626e-01	1.745344e+00
8.045217333885624e-06	2.367943e-01	1.735136e+00
8.047636793054417e-06	2.351913e-01	1.723887e+00
8.050129649806425e-06	2.335229e-01	1.711988e+00
8.052492118621556e-06	2.319176e-01	1.700295e+00
8.055701153994775e-06	2.297011e-01	1.683795e+00
8.059151518157765e-06	2.272889e-01	1.665535e+00
8.061514858834551e-06	2.256274e-01	1.652837e+00
8.063146754355403e-06	2.244820e-01	1.644067e+00
8.064930885425979e-06	2.232386e-01	1.634580e+00
8.066685813295057e-06	2.220297e-01	1.625431e+00
8.068868294762139e-06	2.205501e-01	1.614369e+00
8.071090759060131e-06	2.190738e-01	1.603512e+00
8.073745758330063e-06	2.173523e-01	1.591100e+00
8.076956837437599e-06	2.153150e-01	1.576671e+00
8.079041235774664e-06	2.140142e-01	1.567571e+00
8.081099978147088e-06	2.127410e-01	1.558700e+00
8.083792020133035e-06	2.110773e-01	1.547045e+00
8.086137672133662e-06	2.096191e-01	1.536702e+00
8.088573489308032e-06	2.080883e-01	1.525646e+00
8.091240869351323e-06	2.063891e-01	1.513122e+00
8.094568834668158e-06	2.042433e-01	1.497009e+00
8.097992033044022e-06	2.020220e-01	1.480124e+00
8.100009335996462e-06	2.007141e-01	1.470136e+00
8.101725584227691e-06	1.996086e-01	1.461709e+00
8.103323797174701e-06	1.985908e-01	1.454003e+00
8.105489183184020e-06	1.972325e-01	1.443827e+00
8.107689512137506e-06	1.958795e-01	1.433840e+00
8.110345463172211e-06	1.942856e-01	1.422295e+00
8.113522592858456e-06	1.924216e-01	1.409024e+00
8.115422875299760e-06	1.913272e-01	1.401333e+00
8.117668552043828e-06	1.900492e-01	1.392407e+00
8.119972571065747e-06	1.887431e-01	1.383260e+00
8.122319404239380e-06	1.874101e-01	1.373835e+00
8.124784216792665e-06	1.860005e-01	1.363720e+00
8.127046024318522e-06	1.846933e-01	1.354165e+00
8.130139708070887e-06	1.828860e-01	1.340703e+00
8.133484827305857e-06	1.809183e-01	1.325834e+00
8.135766280209373e-06	1.795742e-01	1.315595e+00
8.137333398715574e-06	1.786552e-01	1.308583e+00
8.139183690597805e-06	1.775799e-01	1.300407e+00
8.141036807752276e-06	1.765175e-01	1.292394e+00
8.143416815701862e-06	1.751776e-01	1.282407e+00
8.145642529154212e-06	1.739539e-01	1.273437e+00
8.148865369913386e-06	1.722297e-01	1.261041e+00
8.152241050381896e-06	1.704664e-01	1.248567e+00
8.154620606568933e-06	1.692455e-01	1.240010e+00
8.157052104717269e-06	1.680088e-01	1.231337e+00
8.159501060605878e-06	1.667635e-01	1.222526e+00
8.161750930806451e-06	1.656140e-01	1.214275e+00
8.164036946313910e-06	1.644366e-01	1.205677e+00
8.166755305800871e-06	1.630249e-01	1.195185e+00
8.169704987857240e-06	1.614844e-01	1.183584e+00
8.170704987857240e-06	1.609608e-01	1.179609e+00
8.171590024285520e-06	1.604976e-01	1.176074e+00
8.172279805715844e-06	1.601372e-01	1.173321e+00
8.173000000000000e-06	1.597615e-01	1.170450e+00
8.173216058285247e-06	1.596491e-01	1.169591e+00
8.173504135998909e-06	1.594994e-01	1.168447e+00
8.174000000000000e-06	1.592419e-01	1.166481e+00
8.174148759200328e-06	1.591648e-01	1.165893e+00
8.174347104800763e-06	1.590622e-01	1.165110e+00
8.174743796001637e-06	1.588553e-01	1.163549e+00
8.175537178403383e-06	1.584414e-01	1.160450e+00
8.177123943206877e-06	1.576302e-01	1.154347e+00
8.179441934952789e-06	1.564709e-01	1.145655e+00
8.181702469230058e-06	1.553670e-01	1.137502e+00
8.184877198999605e-06	1.538614e-01	1.126595e+00
8.188215456784062e-06	1.523146e-01	1.115563e+00
8.188403036891213e-06	1.522292e-01	1.114960e+00
8.188778197105514e-06	1.520603e-01	1.113774e+00
8.189528517534115e-06	1.517230e-01	1.111411e+00
8.189696526900410e-06	1.516477e-01	1.110884e+00
8.190032545632999e-06	1.514973e-01	1.109833e+00
8.190116550316146e-06	1.514562e-01	1.109570e+00
8.190284559682441e-06	1.513147e-01	1.109046e+00
8.190326562024014e-06	1.511927e-01	1.108915e+00
8.190337062609407e-06	1.510757e-01	1.108883e+00
8.190358063780194e-06	1.499601e-01	1.108817e+00
8.190400066121769e-06	1.454375e-01	1.108687e+00
8.190401378694942e-06	1.451652e-01	1.108683e+00
8.190404003841291e-06	1.443606e-01	1.108675e+00
8.190409254133987e-06	1.424582e-01	1.108659e+00
8.190419754719381e-06	1.377237e-01	1.108627e+00
8.190440755890167e-06	1.279967e-01	1.108563e+00
8.190482758231741e-06	1.149651e-01	1.108440e+00
8.190566762914887e-06	1.036684e-01	1.108197e+00
8.190657558258558e-06	9.950275e-02	1.107937e+00
8.190824518170698e-06	9.761991e-02	1.107462e+00
8.191013087699578e-06	9.743977e-02	1.106926e+00
8.191277340806845e-06	9.791745e-02	1.106175e+00
8.191773394769146e-06	9.889192e-02	1.104762e+00
8.192765502693742e-06	1.008587e-01	1.101910e+00
8.194749718542939e-06	1.048932e-01	1.096092e+00
8.196675344621776e-06	1.090333e-01	1.090256e+00
8.198641347766631e-06	1.137122e-01	1.084022e+00
8.200740785547314e-06	1.197118e-01	1.077008e+00
8.203490601243945e-06	1.305127e-01	1.067329e+00
8.206547189428123e-06	1.511865e-01	1.056090e+00
8.209441368512758e-06	1.998085e-01	1.045031e+00
8.212074487939088e-06	3.362357e-01	1.034346e+00
8.213779130590336e-06	5.761467e-01	1.026255e+00
8.215529332388999e-06	9.997684e-01	1.015601e+00
8.217415594944949e-06	1.547280e+00	1.000998e+00
8.219273793682623e-06	2.102118e+00	9.837408e-01
8.222705381603715e-06	3.246900e+00	9.483701e-01
8.224406630376275e-06	4.006320e+00	9.294882e-01
8.225521650491581e-06	4.546196e+00	9.163008e-01
8.226525246163318e-06	4.949495e+00	9.043248e-01
8.227221189492718e-06	5.223184e+00	8.963199e-01
8.227997174105769e-06	5.592247e+00	8.877393e-01
8.229031875730830e-06	6.202423e+00	8.764403e-01
8.230135624445220e-06	7.027080e+00	8.640149e-01
8.231196102165239e-06	8.036535e+00	8.509598e-01
8.232215864765599e-06	9.256155e+00	8.364029e-01
8.233238606430913e-06	1.075945e+01	8.187556e-01
8.234269686245833e-06	1.257425e+01	7.967922e-01
8.235306362975987e-06	1.470172e+01	7.694512e-01
8.236339712826654e-06	1.712286e+01	7.360291e-01
8.237372780084304e-06	1.984349e+01	6.956879e-01
8.238404616398241e-06	2.285202e+01	6.479010e-01
8.239437838331146e-06	2.613500e+01	5.922007e-01
8.240470434685079e-06	2.965268e+01	5.286269e-01
8.241503646164244e-06	3.336321e+01	4.573632e-01
8.242536220677285e-06	3.720447e+01	3.791046e-01
8.243569262195036e-06	4.111357e+01	2.947280e-01
8.244601921445779e-06	4.501414e+01	2.055929e-01
8.245634923943443e-06	4.883363e+01	1.132153e-01
8.246667642582285e-06	5.249678e+01	1.945034e-02
8.247700593772311e-06	5.593938e+01	-7.381353e-02
8.248733344627375e-06	5.910482e+01	-1.645622e-01
8.249766260637219e-06	6.195311e+01	-2.509131e-01
8.250799033456527e-06	6.445107e+01	-3.309079e-01
8.251916747945629e-06	6.673766e+01	-4.081054e-01
8.253283591442441e-06	6.898347e+01	-4.873977e-01
8.254894073505278e-06	7.095137e+01	-5.576829e-01
8.256901038309161e-06	7.260600e+01	-6.097117e-01
8.259394460740630e-06	7.393891e+01	-6.293995e-01
8.261452220889492e-06	7.474599e+01	-6.127753e-01
8.263495856088335e-06	7.555659e+01	-5.714732e-01
8.265918875179473e-06	7.680200e+01	-5.066348e-01
8.268360368098265e-06	7.839769e+01	-4.359533e-01
8.269080933595178e-06	7.896730e+01	-4.158976e-01
8.270522064589008e-06	8.024201e+01	-3.788534e-01
8.270999999999999e-06	8.068462e+01	-3.674236e-01
8.271132387534055e-06	8.081185e+01	-3.645111e-01
8.271308904246130e-06	8.098318e+01	-3.607660e-01
8.271661937670279e-06	8.132886e+01	-3.535720e-01
8.272000000000000e-06	8.166230e+01	-3.469444e-01
8.272033806232971e-06	8.169593e+01	-3.463189e-01
8.272101418698915e-06	8.176328e+01	-3.450807e-01
8.272236643630804e-06	8.189828e+01	-3.426581e-01
8.272433366326285e-06	8.209513e+01	-3.392266e-01
8.272514313993959e-06	8.217633e+01	-3.378529e-01
8.272595261661633e-06	8.225760e+01	-3.365064e-01
8.272676209329306e-06	8.233894e+01	-3.351869e-01
8.272757156996980e-06	8.242034e+01	-3.338945e-01
8.272838104664653e-06	8.250181e+01	-3.326291e-01
8.272919052332327e-06	8.258334e+01	-3.313908e-01
8.273000000000000e-06	8.266494e+01	-3.301796e-01
8.273060355444094e-06	8.272578e+01	-3.292950e-01
8.273120710888190e-06	8.278659e+01	-3.284287e-01
8.273181066332284e-06	8.284738e+01	-3.275805e-01
8.273241421776379e-06	8.290815e+01	-3.267506e-01
8.273301777220473e-06	8.296889e+01	-3.259388e-01
8.273362132664569e-06	8.302960e+01	-3.251452e-01
8.273422488108663e-06	8.309029e+01	-3.243698e-01
8.273858604865991e-06	8.352598e+01	-3.193101e-01
8.274730838380649e-06	8.438342e+01	-3.112138e-01
8.275507480105008e-06	8.512186e+01	-3.063890e-01
8.276375029936871e-06	8.590307e+01	-3.040563e-01
8.277144551471118e-06	8.654166e+01	-3.046836e-01
8.278041141844142e-06	8.717448e+01	-3.089623e-01
8.279834322590192e-06	8.809366e+01	-3.243622e-01
8.281866547639015e-06	8.859415e+01	-3.473787e-01
8.283784070612827e-06	8.844764e+01	-3.703300e-01
8.285680251960073e-06	8.780276e+01	-3.906195e-01
8.286030356950232e-06	8.761559e+01	-3.934824e-01
8.286730566930546e-06	8.713934e+01	-3.970110e-01
8.288130986891177e-06	8.607988e+01	-4.005264e-01
8.288480720046568e-06	8.578845e+01	-4.002664e-01
8.289180186357352e-06	8.516982e+01	-3.980140e-01
8.289202044679564e-06	8.515013e+01	-3.979193e-01
8.289245761323989e-06	8.511017e+01	-3.976886e-01
8.289333194612835e-06	8.502990e+01	-3.971955e-01
8.289508061190532e-06	8.486822e+01	-3.961089e-01
8.289736828110436e-06	8.465489e+01	-3.945242e-01
8.289946394576501e-06	8.445775e+01	-3.929044e-01
8.290135858156649e-06	8.427807e+01	-3.912784e-01
8.290363807677672e-06	8.406014e+01	-3.890872e-01
8.290819706719716e-06	8.362132e+01	-3.842400e-01
8.291073081860454e-06	8.337621e+01	-3.813103e-01
8.291297736729901e-06	8.315803e+01	-3.785046e-01
8.291334704337446e-06	8.312207e+01	-3.780242e-01
8.291371671944992e-06	8.308611e+01	-3.775396e-01
8.291408639552537e-06	8.305015e+01	-3.770506e-01
8.291445607160082e-06	8.301418e+01	-3.765573e-01
8.291482574767628e-06	8.297820e+01	-3.760597e-01
8.291519542375173e-06	8.294222e+01	-3.755577e-01
8.291556509982718e-06	8.290623e+01	-3.750514e-01
8.291597240416684e-06	8.286659e+01	-3.744894e-01
8.291656063090490e-06	8.280933e+01	-3.736689e-01
8.291773708438103e-06	8.269482e+01	-3.720064e-01
8.291886296748291e-06	8.258525e+01	-3.703892e-01
8.292046889663384e-06	8.242906e+01	-3.680341e-01
8.292676260844986e-06	8.181939e+01	-3.582504e-01
8.293252209116364e-06	8.126726e+01	-3.485750e-01
8.294213142336397e-06	8.036369e+01	-3.309926e-01
8.295350813607928e-06	7.932479e+01	-3.082249e-01
8.296125546277801e-06	7.864690e+01	-2.912669e-01
8.297006345775229e-06	7.792226e+01	-2.702021e-01
8.298252737663199e-06	7.698542e+01	-2.371308e-01
8.299676101160141e-06	7.607488e+01	-1.931538e-01
8.301388704676238e-06	7.525232e+01	-1.305691e-01
8.302902011923175e-06	7.484285e+01	-6.711016e-02
8.304468152066792e-06	7.479931e+01	4.477286e-03
8.305896817081551e-06	7.508034e+01	7.203981e-02
8.306680683639165e-06	7.539084e+01	1.089147e-01
8.307469937288892e-06	7.582053e+01	1.450170e-01
8.307891587866267e-06	7.609449e+01	1.635347e-01
8.308443744205764e-06	7.650526e+01	1.866028e-01
8.309096762723235e-06	7.705153e+01	2.120761e-01
8.310106791909246e-06	7.800024e+01	2.475695e-01
8.311200582782948e-06	7.914325e+01	2.797482e-01
8.312828298191272e-06	8.098296e+01	3.150484e-01
8.314607729599135e-06	8.300255e+01	3.350754e-01
8.317398086191278e-06	8.578088e+01	3.330251e-01
8.320368907779514e-06	8.790063e+01	3.013129e-01
8.322171380864911e-06	8.846368e+01	2.706973e-01
8.324053353439332e-06	8.826037e+01	2.359618e-01
8.325910984052825e-06	8.736703e+01	2.077739e-01
8.328166988515140e-06	8.555791e+01	1.893142e-01
8.330491777130609e-06	8.320381e+01	1.937768e-01
8.332808871732488e-06	8.074147e+01	2.281215e-01
8.335965642232241e-06	7.788987e+01	3.167757e-01
8.339498632613126e-06	7.575335e+01	4.510890e-01
8.341397013706768e-06	7.533840e+01	5.334351e-01
8.343495823358693e-06	7.568352e+01	6.253557e-01
8.345631927902144e-06	7.670496e+01	7.102585e-01
8.347894918774062e-06	7.839355e+01	7.836411e-01
8.350226302570138e-06	8.054136e+01	8.354579e-01
8.352823403363107e-06	8.299397e+01	8.609337e-01
8.356079530305624e-06	8.553498e+01	8.542048e-01
8.358914005124724e-06	8.687833e+01	8.242636e-01
8.360718486126925e-06	8.702793e+01	7.982448e-01
8.362806868512550e-06	8.640581e+01	7.704924e-01
8.365144306644010e-06	8.498832e+01	7.514522e-01
8.367439215157582e-06	8.307628e+01	7.516965e-01
8.369757649692087e-06	8.093208e+01	7.770094e-01
8.372705522503253e-06	7.846159e+01	8.435434e-01
8.376134783256803e-06	7.635356e+01	9.534257e-01
8.378261270760594e-06	7.570018e+01	1.034034e+00
8.380144268593976e-06	7.571255e+01	1.108952e+00
8.381861658203755e-06	7.619904e+01	1.173863e+00
8.384160059443363e-06	7.742735e+01	1.249324e+00
8.386698589868822e-06	7.927490e+01	1.313428e+00
8.389042741055521e-06	8.120497e+01	1.348455e+00
8.392105255238218e-06	8.351740e+01	1.359833e+00
8.395487610153989e-06	8.536905e+01	1.342483e+00
8.397329673985715e-06	8.581071e+01	1.323151e+00
8.399238893793103e-06	8.565182e+01	1.300466e+00
8.401127633326098e-06	8.497105e+01	1.282651e+00
8.403380027041217e-06	8.362227e+01	1.273168e+00
8.405707601036672e-06	8.186102e+01	1.281022e+00
8.408076195142469e-06	7.997557e+01	1.311958e+00
8.411250669100800e-06	7.782661e+01	1.385149e+00
8.414831026640607e-06	7.620940e+01	1.494463e+00
8.416697940825152e-06	7.591412e+01	1.558846e+00
8.418809534310459e-06	7.619564e+01	1.632107e+00
8.420965224418017e-06	7.699310e+01	1.700023e+00
8.423234394776951e-06	7.828724e+01	1.758667e+00
8.425571471110918e-06	7.991492e+01	1.800789e+00
8.428201593029357e-06	8.176879e+01	1.823472e+00
8.431479243830607e-06	8.365661e+01	1.822749e+00
8.434235703826471e-06	8.460753e+01	1.804873e+00
8.436045371812171e-06	8.471099e+01	1.788045e+00
8.438110272217093e-06	8.425327e+01	1.770671e+00
8.440486982596437e-06	8.317408e+01	1.760213e+00
8.443046567713268e-06	8.157533e+01	1.765226e+00
8.445363490220804e-06	7.997921e+01	1.789301e+00
8.448479191743361e-06	7.805930e+01	1.849484e+00
8.451894379570630e-06	7.655676e+01	1.939005e+00
8.453912117628919e-06	7.615331e+01	2.000178e+00
8.455862130590189e-06	7.623802e+01	2.061169e+00
8.457756769670784e-06	7.671752e+01	2.116720e+00
8.460039273202370e-06	7.771556e+01	2.174269e+00
8.462395581929168e-06	7.906076e+01	2.219606e+00
8.464732543332318e-06	8.051659e+01	2.246324e+00
8.467867475712616e-06	8.223954e+01	2.256165e+00
8.471357209492968e-06	8.356338e+01	2.244784e+00
8.473124958350115e-06	8.380682e+01	2.232587e+00
8.475148137510033e-06	8.358332e+01	2.217508e+00
8.477213289170287e-06	8.293549e+01	2.206942e+00
8.479455311418891e-06	8.185268e+01	2.205331e+00
8.481773839610017e-06	8.049824e+01	2.217994e+00
8.484382679195737e-06	7.896645e+01	2.251704e+00
8.487651770727130e-06	7.739649e+01	2.317147e+00
8.490645683907843e-06	7.648961e+01	2.392184e+00
8.492383596799818e-06	7.634349e+01	2.439812e+00
8.494572555165392e-06	7.661905e+01	2.498938e+00
8.496793822772603e-06	7.728889e+01	2.552925e+00
8.499079503925962e-06	7.831351e+01	2.598033e+00
8.501420022244845e-06	7.955872e+01	2.629776e+00
8.504171345025240e-06	8.099188e+01	2.647354e+00
8.507504039803735e-06	8.236580e+01	2.647260e+00
8.509951974823992e-06	8.293571e+01	2.636460e+00
8.511774415291393e-06	8.298145e+01	2.625058e+00
8.513638160296089e-06	8.265822e+01	2.615056e+00
8.516174730882198e-06	8.178898e+01	2.608957e+00
8.518601739981553e-06	8.065672e+01	2.614623e+00
8.520982734692563e-06	7.942352e+01	2.635198e+00
8.524034621240514e-06	7.800974e+01	2.681871e+00
8.527535563549168e-06	7.685108e+01	2.753697e+00
8.529561308976495e-06	7.654944e+01	2.801465e+00
8.531527986217305e-06	7.662351e+01	2.849213e+00
8.533456318746408e-06	7.700346e+01	2.893042e+00
8.535737391642320e-06	7.776941e+01	2.937620e+00
8.538095682395480e-06	7.879388e+01	2.972912e+00
8.540432078984983e-06	7.989029e+01	2.994014e+00
8.543602639859659e-06	8.118829e+01	3.002837e+00
8.547117131276501e-06	8.216714e+01	2.995846e+00
8.548869387550629e-06	8.233503e+01	2.987685e+00
8.550924991921655e-06	8.214983e+01	2.977419e+00
8.553029492597235e-06	8.164275e+01	2.970757e+00
8.555281550980965e-06	8.081808e+01	2.971210e+00
8.557600737104274e-06	7.979853e+01	2.982602e+00
8.560274725251064e-06	7.862683e+01	3.010782e+00
8.563569216164376e-06	7.745575e+01	3.062822e+00
8.566428757754641e-06	7.682726e+01	3.118554e+00
8.568187198050950e-06	7.673745e+01	3.155647e+00
8.570571816581465e-06	7.699837e+01	3.204760e+00
8.572823999974033e-06	7.754644e+01	3.246046e+00
8.575113418077003e-06	7.835168e+01	3.279611e+00
8.577444481425916e-06	7.929746e+01	3.302533e+00
8.580317036143241e-06	8.040321e+01	3.315130e+00
8.583700165337129e-06	8.140188e+01	3.314201e+00
8.585879232869640e-06	8.174190e+01	3.306907e+00
8.587718383663231e-06	8.175190e+01	3.298541e+00
8.589383387666625e-06	8.153236e+01	3.292135e+00
8.591700476146601e-06	8.094354e+01	3.288184e+00
8.594224811832015e-06	8.007224e+01	3.292452e+00
8.596574849433946e-06	7.916310e+01	3.307357e+00
8.599647847837332e-06	7.807861e+01	3.342330e+00
8.603068438432681e-06	7.719544e+01	3.394913e+00
8.605108937445366e-06	7.694078e+01	3.431251e+00
8.607014508555479e-06	7.696406e+01	3.466487e+00
8.608806663654510e-06	7.720142e+01	3.497852e+00
8.611109653722316e-06	7.775425e+01	3.532953e+00
8.613584341509737e-06	7.854523e+01	3.562337e+00
8.615936058478408e-06	7.937764e+01	3.579727e+00
8.619035483348051e-06	8.036314e+01	3.587751e+00
8.622484425716459e-06	8.114129e+01	3.583715e+00
8.624368699495834e-06	8.131859e+01	3.577287e+00
8.626338599532806e-06	8.123593e+01	3.569529e+00
8.628310532116435e-06	8.092633e+01	3.563924e+00
8.630570509172517e-06	8.034932e+01	3.562619e+00
8.632915211209315e-06	7.959892e+01	3.568953e+00
8.635395839663664e-06	7.877061e+01	3.585912e+00
8.638629593564092e-06	7.787148e+01	3.621678e+00
8.642335626633031e-06	7.722117e+01	3.674065e+00
8.644225295952454e-06	7.714546e+01	3.703419e+00
8.646623022698791e-06	7.736884e+01	3.739871e+00
8.648959010443151e-06	7.782519e+01	3.771033e+00
8.651269730881864e-06	7.845855e+01	3.795113e+00
8.653608015086355e-06	7.918092e+01	3.810646e+00
8.656587234260045e-06	8.002823e+01	3.818114e+00
8.660030089689771e-06	8.075286e+01	3.815049e+00
8.662025550528870e-06	8.095554e+01	3.808998e+00
8.663906464028913e-06	8.093137e+01	3.801950e+00
8.665679306740839e-06	8.073068e+01	3.796549e+00
8.667970905789428e-06	8.026878e+01	3.793484e+00
8.670335000485641e-06	7.964195e+01	3.796481e+00
8.672683436077418e-06	7.895941e+01	3.807617e+00
8.675793465877699e-06	7.815323e+01	3.833915e+00
8.679290267418648e-06	7.750951e+01	3.873666e+00
8.681259063596271e-06	7.735275e+01	3.899383e+00
8.683251084716428e-06	7.740786e+01	3.926067e+00
8.685230181495793e-06	7.764308e+01	3.950695e+00
8.687507928650691e-06	7.809374e+01	3.974729e+00
8.689870427743433e-06	7.869032e+01	3.993301e+00
8.692250309285388e-06	7.933051e+01	4.003832e+00
8.695460516717849e-06	8.007075e+01	4.006543e+00
8.699043471258129e-06	8.061736e+01	3.999918e+00
8.700831831582160e-06	8.070037e+01	3.994036e+00
8.702967495411896e-06	8.057233e+01	3.986839e+00
8.705154489948854e-06	8.025685e+01	3.981994e+00
8.707431664986524e-06	7.977354e+01	3.981547e+00
8.709761584098351e-06	7.919401e+01	3.987533e+00
8.712563237934356e-06	7.851986e+01	4.003685e+00
8.715916298407023e-06	7.788561e+01	4.032495e+00
8.718400365452471e-06	7.761593e+01	4.058564e+00
8.720219552435569e-06	7.758663e+01	4.079018e+00
8.722218250949831e-06	7.773000e+01	4.100582e+00
8.724720565384690e-06	7.810212e+01	4.123968e+00
8.727330041143217e-06	7.864408e+01	4.142446e+00
8.729701289728367e-06	7.919928e+01	4.152080e+00
8.732784813454639e-06	7.985519e+01	4.154676e+00
8.736215745236398e-06	8.038107e+01	4.148915e+00
8.738159647892217e-06	8.051434e+01	4.142673e+00
8.740084938027419e-06	8.047793e+01	4.135680e+00
8.741967175657581e-06	8.030128e+01	4.130036e+00
8.744238997217021e-06	7.994096e+01	4.126380e+00
8.746584804745352e-06	7.946430e+01	4.127391e+00
8.748955065474607e-06	7.895028e+01	4.134683e+00
8.752146455833823e-06	7.835467e+01	4.153303e+00
8.755719152963137e-06	7.790622e+01	4.181552e+00
8.757516297349987e-06	7.782932e+01	4.197734e+00
8.759632090850305e-06	7.791533e+01	4.216876e+00
8.761796047361580e-06	7.815013e+01	4.234443e+00
8.764070768314815e-06	7.852713e+01	4.249176e+00
8.766414903992165e-06	7.899758e+01	4.259066e+00
8.769069501202299e-06	7.953356e+01	4.263101e+00
8.772371631754611e-06	8.007787e+01	4.259712e+00
8.775228482708112e-06	8.036699e+01	4.251603e+00
8.776994332510852e-06	8.040440e+01	4.245124e+00
8.779290505367121e-06	8.027785e+01	4.237107e+00
8.781549648259957e-06	8.001206e+01	4.231499e+00
8.783840502526380e-06	7.963158e+01	4.229589e+00
8.786163096534498e-06	7.919601e+01	4.232708e+00
8.789116144305074e-06	7.868411e+01	4.243773e+00
8.792535386350426e-06	7.824105e+01	4.263363e+00
8.794583428833244e-06	7.810714e+01	4.277651e+00
8.796469444010264e-06	7.811120e+01	4.291581e+00
8.798197838600916e-06	7.821969e+01	4.303597e+00
8.800519835291566e-06	7.849386e+01	4.317222e+00
8.803066595940927e-06	7.890103e+01	4.327937e+00
8.805422970034131e-06	7.932449e+01	4.332550e+00
8.808511044044147e-06	7.983317e+01	4.331046e+00
8.811931014886800e-06	8.024593e+01	4.322724e+00
8.813923884454172e-06	8.036066e+01	4.315464e+00
8.815796698587808e-06	8.034689e+01	4.307939e+00
8.817560214686171e-06	8.023458e+01	4.301585e+00
8.819837567047283e-06	7.997719e+01	4.295619e+00
8.822211404312875e-06	7.962518e+01	4.292917e+00
8.824554539556539e-06	7.924597e+01	4.294850e+00
8.827652862914206e-06	7.880317e+01	4.303867e+00
8.831138020909965e-06	7.845606e+01	4.319624e+00
8.833013872543912e-06	7.838255e+01	4.329819e+00
8.835064223714287e-06	7.843006e+01	4.341238e+00
8.837142422797987e-06	7.858744e+01	4.351560e+00
8.839409699953120e-06	7.886195e+01	4.360207e+00
8.841771444611617e-06	7.921900e+01	4.365368e+00
8.844291301589142e-06	7.961585e+01	4.365771e+00
8.847551768369837e-06	8.004906e+01	4.359658e+00
8.850875570333265e-06	8.033775e+01	4.348444e+00
8.852600057172241e-06	8.038441e+01	4.341300e+00
8.854684203636288e-06	8.031926e+01	4.332634e+00
8.856813305865784e-06	8.015284e+01	4.325143e+00
8.859072784694685e-06	7.988953e+01	4.319723e+00
8.861392335300826e-06	7.956992e+01	4.317715e+00
8.864102185035741e-06	7.920585e+01	4.320219e+00
8.867412395037019e-06	7.885474e+01	4.328585e+00
8.869931079018161e-06	7.870262e+01	4.337693e+00
8.871793271732577e-06	7.868852e+01	4.345258e+00
8.873698199790502e-06	7.877183e+01	4.352508e+00
8.876292216127495e-06	7.900142e+01	4.360269e+00
8.878793992309767e-06	7.930845e+01	4.364509e+00
8.881194916331785e-06	7.964220e+01	4.364396e+00
8.884252551500409e-06	8.003133e+01	4.358552e+00
8.887732628019333e-06	8.035636e+01	4.346705e+00
8.889762914029642e-06	8.044805e+01	4.337929e+00
8.891618858416510e-06	8.044013e+01	4.329378e+00
8.893347660177141e-06	8.035937e+01	4.321960e+00
8.895614171671964e-06	8.016960e+01	4.313931e+00
8.898028425996825e-06	7.990379e+01	4.308084e+00
8.900364841899021e-06	7.962335e+01	4.305889e+00
8.903442132222655e-06	7.929906e+01	4.307823e+00
8.906898327349634e-06	7.904832e+01	4.314134e+00
8.908709130183139e-06	7.900000e+01	4.318657e+00
8.910794456000627e-06	7.904340e+01	4.324046e+00
8.912921641500885e-06	7.917282e+01	4.328533e+00
8.915189799365747e-06	7.938934e+01	4.331284e+00
8.917550701369444e-06	7.966795e+01	4.331155e+00
8.920152466837035e-06	7.998477e+01	4.326954e+00
8.923438516150723e-06	8.032035e+01	4.316587e+00
8.926647637541134e-06	8.053422e+01	4.302860e+00
8.928336209179031e-06	8.057073e+01	4.294688e+00
8.930371743434749e-06	8.052680e+01	4.284834e+00
8.932446188707645e-06	8.040950e+01	4.275774e+00
8.934691570381688e-06	8.021773e+01	4.267835e+00
8.937000320617679e-06	7.998272e+01	4.262291e+00
8.939622379616748e-06	7.972050e+01	4.259504e+00
8.942891940485322e-06	7.946111e+01	4.259997e+00
8.945465453800529e-06	7.934499e+01	4.262535e+00
8.947359276467798e-06	7.933530e+01	4.265079e+00
8.949214180414268e-06	7.939920e+01	4.267231e+00
8.951866647281265e-06	7.958179e+01	4.268707e+00
8.954300521005021e-06	7.981345e+01	4.267680e+00
8.956720281505115e-06	8.007552e+01	4.263457e+00
8.959766089271114e-06	8.037954e+01	4.253808e+00
8.963276975353142e-06	8.064024e+01	4.238627e+00
8.965362332201423e-06	8.071907e+01	4.228117e+00
8.967159998767437e-06	8.072019e+01	4.218631e+00
8.968789493442528e-06	8.066894e+01	4.210392e+00
8.971074221413171e-06	8.053253e+01	4.200111e+00
8.973613770782191e-06	8.032888e+01	4.190826e+00
8.975949307003616e-06	8.012242e+01	4.184919e+00
8.978968074189165e-06	7.988715e+01	4.180881e+00
8.982354812112486e-06	7.970555e+01	4.179409e+00
8.984124564559399e-06	7.967139e+01	4.179549e+00
8.986222292728931e-06	7.970628e+01	4.179878e+00
8.988364962989269e-06	7.980772e+01	4.179469e+00
8.990630976542468e-06	7.997597e+01	4.177508e+00
8.993001219518789e-06	8.019392e+01	4.173168e+00
8.995632803037370e-06	8.044460e+01	4.165208e+00
8.998930808384399e-06	8.070960e+01	4.151315e+00
9.002209026540715e-06	8.088328e+01	4.134658e+00
9.003959091264119e-06	8.091547e+01	4.125011e+00
9.005955391297760e-06	8.088628e+01	4.114005e+00
9.007983850721338e-06	8.080301e+01	4.103555e+00
9.010220442210201e-06	8.066295e+01	4.093435e+00
9.012516766268463e-06	8.049089e+01	4.084994e+00
9.015056073518151e-06	8.030366e+01	4.078207e+00
9.018286042729146e-06	8.011506e+01	4.072527e+00
9.020849447396862e-06	8.002979e+01	4.069637e+00
9.022592617415753e-06	8.002365e+01	4.068168e+00
9.024435082996319e-06	8.007186e+01	4.066411e+00
9.027042942927030e-06	8.020854e+01	4.062799e+00
9.029523572977618e-06	8.039066e+01	4.057569e+00
9.031930859479037e-06	8.059432e+01	4.050088e+00
9.034990535993987e-06	8.083774e+01	4.037231e+00
9.038462409169473e-06	8.104914e+01	4.019499e+00
9.040640705383423e-06	8.112296e+01	4.007117e+00
9.042328331389721e-06	8.113095e+01	3.997192e+00
9.044329521083997e-06	8.108901e+01	3.985747e+00
9.046665792528364e-06	8.098901e+01	3.973369e+00
9.048969721089180e-06	8.085314e+01	3.962657e+00
9.051299550578609e-06	8.070105e+01	3.953758e+00
9.054153165201579e-06	8.053674e+01	3.945372e+00
9.057553138401901e-06	8.040183e+01	3.937730e+00
9.059352512915437e-06	8.037691e+01	3.934405e+00
9.061493519363849e-06	8.040667e+01	3.930610e+00
9.063685956729203e-06	8.048955e+01	3.926158e+00
9.065953654099053e-06	8.062273e+01	3.920389e+00
9.068331553163236e-06	8.079502e+01	3.912569e+00
9.071031848737304e-06	8.099718e+01	3.901213e+00
9.074354054502465e-06	8.120715e+01	3.884226e+00
9.077617665575531e-06	8.134380e+01	3.865384e+00
9.079407353444639e-06	8.137128e+01	3.854481e+00
9.081353800711384e-06	8.135259e+01	3.842642e+00
9.083318338344147e-06	8.129470e+01	3.831239e+00
9.085542851854529e-06	8.119341e+01	3.819383e+00
9.087823057771236e-06	8.106854e+01	3.808678e+00
9.090259113165450e-06	8.093693e+01	3.799077e+00
9.093440266207322e-06	8.080103e+01	3.788738e+00
9.095999268538118e-06	8.074139e+01	3.781659e+00
9.097991643447381e-06	8.074120e+01	3.776589e+00
9.099862596405819e-06	8.078380e+01	3.771675e+00
9.102252805570669e-06	8.088640e+01	3.764615e+00
9.104688018114420e-06	8.102897e+01	3.756115e+00
9.107044970998150e-06	8.118630e+01	3.746124e+00
9.110190459270445e-06	8.138485e+01	3.730173e+00
9.113644738266896e-06	8.155360e+01	3.710259e+00
9.115884245582136e-06	8.161698e+01	3.696348e+00
9.117491826545027e-06	8.162599e+01	3.686132e+00
9.119718397356514e-06	8.159470e+01	3.672254e+00
9.121851636992763e-06	8.152972e+01	3.659640e+00
9.124088652494319e-06	8.143376e+01	3.647502e+00
9.126364249773681e-06	8.132530e+01	3.636544e+00
9.129108276170672e-06	8.120876e+01	3.625147e+00
9.132422016903850e-06	8.111060e+01	3.613143e+00
9.134229807499398e-06	8.109152e+01	3.607179e+00
9.136379513288980e-06	8.111399e+01	3.600266e+00
9.138581141444865e-06	8.117799e+01	3.592803e+00
9.140872203387067e-06	8.128255e+01	3.584180e+00
9.143268502370288e-06	8.141870e+01	3.573823e+00
9.145985498268252e-06	8.158003e+01	3.560181e+00
9.149309501406727e-06	8.174872e+01	3.541153e+00
9.152746098473076e-06	8.186642e+01	3.519706e+00
9.154642182356102e-06	8.189234e+01	3.507405e+00
9.156527343672512e-06	8.188173e+01	3.495188e+00
9.158402989472826e-06	8.184291e+01	3.483435e+00
9.160612982385917e-06	8.177069e+01	3.470381e+00
9.162873137401522e-06	8.168102e+01	3.458101e+00
9.165176731650413e-06	8.159019e+01	3.446893e+00
9.168296657566989e-06	8.149271e+01	3.433361e+00
9.170891849151322e-06	8.144926e+01	3.423083e+00
9.172946802757885e-06	8.145170e+01	3.415319e+00
9.174938842342756e-06	8.148977e+01	3.407687e+00
9.177345405023914e-06	8.157377e+01	3.397862e+00
9.179801796603351e-06	8.168924e+01	3.386809e+00
9.182222612806713e-06	8.181748e+01	3.374516e+00
9.185441697134061e-06	8.197684e+01	3.356119e+00
9.188969721914576e-06	8.211049e+01	3.334124e+00
9.191169254956120e-06	8.215813e+01	3.319708e+00
9.192742679377354e-06	8.216476e+01	3.309264e+00
9.194964795072366e-06	8.214154e+01	3.294766e+00
9.197058000616263e-06	8.209441e+01	3.281653e+00
9.199279983560412e-06	8.202447e+01	3.268582e+00
9.201539036054318e-06	8.194644e+01	3.256351e+00
9.204245546579707e-06	8.186510e+01	3.243057e+00
9.207537568717185e-06	8.180054e+01	3.228206e+00
9.209503814032839e-06	8.179209e+01	3.219799e+00
9.211800028523505e-06	8.182132e+01	3.210064e+00
9.214267055256141e-06	8.188916e+01	3.199183e+00
9.216606165608069e-06	8.198199e+01	3.188098e+00
9.218971926329673e-06	8.209241e+01	3.175769e+00
9.222024373659182e-06	8.223252e+01	3.158195e+00
9.225456459011221e-06	8.236034e+01	3.136759e+00
9.228158066397807e-06	8.242434e+01	3.119000e+00
9.229840513586778e-06	8.243867e+01	3.107735e+00
9.231695202819804e-06	8.242995e+01	3.095410e+00
9.233539515909593e-06	8.240137e+01	3.083490e+00
9.235738283453261e-06	8.234831e+01	3.069912e+00
9.237985677667735e-06	8.228333e+01	3.056864e+00
9.240270308999157e-06	8.221906e+01	3.044596e+00
9.243374694220552e-06	8.215167e+01	3.029149e+00
9.245694258096159e-06	8.212713e+01	3.018255e+00
9.247807235727344e-06	8.213375e+01	3.008617e+00
9.249929094715470e-06	8.216921e+01	2.998841e+00
9.252330378942088e-06	8.223867e+01	2.987310e+00
9.254796007644724e-06	8.233261e+01	2.974661e+00
9.257359123055901e-06	8.244053e+01	2.960368e+00
9.260625554168665e-06	8.256611e+01	2.940574e+00
9.264294147011457e-06	8.267076e+01	2.916950e+00
9.266503206632290e-06	8.270457e+01	2.902259e+00
9.268111122280377e-06	8.270768e+01	2.891516e+00
9.270092794137016e-06	8.269006e+01	2.878512e+00
9.272324049174388e-06	8.265101e+01	2.864370e+00
9.274584944858977e-06	8.259815e+01	2.850747e+00
9.276868930983619e-06	8.254170e+01	2.837846e+00
9.279645376558237e-06	8.248495e+01	2.823203e+00
9.282548638934541e-06	8.245107e+01	2.808732e+00
9.284660208386829e-06	8.245106e+01	2.798547e+00
9.286702045902234e-06	8.247670e+01	2.788713e+00
9.289168980892432e-06	8.253522e+01	2.776488e+00
9.291677185483280e-06	8.261675e+01	2.763410e+00
9.294096766725093e-06	8.270681e+01	2.749893e+00
9.297322767430421e-06	8.282166e+01	2.730522e+00
9.300815901217294e-06	8.291974e+01	2.708331e+00
9.303233275762196e-06	8.296138e+01	2.692452e+00
9.304838141293124e-06	8.297064e+01	2.681814e+00
9.306673207671258e-06	8.296369e+01	2.669767e+00
9.308498147254044e-06	8.294241e+01	2.658069e+00
9.310689887711432e-06	8.290325e+01	2.644533e+00
9.312927115952928e-06	8.285616e+01	2.631372e+00
9.315238493784659e-06	8.281017e+01	2.618561e+00
9.318344380543770e-06	8.276413e+01	2.602263e+00
9.320314183025532e-06	8.275175e+01	2.592337e+00
9.322472030896537e-06	8.276057e+01	2.581684e+00
9.324677711088177e-06	8.279191e+01	2.570717e+00
9.327064770648222e-06	8.284825e+01	2.558502e+00
9.329532834597719e-06	8.292365e+01	2.545255e+00
9.332175184268452e-06	8.301166e+01	2.530187e+00
9.335468809939438e-06	8.311051e+01	2.510221e+00
9.339218270156571e-06	8.319270e+01	2.486463e+00
9.341447661352802e-06	8.321825e+01	2.472029e+00
9.343041575062708e-06	8.322010e+01	2.461708e+00
9.344971620058794e-06	8.320675e+01	2.449423e+00
9.347204660938391e-06	8.317738e+01	2.435626e+00
9.349467874009041e-06	8.313843e+01	2.422212e+00
9.351746964844805e-06	8.309804e+01	2.409385e+00
9.354577241542357e-06	8.305773e+01	2.394263e+00
9.357108044590710e-06	8.303896e+01	2.381292e+00
9.359267014929674e-06	8.304227e+01	2.370492e+00
9.361433020400109e-06	8.306603e+01	2.359665e+00
9.363889856724349e-06	8.311411e+01	2.347128e+00
9.366402499415248e-06	8.317994e+01	2.333811e+00
9.368903656007474e-06	8.325356e+01	2.319853e+00
9.372156757106184e-06	8.334341e+01	2.300694e+00
9.375730480364420e-06	8.341993e+01	2.278763e+00
9.378043997442007e-06	8.344961e+01	2.264238e+00
9.379618916338113e-06	8.345597e+01	2.254313e+00
9.381436441761226e-06	8.345043e+01	2.242978e+00
9.383243294445088e-06	8.343444e+01	2.231950e+00
9.385430252290500e-06	8.340531e+01	2.219020e+00
9.387659522185193e-06	8.337094e+01	2.206368e+00
9.390061096829417e-06	8.333704e+01	2.193388e+00
9.393192732306881e-06	8.330633e+01	2.177185e+00
9.395159458130337e-06	8.330109e+01	2.167323e+00
9.397606956064203e-06	8.331541e+01	2.155221e+00
9.400033615737641e-06	8.334885e+01	2.143120e+00
9.402360804513498e-06	8.339711e+01	2.131217e+00
9.404772304650204e-06	8.345785e+01	2.118389e+00
9.407645325847152e-06	8.353222e+01	2.102377e+00
9.411012629149898e-06	8.360638e+01	2.082783e+00
9.414430990959510e-06	8.365759e+01	2.062319e+00
9.416474938649578e-06	8.367138e+01	2.049963e+00
9.418141050250768e-06	8.367051e+01	2.039945e+00
9.419673409733715e-06	8.366125e+01	2.030887e+00
9.421830633356988e-06	8.363901e+01	2.018466e+00
9.424104089197507e-06	8.360976e+01	2.005824e+00
9.426402185452586e-06	8.358017e+01	1.993597e+00
9.429355853762629e-06	8.355044e+01	1.978540e+00
9.431544151747672e-06	8.354006e+01	1.967754e+00
9.433735227456429e-06	8.354466e+01	1.957170e+00
9.435971720342248e-06	8.356510e+01	1.946379e+00
9.438406595653051e-06	8.360332e+01	1.934451e+00
9.440911989044936e-06	8.365507e+01	1.921820e+00
9.443379076970884e-06	8.371162e+01	1.908884e+00
9.446622467211336e-06	8.378088e+01	1.891161e+00
9.450168709601447e-06	8.383926e+01	1.871173e+00
9.452491595237333e-06	8.386202e+01	1.857867e+00
9.454091537524467e-06	8.386691e+01	1.848696e+00
9.455882147150248e-06	8.386271e+01	1.838541e+00
9.457651869477599e-06	8.385082e+01	1.828702e+00
9.459834610012204e-06	8.382889e+01	1.816907e+00
9.462056956896278e-06	8.380325e+01	1.805329e+00
9.464613106054998e-06	8.377673e+01	1.792576e+00
9.467792734253323e-06	8.375525e+01	1.777315e+00
9.469910875672008e-06	8.375245e+01	1.767423e+00
9.471857498861026e-06	8.376273e+01	1.758439e+00
9.474655698617453e-06	8.379444e+01	1.745445e+00
9.477061810262166e-06	8.383384e+01	1.734040e+00
9.479518376307472e-06	8.388211e+01	1.722020e+00
9.482354359534719e-06	8.393798e+01	1.707626e+00
9.485744960268709e-06	8.399346e+01	1.689856e+00
9.488952570363159e-06	8.402811e+01	1.672715e+00
9.490919894109412e-06	8.403699e+01	1.662157e+00
9.492597798920290e-06	8.403553e+01	1.653222e+00
9.494120450987328e-06	8.402795e+01	1.645251e+00
9.496272443132753e-06	8.401044e+01	1.634258e+00
9.498457610738910e-06	8.398871e+01	1.623452e+00
9.500885322008529e-06	8.396506e+01	1.611927e+00
9.503976520745792e-06	8.394188e+01	1.597802e+00
9.505857862434475e-06	8.393555e+01	1.589463e+00
9.508026297724643e-06	8.393942e+01	1.580030e+00
9.510250565080322e-06	8.395492e+01	1.570379e+00
9.512663016077932e-06	8.398367e+01	1.559802e+00
9.515153876877382e-06	8.402264e+01	1.548646e+00
9.517446714489354e-06	8.406253e+01	1.538062e+00
9.520570268657075e-06	8.411380e+01	1.523173e+00
9.523927749376888e-06	8.415701e+01	1.506774e+00
9.526431632521803e-06	8.417668e+01	1.494387e+00
9.528146781492730e-06	8.418126e+01	1.485907e+00
9.529892639653567e-06	8.417844e+01	1.477365e+00
9.531578902504002e-06	8.416991e+01	1.469266e+00
9.533754593101969e-06	8.415310e+01	1.459087e+00
9.535967933261990e-06	8.413315e+01	1.449087e+00
9.538742850729350e-06	8.411016e+01	1.437065e+00
9.541981322226033e-06	8.409212e+01	1.423562e+00
9.544090405057398e-06	8.408925e+01	1.415014e+00
9.546097110132742e-06	8.409666e+01	1.406992e+00
9.548834677110812e-06	8.411931e+01	1.396022e+00
9.551169585814959e-06	8.414754e+01	1.386524e+00
9.553610820262249e-06	8.418317e+01	1.376354e+00
9.556091265517423e-06	8.421987e+01	1.365723e+00
9.559362369754128e-06	8.426030e+01	1.351334e+00
9.563044660143588e-06	8.429030e+01	1.334888e+00
9.565116072456121e-06	8.429684e+01	1.325622e+00
9.566872869174448e-06	8.429450e+01	1.317841e+00
9.568558325026632e-06	8.428677e+01	1.310516e+00
9.570742364103395e-06	8.427150e+01	1.301272e+00
9.572957788437861e-06	8.425336e+01	1.292225e+00
9.575934863670701e-06	8.423083e+01	1.280586e+00
9.579238572894617e-06	8.421386e+01	1.268171e+00
9.581344819693468e-06	8.421100e+01	1.260489e+00
9.583361733648960e-06	8.421720e+01	1.253241e+00
9.586075477796955e-06	8.423630e+01	1.243475e+00
9.588397127365339e-06	8.426021e+01	1.235009e+00
9.590813665562452e-06	8.429016e+01	1.226011e+00
9.593038561017739e-06	8.431812e+01	1.217515e+00
9.596210139555533e-06	8.435309e+01	1.205131e+00
9.598583488479777e-06	8.437330e+01	1.195733e+00
9.599583488479778e-06	8.437924e+01	1.191747e+00
9.600000000000000e-06	8.438087e+01	1.190086e+00
9.600833023040445e-06	8.438321e+01	1.186766e+00
9.601000000000000e-06	8.438354e+01	1.186102e+00
9.601333953919109e-06	8.438390e+01	1.184776e+00
9.602000000000001e-06	8.438425e+01	1.182137e+00
9.602199813824267e-06	8.438414e+01	1.181348e+00
9.602466232256622e-06	8.438387e+01	1.180298e+00
9.602999999999999e-06	8.438312e+01	1.178199e+00
9.603013032301312e-06	8.438309e+01	1.178147e+00
9.603078991703872e-06	8.438295e+01	1.177889e+00
9.603144951106432e-06	8.438281e+01	1.177631e+00
9.603210910508992e-06	8.438265e+01	1.177372e+00
9.603276869911554e-06	8.438248e+01	1.177114e+00
9.603342829314114e-06	8.438231e+01	1.176857e+00
9.603408788716674e-06	8.438212e+01	1.176599e+00
9.603474748119234e-06	8.438193e+01	1.176342e+00
9.603951357995799e-06	8.438029e+01	1.174490e+00
9.604904577748930e-06	8.437587e+01	1.170827e+00
9.606811017255190e-06	8.436414e+01	1.163643e+00
9.608966464637522e-06	8.434821e+01	1.155778e+00
9.611994516870317e-06	8.432565e+01	1.145204e+00
9.615254642650086e-06	8.430445e+01	1.134236e+00
9.615473842017154e-06	8.430336e+01	1.133519e+00
9.615912240751292e-06	8.430180e+01	1.132110e+00
9.616789038219566e-06	8.429977e+01	1.129315e+00
9.618542633156116e-06	8.429803e+01	1.123768e+00
9.618742083693408e-06	8.429810e+01	1.123141e+00
9.619140984767992e-06	8.429865e+01	1.121891e+00
9.619240710036637e-06	8.429882e+01	1.121579e+00
9.619265641353800e-06	8.429887e+01	1.121502e+00
9.619315503988123e-06	8.429897e+01	1.121346e+00
9.619327969646703e-06	8.429900e+01	1.121307e+00
9.619352900963864e-06	8.429904e+01	1.121229e+00
9.619359133793155e-06	8.429906e+01	1.121209e+00
9.619371599451736e-06	8.429908e+01	1.121170e+00
9.619396530768897e-06	8.429913e+01	1.121093e+00
9.619397309872558e-06	8.429914e+01	1.121091e+00
9.619398868079881e-06	8.429914e+01	1.121086e+00
9.619401984494527e-06	8.429915e+01	1.121076e+00
9.619408217323816e-06	8.429916e+01	1.121057e+00
9.619420682982397e-06	8.429919e+01	1.121019e+00
9.619445614299559e-06	8.429925e+01	1.120945e+00
9.619495476933883e-06	8.429937e+01	1.120798e+00
9.619595202202528e-06	8.429963e+01	1.120510e+00
9.619689777730416e-06	8.429991e+01	1.120238e+00
9.619878928786191e-06	8.430055e+01	1.119698e+00
9.620053172411614e-06	8.430125e+01	1.119201e+00
9.620401659662462e-06	8.430302e+01	1.118204e+00
9.620958790216633e-06	8.430675e+01	1.116602e+00
9.622073051324979e-06	8.431711e+01	1.113359e+00
9.623835697223675e-06	8.433901e+01	1.108107e+00
9.625801654548369e-06	8.436912e+01	1.102040e+00
9.627664331841482e-06	8.440061e+01	1.096014e+00
9.630141361464027e-06	8.444053e+01	1.087573e+00
9.632890106642868e-06	8.447853e+01	1.077829e+00
9.633319923383969e-06	8.448302e+01	1.076261e+00
9.634179556866167e-06	8.448873e+01	1.073062e+00
9.635898823830567e-06	8.449232e+01	1.066594e+00
9.638357198231519e-06	8.448158e+01	1.057219e+00
9.640249118769032e-06	8.445837e+01	1.049814e+00
9.641720568334834e-06	8.442552e+01	1.043564e+00
9.643301844254546e-06	8.436762e+01	1.035578e+00
9.644842276956734e-06	8.426983e+01	1.025608e+00
9.646862942169027e-06	8.405509e+01	1.009227e+00
9.648681599016512e-06	8.372150e+01	9.919624e-01
9.652318912711484e-06	8.273249e+01	9.542027e-01
9.654056886194956e-06	8.211076e+01	9.349357e-01
9.655164512169581e-06	8.162404e+01	9.219446e-01
9.656235361286366e-06	8.109778e+01	9.093942e-01
9.656954277744448e-06	8.071648e+01	9.012763e-01
9.657700389008530e-06	8.029436e+01	8.930250e-01
9.658725907058243e-06	7.967854e+01	8.814490e-01
9.659826812045733e-06	7.897323e+01	8.680881e-01
9.660895860294516e-06	7.823631e+01	8.532834e-01
9.661913752819636e-06	7.747405e+01	8.363969e-01
9.662938137959867e-06	7.663026e+01	8.154920e-01
9.663966371145358e-06	7.568481e+01	7.894857e-01
9.665004919846589e-06	7.460355e+01	7.571269e-01
9.666036932480889e-06	7.337361e+01	7.180602e-01
9.667071353864289e-06	7.195379e+01	6.713066e-01
9.668102071586168e-06	7.032225e+01	6.167212e-01
9.669136175965822e-06	6.844006e+01	5.537728e-01
9.670168007169472e-06	6.629480e+01	4.829643e-01
9.671201869661721e-06	6.386296e+01	4.045208e-01
9.672233907882407e-06	6.114929e+01	3.196216e-01
9.673267401286818e-06	5.815299e+01	2.292387e-01
9.674299678754457e-06	5.490269e+01	1.351599e-01
9.675333000401655e-06	5.142523e+01	3.898513e-02
9.676365450636931e-06	4.777251e+01	-5.713356e-02
9.677398626411860e-06	4.399390e+01	-1.513003e-01
9.678431186628081e-06	4.015591e+01	-2.413830e-01
9.679464259038717e-06	3.631875e+01	-3.255876e-01
9.680506683881953e-06	3.252382e+01	-4.022412e-01
9.681825860118193e-06	2.792692e+01	-4.854103e-01
9.683326666127615e-06	2.309684e+01	-5.593354e-01
9.685238518186126e-06	1.770056e+01	-6.205023e-01
9.687520472715708e-06	1.237037e+01	-6.509221e-01
9.689800043398102e-06	8.184212e+00	-6.421023e-01
9.691723839422648e-06	5.544751e+00	-6.082317e-01
9.694069403034703e-06	3.218936e+00	-5.466752e-01
9.696293034071490e-06	1.588424e+00	-4.802544e-01
9.697206685587149e-06	1.081127e+00	-4.525548e-01
9.698172696968684e-06	6.514695e-01	-4.245047e-01
9.699000000000000e-06	3.381092e-01	-4.022281e-01
9.700000000000000e-06	4.318897e-03	-3.771841e-01
9.700100000000001e-06	-2.450545e-02	-3.749453e-01
9.700299999999999e-06	-8.114129e-02	-3.705255e-01
9.700425459340080e-06	-1.158647e-01	-3.678084e-01
9.700507536577212e-06	-1.381177e-01	-3.660642e-01
9.700589613814343e-06	-1.600508e-01	-3.643460e-01
9.700671691051475e-06	-1.816639e-01	-3.626538e-01
9.700753768288606e-06	-2.029572e-01	-3.609877e-01
9.700835845525738e-06	-2.239305e-01	-3.593476e-01
9.700917922762869e-06	-2.445839e-01	-3.577335e-01
9.701000000000001e-06	-2.649174e-01	-3.561454e-01
9.701069696189032e-06	-2.819298e-01	-3.548206e-01
9.701139392378065e-06	-2.986937e-01	-3.535197e-01
9.701209088567096e-06	-3.152090e-01	-3.522427e-01
9.701278784756127e-06	-3.314757e-01	-3.509897e-01
9.701348480945158e-06	-3.474939e-01	-3.497606e-01
9.701418177134191e-06	-3.632636e-01	-3.485554e-01
9.701487873323222e-06	-3.787846e-01	-3.473742e-01
9.701991484495580e-06	-4.822837e-01	-3.395868e-01
9.702998706840297e-06	-6.356344e-01	-3.268831e-01
9.703914740416451e-06	-6.972537e-01	-3.187601e-01
9.704813961754844e-06	-7.058366e-01	-3.147893e-01
9.705842680618943e-06	-7.054443e-01	-3.146916e-01
9.706873116080192e-06	-7.051050e-01	-3.193649e-01
9.708835073638251e-06	-7.041381e-01	-3.368207e-01
9.711010684560701e-06	-7.035857e-01	-3.621833e-01
9.713076541872251e-06	-7.030654e-01	-3.865759e-01
9.715168154917766e-06	-7.019857e-01	-4.071496e-01
9.715531096277617e-06	-7.018581e-01	-4.095327e-01
9.716256978997316e-06	-7.017257e-01	-4.124519e-01
9.716438449677240e-06	-7.015920e-01	-4.129083e-01
9.716892126377053e-06	-7.011633e-01	-4.133812e-01
9.717073597056979e-06	-7.010022e-01	-4.133258e-01
9.717118964726959e-06	-7.009601e-01	-4.132930e-01
9.717209700066921e-06	-7.008728e-01	-4.131948e-01
9.717232383901912e-06	-7.008502e-01	-4.131654e-01
9.717277751571893e-06	-7.007967e-01	-4.130947e-01
9.717368486911855e-06	-6.979384e-01	-4.129214e-01
9.717549957591781e-06	-6.812133e-01	-4.124767e-01
9.717771685546891e-06	-6.534446e-01	-4.117822e-01
9.717980488947385e-06	-6.262717e-01	-4.109500e-01
9.718248279317545e-06	-5.851408e-01	-4.096357e-01
9.718502655772028e-06	-5.328192e-01	-4.080955e-01
9.719011408680993e-06	-4.041582e-01	-4.044578e-01
9.719206543459617e-06	-3.477511e-01	-4.028810e-01
9.719395446827703e-06	-2.875549e-01	-4.011908e-01
9.719505999646008e-06	-2.490262e-01	-4.001396e-01
9.719540187794082e-06	-2.356176e-01	-3.998064e-01
9.719584081060108e-06	-2.167814e-01	-3.993732e-01
9.719647354559695e-06	-1.868569e-01	-3.987386e-01
9.719756525692519e-06	-1.311184e-01	-3.976223e-01
9.719869268797686e-06	-7.102376e-02	-3.964411e-01
9.720031492902910e-06	1.699567e-02	-3.946863e-01
9.720721182573612e-06	3.928508e-01	-3.864908e-01
9.721319355974776e-06	7.129581e-01	-3.784543e-01
9.722306574250455e-06	1.210029e+00	-3.634086e-01
9.723332330774831e-06	1.683072e+00	-3.457042e-01
9.723996289956155e-06	1.968742e+00	-3.327356e-01
9.724904916174068e-06	2.319448e+00	-3.127009e-01
9.726249219960552e-06	2.610144e+00	-2.787574e-01
9.727764231432137e-06	2.465016e+00	-2.331240e-01
9.729314821439652e-06	1.946809e+00	-1.770176e-01
9.730583216324234e-06	1.456779e+00	-1.236044e-01
9.732066166547572e-06	9.047448e-01	-5.458801e-02
9.733416462658330e-06	4.441166e-01	1.152989e-02
9.734217340647431e-06	2.447772e-01	5.143313e-02
9.734812029799906e-06	1.662029e-01	8.080596e-02
9.735333875181711e-06	1.345848e-01	1.059806e-01
9.735841634786367e-06	1.178289e-01	1.297187e-01
9.736378918827911e-06	1.068279e-01	1.537751e-01
9.737132533903609e-06	9.685143e-02	1.855488e-01
9.737971732854059e-06	8.966655e-02	2.176953e-01
9.739207317471366e-06	8.304655e-02	2.583837e-01
9.740564562017719e-06	7.838598e-02	2.925095e-01
9.742592748438846e-06	7.359239e-02	3.228391e-01
9.744793389756464e-06	6.925371e-02	3.278128e-01
9.748317223792928e-06	6.264933e-02	2.945884e-01
9.750420436209945e-06	5.874722e-02	2.588850e-01
9.752285145314781e-06	5.557288e-02	2.218115e-01
9.754062669725825e-06	5.328989e-02	1.915152e-01
9.756338164406572e-06	5.187859e-02	1.683704e-01
9.758696262376044e-06	5.245255e-02	1.685668e-01
9.761013309015789e-06	5.546779e-02	1.996971e-01
9.764087477531976e-06	6.275363e-02	2.839050e-01
9.767560217309997e-06	7.380340e-02	4.163263e-01
9.769564111830245e-06	8.112238e-02	5.050500e-01
9.771583166041792e-06	8.870937e-02	5.966914e-01
9.773600076285816e-06	9.583544e-02	6.811228e-01
9.775853640194869e-06	1.027612e-01	7.598151e-01
9.778199797707833e-06	1.084132e-01	8.185010e-01
9.780621207325322e-06	1.121916e-01	8.484854e-01
9.783824201901303e-06	1.143669e-01	8.461316e-01
9.787423005076850e-06	1.144711e-01	8.085128e-01
9.789349351122150e-06	1.139445e-01	7.795143e-01
9.791464833988290e-06	1.135298e-01	7.497996e-01
9.793865878251492e-06	1.140376e-01	7.302189e-01
9.796292506775785e-06	1.160675e-01	7.324722e-01
9.798601224631981e-06	1.198588e-01	7.616949e-01
9.801704581940047e-06	1.275557e-01	8.387823e-01
9.805163821892895e-06	1.383632e-01	9.569837e-01
9.807157198120602e-06	1.453377e-01	1.035788e+00
9.809167705906308e-06	1.525251e-01	1.117231e+00
9.811172716521322e-06	1.592951e-01	1.192328e+00
9.813430359753116e-06	1.660144e-01	1.263285e+00
9.815779717267924e-06	1.716567e-01	1.316945e+00
9.818187749253092e-06	1.756650e-01	1.345550e+00
9.821389436120423e-06	1.785298e-01	1.347102e+00
9.824980817827485e-06	1.796752e-01	1.318415e+00
9.826886066589233e-06	1.797450e-01	1.295421e+00
9.829096388418716e-06	1.799163e-01	1.270341e+00
9.831446901948825e-06	1.808860e-01	1.255583e+00
9.833944354346553e-06	1.832236e-01	1.259497e+00
9.836242538881967e-06	1.869425e-01	1.286467e+00
9.839381249824291e-06	1.942704e-01	1.356674e+00
9.842818282431350e-06	2.041830e-01	1.461441e+00
9.844803793523686e-06	2.105473e-01	1.531304e+00
9.846800795792116e-06	2.170768e-01	1.603334e+00
9.848784618796141e-06	2.232231e-01	1.669717e+00
9.851047992019300e-06	2.294530e-01	1.733712e+00
9.853400039087270e-06	2.347598e-01	1.782800e+00
9.855783131320171e-06	2.386131e-01	1.809920e+00
9.858980626105023e-06	2.416383e-01	1.814652e+00
9.862547576972585e-06	2.432053e-01	1.793471e+00
9.864409922472888e-06	2.435427e-01	1.775555e+00
9.866785009271615e-06	2.440117e-01	1.753663e+00
9.869044802320651e-06	2.450543e-01	1.742006e+00
9.871316672166057e-06	2.470737e-01	1.745003e+00
9.873614163202901e-06	2.503985e-01	1.767310e+00
9.876610677447317e-06	2.565587e-01	1.823678e+00
9.880044136511969e-06	2.653263e-01	1.913717e+00
9.882147193069856e-06	2.713502e-01	1.978548e+00
9.884032816621496e-06	2.769374e-01	2.039383e+00
9.885763260154262e-06	2.818798e-01	2.092407e+00
9.888063470921768e-06	2.878406e-01	2.153776e+00
9.890594860669641e-06	2.933786e-01	2.206093e+00
9.892941655802107e-06	2.972254e-01	2.235504e+00
9.896014037977572e-06	3.004235e-01	2.246905e+00
9.899415257125989e-06	3.023529e-01	2.235950e+00
9.901276939938794e-06	3.028671e-01	2.222158e+00
9.903206572881398e-06	3.032434e-01	2.205817e+00
9.905119769649277e-06	3.038490e-01	2.193326e+00
9.907378671646782e-06	3.051682e-01	2.187854e+00
9.909714071597311e-06	3.074510e-01	2.196132e+00
9.912116042853372e-06	3.110119e-01	2.222912e+00
9.915311065303313e-06	3.174184e-01	2.283564e+00
9.918926238071539e-06	3.260761e-01	2.373229e+00
9.920748705115168e-06	3.308087e-01	2.423904e+00
9.922881143566200e-06	3.363550e-01	2.483299e+00
9.925061831954308e-06	3.416423e-01	2.538296e+00
9.927337784605186e-06	3.464599e-01	2.585275e+00
9.929678252396496e-06	3.504247e-01	2.618922e+00
9.932353747036498e-06	3.536097e-01	2.637510e+00
9.935655527213085e-06	3.559951e-01	2.637803e+00
9.938306230689582e-06	3.570322e-01	2.625324e+00
9.940119065966472e-06	3.574664e-01	2.612958e+00
9.942133160820458e-06	3.580321e-01	2.600742e+00
9.944557139128691e-06	3.591977e-01	2.593571e+00
9.947084347685110e-06	3.612325e-01	2.598598e+00
9.949423202004882e-06	3.641342e-01	2.618651e+00
9.952526763067474e-06	3.694245e-01	2.666917e+00
9.955969009367186e-06	3.765374e-01	2.739119e+00
9.957982134533056e-06	3.811305e-01	2.787823e+00
9.959935534682838e-06	3.856849e-01	2.836543e+00
9.961838927374504e-06	3.899224e-01	2.881037e+00
9.964123003267866e-06	3.945053e-01	2.926976e+00
9.966481580585027e-06	3.984842e-01	2.963258e+00
9.968821359267938e-06	4.014541e-01	2.984835e+00
9.971967085889007e-06	4.040472e-01	2.993316e+00
9.975469408807912e-06	4.057231e-01	2.985156e+00
9.977250781460879e-06	4.062172e-01	2.975924e+00
9.979284280788724e-06	4.067037e-01	2.964509e+00
9.981361475775000e-06	4.074396e-01	2.956651e+00
9.983610452100845e-06	4.087390e-01	2.955885e+00
9.985933518881752e-06	4.108211e-01	2.966346e+00
9.988560379405847e-06	4.141918e-01	2.993532e+00
9.991838843614524e-06	4.196075e-01	3.045656e+00
9.994806164124485e-06	4.252867e-01	3.104517e+00
9.996557592434851e-06	4.288483e-01	3.142410e+00
9.998771695722130e-06	4.333387e-01	3.190160e+00
9.999999999999999e-06	4.357592e-01	3.215597e+00
